{"type":"FeatureCollection","features":[{"type":"Feature","geometry":{"type":"Point","coordinates":[-149.07281988136288,61.60874194733154]},"id":"globalwatershedpoint","properties":{}},{"type":"Feature","geometry":{"type":"Polygon","coordinates":[[[-149.12611817146455,61.681210258989104],[-149.1255510672408,61.68119058864854],[-149.1255093675977,61.681458117781915],[-149.1243751516537,61.68141876990858],[-149.12433344166521,61.6816862987103],[-149.12206499906,61.68160757487278],[-149.12210672831463,61.68134004674913],[-149.11927121517647,61.68124159140081],[-149.11922946183955,61.68150911867654],[-149.11866235653443,61.68148942058407],[-149.11862059766796,61.68175694769731],[-149.11805348825956,61.68173724715081],[-149.11801172386333,61.682004774101635],[-149.11744461035167,61.681985071100925],[-149.11736106978603,61.682520124684785],[-149.1167939473545,61.682500419060325],[-149.11662683839464,61.68357052563554],[-149.11605969740916,61.68355081704761],[-149.11589255776343,61.68462092305957],[-149.115325398223,61.68460121150793],[-149.11524181448308,61.685136264217846],[-149.11467464602165,61.68511655004209],[-149.1146328482634,61.68538407623809],[-149.1140656756984,61.6853643596078],[-149.11398206840488,61.68589941168199],[-149.11341488691872,61.685879692427356],[-149.11337307738316,61.68614721830542],[-149.1128058917934,61.68612749659624],[-149.11276407672594,61.68639502231181],[-149.11219688703267,61.686375298147965],[-149.1120714230908,61.68717787482856],[-149.11150421965817,61.6871581478702],[-149.11096040563217,61.69063597870484],[-149.11152767170606,61.69065570787262],[-149.11131850440188,61.691993336297905],[-149.11188579528695,61.69201306403055],[-149.1116766342133,61.693350693491205],[-149.1122439499117,61.693370419788536],[-149.1120766274681,61.694440524170965],[-149.11264396316162,61.69446024886302],[-149.1125184782856,61.69526282773823],[-149.11308582915504,61.69528255065485],[-149.1130021786388,61.6958176036158],[-149.1135695398642,61.69583732458685],[-149.11348589613095,61.696372377917754],[-149.1140532677125,61.696392096943256],[-149.11396963076285,61.69692715064423],[-149.11453701270096,61.696946867724094],[-149.11449519797543,61.69721439475576],[-149.11506258544918,61.69723410972007],[-149.11497896349712,61.69776916414601],[-149.11554636132786,61.69778887716459],[-149.1154627461609,61.69832393196054],[-149.11603015434895,61.69834364303327],[-149.1159465459676,61.698878698199394],[-149.11651396451327,61.69889840732627],[-149.1164303629181,61.69943346286263],[-149.11699779182175,61.69945317004354],[-149.11691419701327,61.699988225950044],[-149.1174816362752,61.70000793118494],[-149.117356253172,61.70081051561158],[-149.11792370761484,61.700830219070276],[-149.11784012495306,61.70136527573262],[-149.11840758975492,61.7013849772451],[-149.11824043515162,61.70245509134145],[-149.11880791995853,61.70247479124723],[-149.1185989847503,61.70381243489023],[-149.118031475828,61.70379273413525],[-149.11778070106791,61.7053979057433],[-149.1172131639188,61.70537820168308],[-149.11717136080136,61.70564573014178],[-149.11660381954292,61.70562602362551],[-149.11652020151675,61.70616108022643],[-149.1159526513251,61.70614137108414],[-149.11586902079236,61.706676427376316],[-149.11530146166734,61.70665671560808],[-149.11525964050472,61.70692424359585],[-149.11469207727038,61.70690452937133],[-149.11460842315213,61.70743958503038],[-149.1140408509842,61.707419868179755],[-149.1139990180283,61.707687395850954],[-149.11343144175106,61.707667676543956],[-149.11338960325568,61.707935204052994],[-149.11282202286918,61.70791548228962],[-149.11278017883416,61.70818300963658],[-149.1122125943384,61.70816328541682],[-149.11217074476357,61.70843081260141],[-149.11160315615862,61.708411085925235],[-149.11156130104382,61.70867861294752],[-149.1109937083297,61.70865888381502],[-149.11095184767478,61.70892641067502],[-149.11038425085152,61.708906679086],[-149.1103423846563,61.70917420578374],[-149.10920718350732,61.70913473540622],[-149.1091653069469,61.7094022617714],[-149.1085977026213,61.70938252298284],[-149.10855582052017,61.70965004918572],[-149.10742060436715,61.70961056440902],[-149.10737871190028,61.709878090279226],[-149.106811100073,61.70985834429105],[-149.10676920206504,61.710125869998805],[-149.10620158612903,61.710106121553935],[-149.10615968257983,61.71037364709918],[-149.10559206253512,61.710353896197525],[-149.1055501534445,61.71062142158039],[-149.10441490585418,61.710581912577155],[-149.1043729863969,61.71084943762711],[-149.10380535885145,61.71082967952538],[-149.10372150813663,61.71136472930805],[-149.1031538716574,61.71134496857913],[-149.1031119403996,61.71161249331188],[-149.10254429981185,61.71159273012594],[-149.10246042549488,61.712127779274084],[-149.1018927759732,61.7121080134608],[-149.10185083291375,61.71237553787618],[-149.10128317928354,61.71235576960583],[-149.10119928136228,61.71289081811938],[-149.1006316187979,61.71287104722146],[-149.1005477083565,61.713406095425405],[-149.0999800368578,61.71338632189989],[-149.09989611389543,61.7139213697943],[-149.09932843346223,61.71390159364096],[-149.09920252915984,61.714704165030255],[-149.0986348349658,61.714684386078574],[-149.09855088552402,61.715219433369754],[-149.09798318239496,61.71519965179005],[-149.0978992204297,61.71573469877175],[-149.0973315083655,61.715714914564046],[-149.097247533876,61.71624996123611],[-149.0966798128765,61.716230174400344],[-149.09655383127776,61.717032743956025],[-149.09598609651587,61.71701295432127],[-149.09586009397398,61.71781552343652],[-149.0952923454492,61.71779573100273],[-149.09512431269673,61.718865822585016],[-149.0956920805306,61.71888561570171],[-149.09548204756624,61.720223231213126],[-149.09604984025665,61.72024302289636],[-149.09583981347478,61.721580639462076],[-149.09640763102394,61.721600429711884],[-149.0962816208203,61.72240300026021],[-149.09684945357301,61.72242278873492],[-149.09663944634454,61.723760407330914],[-149.0972073039594,61.72378019437179],[-149.09653523741528,61.72806057797905],[-149.09596730252616,61.72804078820621],[-149.095252948149,61.73258869519308],[-149.09582096516496,61.73260848786957],[-149.09561084555946,61.73394610888252],[-149.0961788874538,61.73396590012502],[-149.0960528215602,61.73476847334567],[-149.09662087867014,61.73478826281252],[-149.09653684081152,61.735323312009854],[-149.0959687740367,61.735303522201356],[-149.09571661421103,61.736908668970166],[-149.09514851915853,61.73688887584834],[-149.09506445046495,61.737423924496994],[-149.0944963464654,61.73740412874501],[-149.0944122652287,61.73793917708561],[-149.09384415228197,61.73791937870349],[-149.09376005850135,61.73845442673606],[-149.09319193660727,61.73843462572359],[-149.09251900541,61.74271500847265],[-149.09308720464966,61.742734812220725],[-149.09296102404335,61.74353738474253],[-149.09352923850741,61.743557186714774],[-149.09331894727768,61.74489480861121],[-149.09388718663763,61.74491460914953],[-149.09376101776948,61.74571718290389],[-149.09432927235588,61.74573698166611],[-149.09420311151757,61.74653955601124],[-149.0947713813312,61.74655935299743],[-149.09472933111505,61.74682687796736],[-149.0952976064843,61.7468466728355],[-149.09521351356537,61.747381723143455],[-149.09578179932657,61.747401516064265],[-149.095739756624,61.747669041402254],[-149.09630804794102,61.74768883220489],[-149.0962660093553,61.747956357722465],[-149.09683430622823,61.74797614640696],[-149.09679227175954,61.7482436721042],[-149.09736057418837,61.74826345867029],[-149.09731854383685,61.74853098454708],[-149.0978868518216,61.748550768994924],[-149.0977187425692,61.74962087327313],[-149.09715041523717,61.74960108814182],[-149.09673004337571,61.75227634774271],[-149.09616166838933,61.75225655861269],[-149.09586733140424,61.75412923966124],[-149.09643574025716,61.7541490299878],[-149.09626755121275,61.755219134322864],[-149.09683598013956,61.75523892304367],[-149.09670984531482,61.75604150190128],[-149.0972782894779,61.75606128884514],[-149.0972362479358,61.75632881531978],[-149.09780469765764,61.756348600144854],[-149.0977206220925,61.75688365346277],[-149.09828908221232,61.75690343633991],[-149.09824704818956,61.75717096318319],[-149.09881551386826,61.75719074394146],[-149.09877348396526,61.757458270964605],[-149.0993419552029,61.75747804960374],[-149.09929992941989,61.75774557680684],[-149.0998684062165,61.757765353327024],[-149.09982638455358,61.758032880709834],[-149.10039486690923,61.75805265511107],[-149.10035284936657,61.75832018267377],[-149.10148982591525,61.75835972494787],[-149.10144781733285,61.75862725286124],[-149.10201631152583,61.75864702073418],[-149.10197430706413,61.75891454882733],[-149.10254280681622,61.758934314581104],[-149.10241680363643,61.75973689942714],[-149.10184828936409,61.75971713316102],[-149.10180628202568,61.759984661290254],[-149.09953221276825,61.75990557264176],[-149.09949018534945,61.760173100096644],[-149.09892166499353,61.76015332203847],[-149.09887963201479,61.760420849331474],[-149.09774258378135,61.76038128600291],[-149.0977005404022,61.76064881296311],[-149.09713201252484,61.760629027692715],[-149.09708996358538,61.76089655449091],[-149.0959529003097,61.76085697673786],[-149.0959108409693,61.76112450320309],[-149.0953423055711,61.76110471072035],[-149.09530024067007,61.76137223702363],[-149.0941631623534,61.7613326448455],[-149.09412108705087,61.761600170815676],[-149.0935525441325,61.76158037112037],[-149.0935104632689,61.761847896928494],[-149.09294191623042,61.76182809477181],[-149.0928998298056,61.76209562041784],[-149.09233127864698,61.76207581579987],[-149.09228918666076,61.76234334128374],[-149.09001496987125,61.76226409922534],[-149.089972857801,61.76253162403345],[-149.0882671882573,61.7624721679287],[-149.0882250609435,61.762739692232145],[-149.08708794183917,61.76270004303535],[-149.08704580412228,61.76296756700507],[-149.0859086782223,61.76292790830476],[-149.08586653010204,61.76319543194089],[-149.08529796339363,61.763175598983885],[-149.0852558097107,61.76344312245758],[-149.0846872388831,61.76342328703902],[-149.08464507963737,61.76369081035037],[-149.08407650469061,61.76367097247012],[-149.08399217435112,61.76420601877698],[-149.08342359044414,61.76418617826358],[-149.08329707499578,61.76498874727733],[-149.08272847728693,61.764968903958994],[-149.08260194081458,61.76577147253994],[-149.08203332930339,61.76575162641674],[-149.08199114419298,61.76601914912362],[-149.07857946124855,61.76590002325653],[-149.0785372463655,61.7661675449429],[-149.07569417291555,61.76606820954235],[-149.0756519331011,61.76633573037922],[-149.07394608318532,61.76627610113861],[-149.0739038281224,61.7665436214691],[-149.07219797019388,61.76648397109936],[-149.0721556998822,61.76675149092339],[-149.07101845519884,61.76671171221432],[-149.07097617447977,61.76697923170355],[-149.07040754838232,61.7669593387414],[-149.07036526209737,61.767226858067765],[-149.0697966318823,61.767206962643186],[-149.06975434003132,61.76747448180671],[-149.06918570569857,61.76745458391975],[-149.0691434082814,61.76772210292022],[-149.06857476983106,61.76770220257086],[-149.06840555355026,61.76877227797551],[-149.06897421136915,61.76879217901297],[-149.06884730607865,61.769594736178],[-149.0682786337325,61.769574834624336],[-149.06823632567747,61.76984235352553],[-149.06766764921332,61.7698224495092],[-149.0675830212442,61.77035748699479],[-149.06815170739372,61.77037739135515],[-149.06806708621153,61.770912429221305],[-149.06863578277145,61.77093233163507],[-149.06859347593638,61.77119985075401],[-149.06916217806386,61.77121975104917],[-149.06911987534733,61.77148727034912],[-149.06968858304242,61.77150716852556],[-149.0696039851222,61.77204220749703],[-149.07017270322825,61.772062103726725],[-149.07004581544476,61.77286466276891],[-149.07061454880562,61.77288455722367],[-149.07044537432697,61.77395463676336],[-149.07101412778735,61.77397452961528],[-149.07092954588953,61.77450956978447],[-149.07036078274106,61.774489676588544],[-149.0703184858614,61.774757196515004],[-149.0697497185933,61.774737300856046],[-149.06970741614492,61.77500482061973],[-149.06856987409412,61.77496502208478],[-149.0685275612326,61.7752325415135],[-149.06795878645005,61.77521263863753],[-149.06791646801943,61.775480157903324],[-149.06734768911747,61.775460252564145],[-149.06726304039267,61.77599529077948],[-149.06669425252682,61.77597538280501],[-149.0666519222324,61.7762429017544],[-149.0660831302471,61.776222991316615],[-149.06587144367435,61.77756058534199],[-149.06530262819052,61.77754067175216],[-149.06521793879455,61.77807570908292],[-149.06464911434605,61.778055792857366],[-149.06452206027592,61.77885834840657],[-149.0639532220173,61.778838429373096],[-149.06386850598543,61.77937346610787],[-149.06329965876165,61.779353544438635],[-149.0632149301361,61.77988858086619],[-149.06264607394698,61.77986865656102],[-149.06256133272691,61.78040369268119],[-149.0619924675723,61.78038376573999],[-149.06182295703766,61.78145383740325],[-149.06125407322543,61.781433907481244],[-149.0610421444895,61.7827714964092],[-149.06047323717212,61.78275156333371],[-149.0603460566763,61.78355411628597],[-149.0597771355455,61.783534180401666],[-149.05973473574744,61.783801697898724],[-149.05916581049638,61.78378175955035],[-149.0591234051251,61.78404927688444],[-149.05798554710913,61.784009392967896],[-149.0579431313176,61.7842769099663],[-149.0568052665149,61.78423701653814],[-149.05676284030284,61.78450453320098],[-149.05562496871408,61.78446463026106],[-149.0555825320812,61.784732146588226],[-149.0550135925305,61.78471219150818],[-149.05497115032352,61.78497970767206],[-149.05440220665307,61.78495975012773],[-149.0543597588718,61.7852272661284],[-149.0537908110816,61.78520730611975],[-149.05370590364282,61.78574233780404],[-149.05313694688573,61.78572237515835],[-149.05300956572975,61.78652492223761],[-149.05244059515817,61.78650495678192],[-149.05218578411512,61.7881100501592],[-149.05275478377288,61.78813001665114],[-149.05271231756663,61.788397532419786],[-149.05328132280005,61.788417496792576],[-149.0532388607142,61.78868501274352],[-149.05380787152333,61.78870497499694],[-149.05376541355804,61.78897249113015],[-149.05433442994294,61.78899245126426],[-149.0542919760983,61.789259967579625],[-149.05486099805904,61.7892799255945],[-149.05477609788414,61.78981495859917],[-149.0553451302692,61.78983491466732],[-149.05521778909676,61.79063746476361],[-149.05578683675517,61.790657419057695],[-149.0557443930917,61.79092493594829],[-149.05631344632633,61.7909448881228],[-149.0562710067844,61.79121240519547],[-149.05570194870083,61.79119245284837],[-149.05540481759664,61.793065071417615],[-149.05597390962507,61.79308502497324],[-149.0558890181757,61.79362005928199],[-149.05645812063088,61.79364001089061],[-149.05641567866476,61.7939075282321],[-149.05698478669717,61.793927477721],[-149.0569423488535,61.79419499524472],[-149.05751146246314,61.79421494261393],[-149.0574265942938,61.794749978035625],[-149.05799571833074,61.794769923457615],[-149.0579532880053,61.79503744135557],[-149.05852241761968,61.7950573846577],[-149.05843756448758,61.795592420827724],[-149.0590067045298,61.79561236218254],[-149.0589642817234,61.795879880454684],[-149.05953342734318,61.79589981968953],[-149.0594910086602,61.79616733814404],[-149.06006015985758,61.79618727525882],[-149.0597208230251,61.79832742462492],[-149.0591516330202,61.79830748612965],[-149.0591092077929,61.79857500467169],[-149.05854001366396,61.79855506371121],[-149.05849758285805,61.79882258209038],[-149.05792838460508,61.79880263866456],[-149.0578859482204,61.79907015688099],[-149.05731674584342,61.79905021098973],[-149.0572743038798,61.79931772904338],[-149.0561358916056,61.799277830037255],[-149.05609343921134,61.79954534775533],[-149.05552422931422,61.799525394640426],[-149.05548177134062,61.79979291219554],[-149.05491255731974,61.79977295661518],[-149.05487009376665,61.8000404740074],[-149.054300875622,61.80002051596149],[-149.05425840648928,61.8002880331907],[-149.05368918422093,61.80026807267929],[-149.05364670950834,61.80053558974555],[-149.05307748311637,61.80051562676841],[-149.0530350028238,61.80078314367175],[-149.05246577230818,61.80076317822902],[-149.0523807998344,61.80129821171922],[-149.0518115603432,61.80127824363802],[-149.05176906816172,61.801545760225075],[-149.05119982454693,61.80152578967806],[-149.05111482829423,61.80206082253581],[-149.04940707270853,61.80200089610004],[-149.04936455893255,61.80226841202493],[-149.04879530367597,61.802248431787646],[-149.04875278431888,61.80251594754923],[-149.0481835249389,61.80249596484601],[-149.04814100000047,61.802763480444575],[-149.0475717364972,61.802743495275315],[-149.04752920597733,61.80301101071072],[-149.04695993835074,61.80299102307551],[-149.04691740224922,61.80325853834771],[-149.04634813049938,61.803238548246426],[-149.04630558881607,61.80350606335539],[-149.045736312943,61.80348607078805],[-149.04569376567773,61.80375358573375],[-149.0451244856815,61.803733590700375],[-149.0450819328341,61.80400110548285],[-149.043943365325,61.8039611081907],[-149.04390080204254,61.804228622636785],[-149.0433315145298,61.80420862037801],[-149.04328894566484,61.80447613466073],[-149.04271965402916,61.80445612993577],[-149.0426770795815,61.80472364405511],[-149.04153848879423,61.804683627379426],[-149.04149590391083,61.80495114116226],[-149.0403573063382,61.804911114967865],[-149.0403147110188,61.805178628413906],[-149.03860680557835,61.8051185714042],[-149.03856419496967,61.80538608434029],[-149.0368562815453,61.80532600617257],[-149.03681365564702,61.8055935185983],[-149.03624434778078,61.80557348778275],[-149.0360311830604,61.806911049191996],[-149.03716984805612,61.806951110263995],[-149.03712722262608,61.80721862292227],[-149.03826590025218,61.80725867516816],[-149.0382232837985,61.807526188183],[-149.03879262856125,61.80754621103946],[-149.03875001623055,61.807813724237604],[-149.03988871765537,61.807853763417235],[-149.0398035102175,61.80838879053661],[-149.04037287173344,61.80840880703308],[-149.04033027177275,61.808676320780854],[-149.04089963887316,61.80869633515741],[-149.04085704303617,61.80896384908843],[-149.04142641572108,61.80898386134478],[-149.04134123156433,61.80951888958331],[-149.04191061468813,61.80953889989276],[-149.0417828475388,61.81034144284497],[-149.04235224595638,61.8103614513808],[-149.04230966030067,61.81062896589145],[-149.04287906430315,61.81064897230698],[-149.04283648277195,61.81091648700082],[-149.04340589235943,61.810936491296054],[-149.04336331495287,61.811204006173085],[-149.04393273012536,61.81122400834798],[-149.04389015684364,61.81149152340828],[-149.04445957760115,61.81151152346274],[-149.04441700844444,61.81177903870626],[-149.04498643478703,61.81179903664033],[-149.04494386975549,61.812066552067016],[-149.04608273434073,61.812106541400546],[-149.04604017828984,61.81237405718361],[-149.04660961653246,61.81239404858304],[-149.04652451195213,61.812929080525485],[-149.0459550639986,61.81290908877981],[-149.04591250575825,61.81317660459305],[-149.04534305367903,61.81315661038046],[-149.04530048985322,61.81342412603064],[-149.0447310336483,61.813404129351134],[-149.04451817929026,61.81474170688702],[-149.04394869953626,61.81472170704775],[-149.04390612161828,61.814989222412024],[-149.04333663773838,61.81496922010579],[-149.04329405423405,61.815236735306875],[-149.04272456622834,61.81521673053342],[-149.04255420548208,61.81628679074595],[-149.0419846987816,61.81626678298557],[-149.0419421019123,61.81653429789064],[-149.0413725910859,61.81651428766297],[-149.04132998862946,61.81678180240498],[-149.0401909594556,61.81674177472109],[-149.04014834655518,61.81700928912648],[-149.03957882820788,61.81698927167017],[-149.03953620971993,61.81725678591231],[-149.038397165505,61.81721674377106],[-149.03835453657257,61.817484257676526],[-149.03778501070505,61.817464232991426],[-149.03774237618467,61.81773174673352],[-149.03717284619162,61.817711719581],[-149.03704492367206,61.81851426034776],[-149.03761446823594,61.818534288020665],[-149.0374439140658,61.819604343212546],[-149.03801347879002,61.81962436928526],[-149.03788557005544,61.82042691130642],[-149.03845515008365,61.820446935605496],[-149.0384125172338,61.82071444980642],[-149.038982102851,61.82073447198458],[-149.03889684467316,61.821269500764046],[-149.03946644073733,61.821289520994824],[-149.03938118935056,61.82182455016218],[-149.03995079586204,61.82184456844545],[-149.03956717215104,61.824252201767166],[-149.0401368231205,61.824272219316995],[-149.04005157508112,61.824807249404174],[-149.04062123649982,61.824827265006235],[-149.0405359952538,61.825362295481575],[-149.04110566712205,61.82538230913602],[-149.04102043266988,61.82591733999958],[-149.04045075108291,61.82589732599831],[-149.0404081279006,61.82616484127225],[-149.0398384421854,61.82614482480296],[-149.0397958134123,61.82641233991376],[-149.0392261235689,61.82639232097633],[-149.03918348920482,61.82665983592406],[-149.0386137952333,61.82663981451853],[-149.03857115527808,61.82690732930308],[-149.03800145717844,61.82688730542935],[-149.0379588116319,61.8271548200508],[-149.03738910940422,61.82713479370881],[-149.0373464582662,61.82740230816709],[-149.0367767519105,61.82738227935685],[-149.03669143771936,61.827917307957414],[-149.0361217223757,61.8278972765052],[-149.03603639553688,61.82843230480017],[-149.0354666712051,61.82841227070598],[-149.03525331699595,61.82974984075731],[-149.0346835690948,61.829729803500165],[-149.03459821256476,61.83026483124636],[-149.03402845567473,61.830244791346956],[-149.033943086494,61.830779818787505],[-149.0333733206149,61.83075977624578],[-149.03320255402028,61.83182983055748],[-149.03377233934322,61.831849873793985],[-149.0336869613729,61.83238490136002],[-149.03425675715079,61.8324049426489],[-149.03421407192818,61.832672456621395],[-149.03478387329994,61.83269249578886],[-149.03469851038025,61.83322752411261],[-149.03526832220743,61.833247561332264],[-149.03518296608138,61.83378259004542],[-149.0357527883643,61.83380262531727],[-149.035624763268,61.834605168986876],[-149.036194600869,61.83462520248447],[-149.0361092568673,61.83516023199763],[-149.03667910492487,61.835180263547244],[-149.0363377385244,61.83732038341191],[-149.03690762621486,61.83734041405533],[-149.03677961631996,61.8381429597006],[-149.0373495193319,61.83816298856937],[-149.03722151743568,61.83896553483131],[-149.03779143576986,61.83898556192534],[-149.03774877186999,61.83925307754096],[-149.03831869579992,61.83927310251309],[-149.03823337553055,61.83980813412357],[-149.03880330991998,61.83982815714722],[-149.03871799644935,61.84036318914762],[-149.0392879412986,61.84038321022279],[-149.03920263462723,61.84091824261324],[-149.0397725899366,61.840938261739794],[-149.03972994036687,61.84120577812472],[-149.04029990127245,61.8412257951291],[-149.0402572558349,61.84149331169821],[-149.04082722233667,61.84151332658037],[-149.0407419389943,61.84204836009804],[-149.04131191595684,61.84206837303149],[-149.04126927805223,61.842335889979914],[-149.0418392606112,61.84235590079098],[-149.04179662683933,61.84262341792374],[-149.04236661499476,61.84264342661238],[-149.04232398535578,61.842910943929496],[-149.0428939791077,61.84293095049566],[-149.04276610039483,61.84373350303221],[-149.0421960920482,61.84371349594544],[-149.042153459482,61.84398101330571],[-149.0415834470021,61.843961003749556],[-149.04154080883896,61.84422852094712],[-149.04097079222586,61.84420850892139],[-149.0408855039732,61.844743543001925],[-149.04031547836166,61.84472352833309],[-149.0402728282719,61.84499104521605],[-149.0397027985272,61.84497102807762],[-149.03966014283986,61.84523854479774],[-149.039090108962,61.84521852518969],[-149.03904744767686,61.84548604174705],[-149.03847740966592,61.84546601966925],[-149.0384347427829,61.84573353606385],[-149.0378647006389,61.84571351151629],[-149.0377793549441,61.84624854399067],[-149.03720930380138,61.846228516799634],[-149.03712394544462,61.84676354897003],[-149.03655388530302,61.84674351913548],[-149.03638314033273,61.8478135829118],[-149.03695321993843,61.84783361344132],[-149.0366971096951,61.84943871047469],[-149.03726721923232,61.849458739750204],[-149.0371818530218,61.84999377252945],[-149.03775197302542,61.8500137998559],[-149.0375385690092,61.851351382864145],[-149.03696842467008,61.851331354669036],[-149.0367976687957,61.85240142057824],[-149.0373678326047,61.85242144946833],[-149.03732514667126,61.85268896614686],[-149.03789531608086,61.852708992914046],[-149.03785263428225,61.85297650977728],[-149.03842280929254,61.852996534421536],[-149.03838013162888,61.85326405146948],[-149.03895031223988,61.8532840739908],[-149.03890763871138,61.85355159122357],[-149.03947782492313,61.85357161162188],[-149.0394351555299,61.85383912903922],[-149.04000534734246,61.8538591473145],[-149.03992001609436,61.85439418252982],[-149.040490218376,61.8544141988557],[-149.04036223061416,61.855216752282615],[-149.04093244823378,61.855236766832576],[-149.04080446848434,61.85603932088028],[-149.04137470144272,61.856059333654315],[-149.04128938768463,61.85659437008882],[-149.04185963111343,61.85661438091324],[-149.04181697800465,61.85688189932078],[-149.04238722703502,61.856901908021854],[-149.04230192835837,61.85743694521764],[-149.04287218785964,61.85745695196894],[-149.04270160119466,61.85852702718884],[-149.04327188090636,61.85854703233731],[-149.04310130200153,61.85961710843042],[-149.04253100281048,61.85959710258751],[-149.04248835138318,61.85986462146525],[-149.0419180480546,61.85984461315156],[-149.04183273326203,61.860379650593266],[-149.04126242092582,61.86035963963512],[-149.04066506712,61.86410490055593],[-149.04123544764732,61.864124913945496],[-149.04115010940532,61.86465995174788],[-149.0417205004086,61.86467996318731],[-149.04167783505972,61.864947482279135],[-149.04224823166746,61.864967491594655],[-149.04216290851454,61.86550253015966],[-149.0427333155986,61.865522537525024],[-149.0426906577948,61.8657900569982],[-149.0432610704835,61.865810062239554],[-149.0432184168189,61.86607758189776],[-149.04378883511234,61.866097585015076],[-149.04374618558705,61.86636510485829],[-149.0443166094853,61.866385105851606],[-149.04427396409952,61.86665262587975],[-149.04484439360255,61.86667262474901],[-149.04480175235648,61.86694014496219],[-149.04537218746435,61.86696014170731],[-149.0453295503581,61.86722766210539],[-149.04589999107085,61.867247656726335],[-149.04585735810466,61.86751517730942],[-149.04642780442228,61.867535169806104],[-149.04634254603795,61.86807021135372],[-149.0469130028332,61.86809020189977],[-149.0467851243825,61.86889276482753],[-149.0473555965287,61.868912753596206],[-149.04718510116766,61.869982838354595],[-149.04775559353888,61.87000282551942],[-149.04767035121134,61.87053786831455],[-149.0482408540617,61.87055785352841],[-149.0481556185523,61.87109289671651],[-149.04872613188218,61.87111287997939],[-149.04864090319137,61.871647923560616],[-149.0492114270011,61.871667904872346],[-149.0490835930955,61.87247047085118],[-149.04851305466372,61.87245048901901],[-149.04842781865074,61.8729855327157],[-149.04785727120273,61.87296554823839],[-149.04781464722348,61.87323306993053],[-149.0483851995458,61.873253054581454],[-149.0482573378371,61.87405562024801],[-149.04882790551537,61.874075603121284],[-149.0487852883558,61.87434312520681],[-149.04935586164106,61.87436310595516],[-149.04927063487466,61.874898150508095],[-149.04984121864186,61.87491812930519],[-149.0497559986965,61.875453174251575],[-149.05032659294596,61.87547315109718],[-149.0502413798222,61.876008196437056],[-149.05081198455423,61.87602817133128],[-149.05076938176947,61.87629569419218],[-149.05133999210895,61.876315666961375],[-149.0512973934675,61.87658319000734],[-149.05186800941448,61.876603160651406],[-149.0518254149166,61.87687068388256],[-149.05239603647112,61.876890652401585],[-149.0523534461169,61.8771581758178],[-149.05292407327897,61.877178142211676],[-149.0528814870686,61.87744566581292],[-149.05345211983828,61.87746563008177],[-149.05340953777193,61.877733153868135],[-149.05398017614925,61.87775311601174],[-149.0539375982271,61.8780206399831],[-149.05450824221208,61.878040600001505],[-149.0544656684343,61.87830812415804],[-149.0556069683513,61.87834803764553],[-149.0555644035942,61.87861556216042],[-149.05613505952616,61.87863551562957],[-149.0560924989138,61.878903040329426],[-149.05666316045352,61.87892299167318],[-149.05662060398615,61.879190516558054],[-149.0571912711336,61.87921046577634],[-149.05714871881133,61.87947799084629],[-149.05771939156662,61.87949793793921],[-149.05767684338963,61.87976546319417],[-149.05824752175272,61.87978540816157],[-149.0582049777212,61.880052933601554],[-149.05877566169218,61.88007287644335],[-149.05873312180626,61.880340402068384],[-149.05930381138515,61.88036034278458],[-149.059261275645,61.880627868594644],[-149.05983197083185,61.880647807185234],[-149.05974690691244,61.88118285918702],[-149.06031761258438,61.881202795825125],[-149.06027508440536,61.881470322016945],[-149.06084579568545,61.88149025652931],[-149.06080327165273,61.881757782906135],[-149.06023255549536,61.88173784822057],[-149.06014749548248,61.882272900663466],[-149.06071822139467,61.88229283569532],[-149.06059064052562,61.883095414968054],[-149.05944916016662,61.883055541566456],[-149.0594066219928,61.88332306766812],[-149.05769439230488,61.883263239803526],[-149.05765183876645,61.88353076539734],[-149.055939601028,61.88347091632194],[-149.05589703212465,61.883738441407765],[-149.0547555342017,61.88369853018239],[-149.0547129548109,61.88396605493351],[-149.0518591984235,61.88386623577035],[-149.05181659391138,61.884133759666184],[-149.0495335824711,61.88405386225934],[-149.04949095771514,61.884321385473015],[-149.04834944663486,61.88428142262826],[-149.0483068113904,61.88454894550668],[-149.0477360520716,61.884528960462205],[-149.0476507696281,61.88506400590745],[-149.04650923367745,61.88502402822685],[-149.04646658160004,61.885291550619925],[-149.0453250388258,61.88525156339569],[-149.0452823762589,61.88551908545328],[-149.0429992799986,61.885439082720715],[-149.04295659718568,61.88570660409532],[-149.04067349315173,61.885626563882106],[-149.04063079009237,61.885894084573195],[-149.0400600110406,61.88587406859822],[-149.04001730236897,61.88614158912726],[-149.0394465191731,61.88612157067938],[-149.0394038048891,61.88638909104635],[-149.03883301754922,61.88636907012539],[-149.03879029765258,61.88663659033036],[-149.0382195061687,61.88661656693625],[-149.0381767806593,61.88688408697909],[-149.03760598503146,61.886864061111964],[-149.03756325390916,61.88713158099271],[-149.0358508567978,61.88707148907416],[-149.0358081103054,61.88733900844478],[-149.03523730785926,61.88731897303284],[-149.0351945557535,61.88758649224117],[-149.0346237491637,61.88756645435609],[-149.03453823298997,61.888101492460144],[-149.03396741737794,61.88808145192766],[-149.0338818885064,61.88861648973108],[-149.03274023997258,61.88857640107163],[-149.0325263561373,61.88991399404675],[-149.03195550857808,61.88989394539728],[-149.03157042742473,61.89230161193562],[-149.0309995366845,61.89228155941867],[-149.03087114841824,61.89308411462392],[-149.0303002437735,61.89306405928462],[-149.03021463815637,61.8935990957994],[-149.02964372448696,61.89357903781197],[-149.02938686068876,61.8951841465986],[-149.02881591847182,61.89516408526558],[-149.02868746199226,61.89596663929809],[-149.0281165058687,61.895946575142226],[-149.02807368068855,61.89621409300281],[-149.02750272042022,61.896194026372704],[-149.02745988962255,61.89646154407096],[-149.0268889252095,61.89644147496661],[-149.02684608879412,61.89670899250248],[-149.02627512023645,61.896688920923985],[-149.02623227820314,61.89695643829737],[-149.0250903335353,61.896916287891834],[-149.0250474810026,61.8971838049284],[-149.02447650489256,61.89716372610142],[-149.02443364674158,61.8974312429755],[-149.0238626664871,61.89741116167403],[-149.02381980271767,61.89767867838567],[-149.0232488183188,61.89765859460983],[-149.02320594893078,61.89792611115888],[-149.0226349603875,61.897906024908586],[-149.0225920853807,61.89817354129516],[-149.0220210926931,61.89815345257031],[-149.02197821206735,61.898420968794376],[-149.02140721523548,61.8984008775951],[-149.0213643289906,61.898668393656536],[-149.01965132827493,61.898608105734766],[-149.01960842664727,61.898875621284446],[-149.01732441649472,61.898795204490554],[-149.01728149460212,61.899062719353275],[-149.01214247100947,61.89888164544689],[-149.01218543683714,61.898614132157995],[-149.01161444279043,61.89859400151033],[-149.0117003819922,61.89805897531859],[-149.01112939844725,61.89803884272094],[-149.01117237182115,61.897771329818056],[-149.01060139389645,61.89775119509562],[-149.0106443714126,61.8974836823797],[-149.0100733991081,61.897463545532375],[-149.0101163807664,61.89719603300358],[-149.00954541408206,61.897175894031484],[-149.00963138494336,61.89664086935957],[-149.00906042876005,61.89662072843788],[-149.00910341796288,61.89635321629487],[-149.0079615175755,61.8963129279023],[-149.00800451580054,61.8960454161215],[-149.0062916854067,61.895984966810076],[-149.00633469753416,61.8957174555665],[-149.00519282406367,61.89567714487747],[-149.00523584521247,61.895409633996074],[-149.00409398446163,61.89536931445894],[-149.0041370146314,61.89510180393984],[-149.00128240010463,61.8950009657298],[-149.0013254539354,61.894733456098876],[-148.9961872383506,61.8945518040264],[-148.99623033536082,61.894284295985855],[-148.99451762480675,61.89422370443006],[-148.99456073571528,61.893956196927846],[-148.99284804647124,61.89389558520332],[-148.99289117127745,61.89362807823966],[-148.9917493919143,61.89358765927732],[-148.99179252573805,61.893320152676694],[-148.99122164204832,61.89329993992202],[-148.99126478000986,61.89303243350877],[-148.9906939019411,61.89301221863032],[-148.99073704404032,61.89274471240452],[-148.99016617159253,61.89272449540232],[-148.99020931782923,61.892456989363936],[-148.98963845100238,61.89243677023816],[-148.9896816013764,61.89216926438726],[-148.98911074017042,61.89214904313776],[-148.98915389468158,61.89188153747429],[-148.9885830390965,61.89186131410133],[-148.98862619774462,61.891593808625224],[-148.98805534778037,61.891573583128704],[-148.98809851056532,61.89130607784001],[-148.9875276662218,61.89128585021999],[-148.98757083314342,61.89101834511883],[-148.9869999944207,61.89099811537532],[-148.98704316547875,61.890730610461574],[-148.98647233237674,61.890710378594704],[-148.9865155075711,61.89044287386848],[-148.9853738533507,61.8904024035887],[-148.98541703755959,61.89013489922576],[-148.9848462164412,61.890114660812976],[-148.98488940478597,61.88984715663753],[-148.98431858928825,61.88982691610148],[-148.98436178176874,61.889559412113584],[-148.98379097189166,61.88953916945422],[-148.98383416850768,61.88927166565381],[-148.98326336425117,61.88925142087135],[-148.9833065650026,61.888983917258436],[-148.9827357663666,61.88896367035279],[-148.98277897125325,61.88869616692741],[-148.98220817823778,61.88867591789869],[-148.98225138725948,61.888408414660866],[-148.9811098132123,61.88836791005815],[-148.9811530312465,61.88810040718384],[-148.98058225021478,61.88808015160996],[-148.98062547238362,61.88781264892321],[-148.97948392230415,61.88777213123059],[-148.9795271534848,61.887504628907394],[-148.9778148485712,61.8874438356548],[-148.97785809364055,61.887176333871246],[-148.9732920189347,61.88701411878915],[-148.97324873484808,61.88728161916357],[-148.9721072138557,61.887241042052175],[-148.9720639192708,61.887508542085506],[-148.9709223915009,61.88746795542608],[-148.9708790864174,61.88773545511845],[-148.96973755187062,61.88769485891096],[-148.9696942362883,61.88796235826226],[-148.96798192542082,61.88790144618036],[-148.96793859446214,61.88816894501399],[-148.96679704785328,61.88812832511217],[-148.96675370639514,61.88839582360445],[-148.9661829293309,61.8883755100287],[-148.9661395822504,61.88864300835603],[-148.96556880105393,61.88862269230498],[-148.96552544835086,61.888890190467265],[-148.96495466302218,61.888869871940756],[-148.96491130469644,61.889137369938126],[-148.96319893855014,61.889076400035314],[-148.9632423115082,61.88880890256769],[-148.9592468507403,61.888666560235116],[-148.959333662701,61.88813156780736],[-148.95876289532947,61.888111224346346],[-148.95880630506767,61.88784372832644],[-148.95823554331932,61.88782338274323],[-148.9583223703111,61.88728839109125],[-148.9577516190627,61.887268043562855],[-148.95796869786685,61.88593056551699],[-148.9573979717475,61.88591021657358],[-148.957441390146,61.88564272117547],[-148.95687066964922,61.88562237011016],[-148.95691409217767,61.885354874900244],[-148.9563433773034,61.885334521713055],[-148.95638680396164,61.88506702669128],[-148.95581609470983,61.88504667138233],[-148.9558595254977,61.8847791765487],[-148.95528882186832,61.884758819118034],[-148.95533225678565,61.884491324472584],[-148.9547615587787,61.88447096492015],[-148.95484843612536,61.88393597601715],[-148.95427774861645,61.88391561451987],[-148.9543646327281,61.88338062601593],[-148.9537939557169,61.88336026257386],[-148.95383740152826,61.88309276851578],[-148.95326673013915,61.88307240295216],[-148.95331018007917,61.882804909082196],[-148.9527395143121,61.88278454139709],[-148.9527829683806,61.882517047715375],[-148.95164164883735,61.88247630580364],[-148.9516851119093,61.88220881248708],[-148.950543805104,61.88216806173566],[-148.95058727717898,61.88190056878433],[-148.95001662977188,61.88188019013815],[-148.9501470561389,61.881077711882654],[-148.94957642410327,61.88105733146914],[-148.94975033496456,61.87998736132739],[-148.94917972317398,61.879966979323534],[-148.94926668387038,61.87943199467401],[-148.9486960825754,61.879411610725995],[-148.94873956667692,61.87914411859508],[-148.94759837607683,61.879103344158814],[-148.94764186917905,61.87883585239309],[-148.94650069131634,61.8787950691185],[-148.9465441934189,61.87852757771819],[-148.9442618661595,61.87844598430055],[-148.9443053870094,61.8781784936199],[-148.94316423761367,61.878137683477185],[-148.94312070701653,61.87840517380353],[-148.94197955086557,61.87836435411428],[-148.9420230912099,61.87809686414246],[-148.94145251913022,61.87807645102809],[-148.94149606359994,61.877808961244575],[-148.93978436647092,61.87774770864528],[-148.93982792481253,61.8774802194048],[-148.93754569194593,61.87739851781026],[-148.93758926903195,61.8771310292903],[-148.9364481668373,61.877090165060295],[-148.93649175292074,61.876822676906265],[-148.9359212078198,61.87680224152185],[-148.93596479802733,61.87653475355618],[-148.9353942585483,61.876514316051335],[-148.93482371981835,61.87649387624864],[-148.93478011986497,61.87676136385926],[-148.93420957701122,61.87674092158126],[-148.93416597143568,61.877008409025535],[-148.9335954244582,61.87698796427211],[-148.93350820131315,61.87752293883864],[-148.93293764533882,61.877502491432324],[-148.93289402776907,61.87776997855468],[-148.93232346767098,61.877749528672844],[-148.9322798444785,61.87801701562868],[-148.93170928025674,61.87799656327136],[-148.93166565144134,61.87826405006067],[-148.93109508309593,61.87824359522776],[-148.93105144865746,61.87851108185069],[-148.93048087618843,61.87849062454209],[-148.93039359531508,61.87902559746581],[-148.929823013849,61.87900513750401],[-148.9297793674139,61.87927262380489],[-148.92920878182414,61.879252161367326],[-148.92916512976535,61.87951964750166],[-148.9285945400521,61.879499182588376],[-148.92855088236948,61.879766668556],[-148.9279802885327,61.87974620116705],[-148.9278929611691,61.880281172780194],[-148.92732235833498,61.88026070273761],[-148.92723501822212,61.88079567403965],[-148.92666440639047,61.88077520134352],[-148.9266207303343,61.88104268683343],[-148.92605011437914,61.88102221166128],[-148.92600643269824,61.88128969698455],[-148.9237239568883,61.881207772603275],[-148.92376765806557,61.880940287991486],[-148.92262643441427,61.88089931236777],[-148.92267014458852,61.880631828122915],[-148.9215289336896,61.88059084366275],[-148.9214852137675,61.880858327551664],[-148.92034399612592,61.88081733354322],[-148.9202565345318,61.88135230064237],[-148.9196859170902,61.88133179983494],[-148.9196421802918,61.881599283223174],[-148.91907155872767,61.881578779939524],[-148.9190278163035,61.88184626316084],[-148.91845719061692,61.88182575740104],[-148.91841344256682,61.882093240455276],[-148.91784281275784,61.8820727322192],[-148.91779905908163,61.882340215106545],[-148.91722842515026,61.88231970439409],[-148.91718466584777,61.88258718711442],[-148.91604339049243,61.88254615843871],[-148.91599962068912,61.882813640813865],[-148.9154289792653,61.88279312285042],[-148.9153852038353,61.88306060505851],[-148.9148145582893,61.88304008461876],[-148.91477077723252,61.883307566659674],[-148.91420012756438,61.88328704374348],[-148.9141563408806,61.88355452561726],[-148.9135856870904,61.88353400022456],[-148.91354189477943,61.88380148193115],[-148.91297123686718,61.883780954061905],[-148.91292743892888,61.88404843560141],[-148.91235677689463,61.88402790525554],[-148.91226916901027,61.88456286801139],[-148.9116984979792,61.88454233501055],[-148.91165468803285,61.88480981622679],[-148.91108401287977,61.88478928074938],[-148.9110401973055,61.88505676179845],[-148.91046951803048,61.885036223844224],[-148.91038187487263,61.885571185618964],[-148.90981118660056,61.8855506450097],[-148.90972353067963,61.886085606472236],[-148.90915283341033,61.88606506320755],[-148.9090651647255,61.886600024357904],[-148.90849445845885,61.886579478437994],[-148.90840677700936,61.88711443927603],[-148.90783606174514,61.88709389070071],[-148.9077922150145,61.88736137095808],[-148.90722149562825,61.88734081990571],[-148.90713379015457,61.887875780096884],[-148.9065630617706,61.887855226388865],[-148.90651920302733,61.88812270632273],[-148.90594847052134,61.888102150137684],[-148.90586074102129,61.88863710968187],[-148.90528999951738,61.88861655084107],[-148.90524612876033,61.8888840304514],[-148.90467538313445,61.88886346913338],[-148.90454375171024,61.88966590749566],[-148.9039729922099,61.88964534334314],[-148.90388522440333,61.89018030195021],[-148.90331445590456,61.890159735141744],[-148.90322667532755,61.89069469343638],[-148.9020851210873,61.89065355220852],[-148.90204121991385,61.89092103101524],[-148.901470439049,61.890900456774496],[-148.90142653224424,61.89116793541377],[-148.90085574725745,61.891147358695434],[-148.9008118348212,61.8914148371673],[-148.9002410457125,61.89139425797143],[-148.9001971276446,61.891661736275694],[-148.89962633441402,61.89164115460221],[-148.8995384862595,61.892176110886766],[-148.89896768403014,61.89215552655691],[-148.89883589150395,61.89295796053175],[-148.8982650753985,61.89293737336647],[-148.89813326144346,61.893739806906105],[-148.89756243146132,61.893719216905296],[-148.89751848708818,61.89398669459559],[-148.89637681963544,61.89394550733933],[-148.8963328647517,61.89421298468295],[-148.89576202728122,61.89419238742744],[-148.8957180667643,61.89445986460351],[-148.89514722517194,61.89443926487008],[-148.89510325902162,61.8947067418784],[-148.89453241330747,61.894686139666945],[-148.89444446898378,61.895221093359446],[-148.89387361427006,61.89520048849104],[-148.8938296360964,61.89546796517509],[-148.8932587772609,61.89544735782855],[-148.89317080888944,61.89598231087274],[-148.8925999410542,61.89596170086903],[-148.89251195990175,61.89649665360021],[-148.8919410830666,61.89647604093923],[-148.8918530891324,61.8970109933576],[-148.89128220329715,61.89699037803918],[-148.89123820031705,61.89725785408621],[-148.89009642115946,61.897216616193646],[-148.890052407666,61.89748409189363],[-148.88891062177845,61.897442844446],[-148.88886659777137,61.897710319799],[-148.88829570108442,61.89768969244715],[-148.88825167144188,61.89795716763217],[-148.88710987058212,61.89791590567243],[-148.88706583042548,61.898183380510275],[-148.88592402283732,61.89814210899523],[-148.88587997216624,61.898409583485666],[-148.88530906462955,61.89838894409994],[-148.88526500832242,61.89865641842245],[-148.88412318576428,61.898615132394646],[-148.88407911894222,61.89888260636968],[-148.8835082039209,61.89886195972744],[-148.88346413146238,61.89912943353443],[-148.88289321232006,61.899108784413535],[-148.88284913422495,61.89937625805244],[-148.88170728845628,61.89933495255397],[-148.88166319984552,61.89960242584524],[-148.88052134735128,61.89956111079065],[-148.88047724822462,61.899828583734184],[-148.87933538900546,61.89978725912347],[-148.87929127936258,61.90005473171922],[-148.87872034601162,61.900034065785306],[-148.87867623073126,61.900301538212766],[-148.8781052932598,61.90028086979996],[-148.87806117234183,61.90054834205921],[-148.8774902307499,61.900527671167346],[-148.87744610419415,61.90079514325827],[-148.87687515848182,61.9007744698875],[-148.87678689333555,61.90130941374411],[-148.87621593862352,61.90128873771449],[-148.87617180003272,61.901556209480226],[-148.87560084120028,61.90153553097152],[-148.87551255198292,61.902070474177506],[-148.8749415841506,61.902049793009965],[-148.87476497708792,61.90311967883938],[-148.87419399049605,61.90309899465333],[-148.8740615125872,61.90390140860577],[-148.87349051211476,61.90388072158074],[-148.87335801273085,61.90468313509651],[-148.87221598478342,61.90464175306882],[-148.87226016176473,61.90437428224518],[-148.8699761345076,61.904291491314225],[-148.8699319380055,61.90455896141816],[-148.8687899191763,61.904517551795315],[-148.86874571215375,61.90478502155081],[-148.86646166409764,61.90470217399001],[-148.86650589064087,61.90443470495468],[-148.8619378700801,61.90426890089469],[-148.86198213490252,61.904001433311976],[-148.860269154389,61.903939219387965],[-148.86031343308957,61.90367175235736],[-148.8591714596469,61.90363026527125],[-148.85860047406788,61.903609518278905],[-148.85855618072816,61.90387698476857],[-148.85741420209575,61.90383548352487],[-148.8573698982349,61.90410294966525],[-148.85679890518168,61.904082195413764],[-148.85675459567918,61.904349661385034],[-148.8561835985081,61.90432890465371],[-148.85613928336377,61.90459637045584],[-148.85556828207487,61.90457561124464],[-148.85547963974014,61.905110542521975],[-148.8549086294535,61.90508978065025],[-148.8548643022628,61.905357246125526],[-148.85429328785833,61.905336481773794],[-148.85424895502524,61.905603947079946],[-148.853677936503,61.90558318024809],[-148.85354491878851,61.906385575693],[-148.85297388638799,61.90636480602],[-148.85288519433814,61.90689973601229],[-148.85231415293927,61.90687896367848],[-148.85226980088984,61.90714642851119],[-148.85169875537315,61.9071256536971],[-148.85165439768033,61.90739311836054],[-148.85108334804585,61.9073723410662],[-148.85081715658302,61.90897712820236],[-148.85024607842612,61.908956347524345],[-148.85020170563058,61.90922381190635],[-148.8496306233557,61.90920302874783],[-148.84958624491577,61.90947049296052],[-148.84901515852283,61.909449707321585],[-148.84897077443836,61.909717171364996],[-148.84839968392748,61.90969638324546],[-148.84835529419826,61.90996384711958],[-148.8477841995695,61.90994305651933],[-148.8477398041954,61.91021052022409],[-148.84716870544875,61.910189727143326],[-148.8471243044296,61.910457190678684],[-148.8465532015651,61.91043639511725],[-148.84650879490073,61.91070385848327],[-148.84593768791845,61.91068306044113],[-148.8458932756087,61.91095052363778],[-148.84532216450864,61.91092972311479],[-148.84527774655334,61.91119718614199],[-148.84470663133555,61.911176383138205],[-148.84466220773453,61.9114438459961],[-148.8435199698278,61.911402232726836],[-148.8434755356991,61.91166969523431],[-148.8429044130103,61.91164888496881],[-148.84285997323548,61.91191634730677],[-148.84228884642914,61.91189553456042],[-148.84224440100806,61.912162996728846],[-148.84167327008427,61.91214218150148],[-148.84162881901673,61.91240964350038],[-148.84105768397555,61.91238882579201],[-148.84110213992506,61.91212136397411],[-148.84053101053044,61.91210054414674],[-148.8405754705972,61.91183308252127],[-148.83372203611404,61.911583067368646],[-148.83367751746653,61.91185052682029],[-148.83310639801965,61.9118296770934],[-148.8331509215488,61.91156221782298],[-148.83086647094623,61.91147879664144],[-148.83091101323546,61.911211338107805],[-148.8240577935706,61.910960855952474],[-148.82410239366854,61.91069339960788],[-148.82124694247273,61.91058893520867],[-148.82129156620852,61.910321479783676],[-148.81729400093653,61.91017513430682],[-148.81693671621525,61.91231476784433],[-148.81636559948498,61.91229385069393],[-148.8161869191621,61.913363667006635],[-148.8156157836739,61.91334274682874],[-148.81548175071862,61.914145108636646],[-148.81491060135338,61.91412418561296],[-148.8147765468354,61.91492654697722],[-148.8142053835926,61.91490562110772],[-148.8141606923338,61.915173074736536],[-148.81358952497754,61.91515214638503],[-148.81345543194155,61.915954506793916],[-148.81288425070704,61.91593357559623],[-148.81270542969742,61.917003388906075],[-148.81213422970146,61.91698245468015],[-148.81204480481674,61.91751736103936],[-148.81147359582422,61.917496424149114],[-148.8113394380792,61.918298783227385],[-148.81191066172084,61.91831972066391],[-148.81177651170188,61.91912208039141],[-148.81234775076277,61.91914301607394],[-148.81225832333743,61.91967792298029],[-148.8128295729346,61.91969885672654],[-148.81274015219972,61.92023376404305],[-148.81216889283516,61.920212829932716],[-148.8121241764301,61.92048028342608],[-148.81155291295102,61.920459346833255],[-148.81150819089277,61.92072680015603],[-148.81036565647503,61.92068491970457],[-148.8103209238795,61.92095237267461],[-148.80803584474398,61.92086858343734],[-148.80799109184295,61.92113603569006],[-148.80627727592352,61.921073169060406],[-148.80623250760053,61.92134062077781],[-148.8050899577372,61.92129869782442],[-148.80500039924434,61.92183360056446],[-148.80442911570012,61.92181263527219],[-148.8043843304139,61.92208008647715],[-148.80381304275608,61.922059118702094],[-148.80372346010353,61.922594020781624],[-148.80315216344778,61.92257305034111],[-148.8030625679439,61.92310795210185],[-148.8024912622901,61.92308697899595],[-148.802401653934,61.923621880437835],[-148.80297296935694,61.923642853908554],[-148.8028385656954,61.92444520670504],[-148.80340989654346,61.92446617842247],[-148.80332030001813,61.92500108070938],[-148.80274895940008,61.92498010862715],[-148.80261454417527,61.92578246159692],[-148.8020431896726,61.92576148666653],[-148.80195356589715,61.92629638833934],[-148.80252493017062,61.926317363634666],[-148.8024801220118,61.92658481467091],[-148.80190875285282,61.92656383919312],[-148.8018639390374,61.92683129005844],[-148.80072119326172,61.92678933183527],[-148.80067636890388,61.927056782347194],[-148.80010499228732,61.92703579960166],[-148.80006016227244,61.92730324994267],[-148.7994887815416,61.927282264713746],[-148.79944394586957,61.92754971488375],[-148.79887256102447,61.927528727171364],[-148.7988277196951,61.92779617717034],[-148.79825633073582,61.927775186974436],[-148.79816663599027,61.92831008664196],[-148.79759523803088,61.92828909377983],[-148.79755038461445,61.92855654344842],[-148.79697898254085,61.928535548102595],[-148.7969341234665,61.92880299760007],[-148.79636271727875,61.92878199977069],[-148.79631785254628,61.92904944909705],[-148.79574644224442,61.92902844878394],[-148.7957015718537,61.92929589793928],[-148.79513015743777,61.9292748951423],[-148.79508528138857,61.92954234412651],[-148.79451386285862,61.929521338845866],[-148.79446898115083,61.92978878765893],[-148.79389755850687,61.929767779894355],[-148.7938526711403,61.93003522853631],[-148.7932812443824,61.93001421828795],[-148.79323635135688,61.93028166675863],[-148.79266492048507,61.93026065402639],[-148.79257512234315,61.93079555063712],[-148.79194644879945,61.93453982821957],[-148.79137494050602,61.9345188102601],[-148.7913300245684,61.93478625856373],[-148.79075851216018,61.93476523811994],[-148.7898599332628,61.940114203007575],[-148.7904315434451,61.94013522711089],[-148.79034167831907,61.94067012422584],[-148.7909132990541,61.940691146393284],[-148.79086837022058,61.94095859515161],[-148.79143999661883,61.94097961520014],[-148.79139507190175,61.94124706415331],[-148.79196670396325,61.941268082083035],[-148.79187686198892,61.941802980390996],[-148.7930201479919,61.941845010076335],[-148.79297523562505,61.94211245961414],[-148.79354688467654,61.942133471186786],[-148.7935019764268,61.94240092091937],[-148.79407363114166,61.94242193037297],[-148.79402872700916,61.942689380300465],[-148.7946003873875,61.942710387634875],[-148.79455548737243,61.942977837757205],[-148.79512715341426,61.94299884297243],[-148.79508225751675,61.94326629328958],[-148.79565392922208,61.94328729638572],[-148.79560903744232,61.94355474689768],[-148.79675239295298,61.9435967465493],[-148.79670751018196,61.94386419743886],[-148.79785087856513,61.94390618824766],[-148.7978060048032,61.94417363951481],[-148.79837769504465,61.94419463164878],[-148.79828795498517,61.94472953458468],[-148.79885965578134,61.944750524782],[-148.79876992241424,61.94528542813155],[-148.7993416337654,61.94530641639208],[-148.79929677081455,61.94557386826768],[-148.79986848782954,61.9455948544087],[-148.79982362899776,61.94586230647908],[-148.80039535167666,61.94588329050048],[-148.8003504969641,61.94615074276563],[-148.80092222530695,61.94617172466745],[-148.8008773747138,61.946439177127424],[-148.80144910872062,61.946460156909595],[-148.80140426224705,61.946727609564256],[-148.80197600191784,61.94674858722681],[-148.80193115956402,61.94701604007624],[-148.8025029048989,61.94703701561902],[-148.802413227659,61.94757192171947],[-148.80298498355006,61.94759289532517],[-148.80294014866425,61.9478603485762],[-148.80351191021953,61.947881320061995],[-148.8034222479166,61.948416226965705],[-148.80399402002857,61.94843719651421],[-148.8039491926116,61.94870465016697],[-148.804520970388,61.94872561759554],[-148.8039830398874,61.95193506456936],[-148.80455487715267,61.951956031886574],[-148.80442039183862,61.9527583944528],[-148.804992244557,61.95277936001491],[-148.80494741946885,61.95304681441085],[-148.80437556185655,61.953025848666044],[-148.80433073110243,61.953293302891645],[-148.8037588693682,61.95327233466137],[-148.80371403294797,61.95353978871653],[-148.8025703020081,61.953497844982124],[-148.80252545502748,61.953765298684225],[-148.80195358582193,61.95374432318004],[-148.80190873317483,61.9540117767118],[-148.80133685984762,61.95399079872194],[-148.8012471424474,61.95452570545683],[-148.80067526010427,61.95450472479854],[-148.80063039535094,61.95477217800168],[-148.80005850888614,61.95475119485777],[-148.79992389530636,61.95555355399255],[-148.79935199493087,61.95553256799732],[-148.79921735971132,61.956334926694474],[-148.79864544542463,61.9563139378477],[-148.79851078856333,61.95711629610723],[-148.79908271753493,61.95713728550252],[-148.7990378352634,61.95740473846316],[-148.79846590139667,61.95738374888504],[-148.79842101345687,61.95765120167531],[-148.7978490754681,61.95763020961114],[-148.79775928747836,61.95816511486288],[-148.79718734047222,61.95814412012989],[-148.79705263800133,61.95894647755155],[-148.79648067708212,61.95892547996646],[-148.79639086177633,61.95946038461028],[-148.79581889183928,61.95943938435609],[-148.79554939797998,61.9610440974872],[-148.7949773994406,61.96102309383182],[-148.7948426273764,61.96182545001597],[-148.79427061492183,61.96180444350816],[-148.79422568445614,61.96207189541134],[-148.79365366787906,61.962050886417046],[-148.79356379483238,61.96258578989469],[-148.79299176923624,61.96256477823073],[-148.792946826655,61.962832229805194],[-148.79237479693631,61.962811215654646],[-148.79228489965752,61.96334611847463],[-148.79171286091955,61.96332510165431],[-148.79162295074934,61.96386000415791],[-148.7910509029919,61.96383898466783],[-148.79091601723653,61.96464133796725],[-148.79034395556224,61.96462031562396],[-148.79025401805754,61.96515521751964],[-148.78968194736328,61.965134192506284],[-148.78959199696462,61.96566909408558],[-148.78901991725024,61.96564806640201],[-148.78892995395682,61.966182967664835],[-148.78835786522214,61.966161937311064],[-148.78831287751518,61.966429387778014],[-148.78774078465784,61.966408354937236],[-148.78769579127803,61.96667580523343],[-148.78712369429806,61.966654769905446],[-148.78707869524516,61.96692222003083],[-148.78650659414262,61.966901182215835],[-148.7864615894165,61.96716863217039],[-148.78588948419142,61.967147591868255],[-148.78584447379185,61.96741504165197],[-148.7852723644443,61.96739399886261],[-148.7852273483712,61.9676614484755],[-148.78465523490115,61.9676404031989],[-148.78456519063172,61.96817530209532],[-148.78342094642628,61.968133203896976],[-148.78337591333144,61.9684006529971],[-148.78108741463922,61.968316428219914],[-148.7810423611753,61.96858387659857],[-148.7753211198127,61.96837315154903],[-148.77536622225807,61.96810570500694],[-148.77364987969315,61.96804244311829],[-148.77369499605527,61.96777499713986],[-148.77312288831942,61.96775390541988],[-148.773168008802,61.96748645963779],[-148.77259590674134,61.96746536579785],[-148.77264103134428,61.96719792021205],[-148.7709247445204,61.967134625421224],[-148.77087960522448,61.967402070455336],[-148.76973540810167,61.96735986204169],[-148.7696902582326,61.96762730672046],[-148.76854605442597,61.96758508872388],[-148.76850089398351,61.96785253304724],[-148.76735668349374,61.967810305467715],[-148.76731151247765,61.968077749435515],[-148.76559518788687,61.96801439023588],[-148.76555000139905,61.96828183366387],[-148.76440577910216,61.96823958231039],[-148.76436058204004,61.968507025382685],[-148.76321635306235,61.96846476444583],[-148.76317114542576,61.968732207162155],[-148.76202690976794,61.96868993664192],[-148.76198169155654,61.968957379002276],[-148.7602653292195,61.96889395539065],[-148.76022009553503,61.969161397210684],[-148.75907584807777,61.969119102915336],[-148.75903060381796,61.969386544379304],[-148.75845847636063,61.96936539359155],[-148.75832272420925,61.97016771750491],[-148.75889486636103,61.970188868845625],[-148.75884961898285,61.97045631035929],[-148.75942176681252,61.970477459580565],[-148.75928603469555,61.971279784749335],[-148.75985819800036,61.971300932219535],[-148.75967723052483,61.972370700023426],[-148.76024941420448,61.9723918459269],[-148.76020417528562,61.97265928809342],[-148.7607763646439,61.972680431877215],[-148.7606406579077,61.97348275900479],[-148.76121286274312,61.97350390103731],[-148.76112239748693,61.97403878622042],[-148.76169461290078,61.97405992631726],[-148.76164938400305,61.974327369112004],[-148.7622216050959,61.974348507088926],[-148.76217638031846,61.97461595008046],[-148.7627486070904,61.97463708593743],[-148.7626581649971,61.97517197232661],[-148.76323040234806,61.97519310624796],[-148.76318518503243,61.975460549645675],[-148.7637574280626,61.97548168144682],[-148.76366700089386,61.976016568648554],[-148.76423925450354,61.97603769851383],[-148.7641036226074,61.97684002996384],[-148.7663927036414,61.976924528591226],[-148.76634751105334,61.97719197316994],[-148.7674920660451,61.977234209025305],[-148.76744688247962,61.977501653984795],[-148.76801916604433,61.9775227686398],[-148.76797398660096,61.97779021379615],[-148.76854627584518,61.97781132633084],[-148.7684107475461,61.97861366242805],[-148.76783844359878,61.97859254934112],[-148.7676125230204,61.97992977550392],[-148.76704019534515,61.979908659191956],[-148.7669046189474,61.98071099449006],[-148.76633227734607,61.98068987532099],[-148.76628707875375,61.98095732026172],[-148.76571473302965,61.98093619860373],[-148.76566952875638,61.98120364337309],[-148.7650971789096,61.98118251922613],[-148.7650519689552,61.98144996382402],[-148.76447961498576,61.98142883718817],[-148.76443439935008,61.981696281614596],[-148.763862041258,61.981675152489714],[-148.76381681994084,61.981942596744695],[-148.7632444577262,61.98192146513073],[-148.76315400294908,61.98245635331045],[-148.76258163170965,61.982435219023166],[-148.76253639824944,61.98270266294797],[-148.7619640228874,61.982681526171504],[-148.76191878374513,61.98294896992466],[-148.7613464042606,61.98292783065902],[-148.76130115943607,61.98319527424073],[-148.76072877582908,61.98317413248584],[-148.76054776912122,61.984243906202884],[-148.75997536668388,61.9842227614056],[-148.7593869449347,61.98769952500656],[-148.75995941111475,61.987720672201384],[-148.75982361746352,61.988523003125444],[-148.76039609913585,61.98854414856838],[-148.76026031317363,61.98934648016204],[-148.7596878167886,61.98932533416572],[-148.75959727910308,61.9898602215907],[-148.7584522690569,61.98981792194426],[-148.75840698923432,61.99008536530712],[-148.75783448047773,61.99006421184143],[-148.75778919496986,61.99033165503266],[-148.75721668208945,61.99031049907702],[-148.75717139089613,61.990577942096785],[-148.756598873892,61.990556783651115],[-148.75655357701308,61.99082422649922],[-148.75598105588523,61.990803065563604],[-148.75575453525047,61.99214027907557],[-148.75632708090302,61.99216144093425],[-148.75614586995522,61.993231212716],[-148.7555733046814,61.99321005011896],[-148.75543737355133,61.99401237853804],[-148.75486479434204,61.993991213081394],[-148.75472884146248,61.99479354106374],[-148.75415624831712,61.994772372747434],[-148.75406559934473,61.9953072577648],[-148.7534929971689,61.99528608677334],[-148.75340233525773,61.995820971473634],[-148.7528297240513,61.9957997978069],[-148.7527390492006,61.99633468218986],[-148.7521664289634,61.99631350584786],[-148.75212108545887,61.996580947874286],[-148.75154846109714,61.99655976904167],[-148.75150311190419,61.99682721089628],[-148.75035785571404,61.99678484594395],[-148.75031249592593,61.99705228744194],[-148.74916723305165,61.997009912896665],[-148.74912186266812,61.99727735403798],[-148.748549227498,61.99725616312169],[-148.74850385142543,61.9975236040912],[-148.7479312121312,61.997502410684],[-148.74788583036937,61.99776985148174],[-148.74731318695106,61.99774865558379],[-148.74722241126588,61.99828353684854],[-148.74664975881672,61.9982623382748],[-148.7466043648931,61.998529778741826],[-148.74545905252964,61.998487374306436],[-148.74536824270572,61.999022254539675],[-148.74479557788456,61.99900104849303],[-148.74465934255406,61.99980336838614],[-148.74408666379455,61.99978215947829],[-148.74390498609228,62.000851918779],[-148.74447768448167,62.00087312842724],[-148.74438685074577,62.00140800852669],[-148.74381414254097,62.00138679850825],[-148.74372329585597,62.001921678290024],[-148.7431505786189,62.00190046559525],[-148.74310514919324,62.00216790532071],[-148.74253242783175,62.002146690134616],[-148.74248699271448,62.00241412968815],[-148.7419142672286,62.002392912010635],[-148.74186882641956,62.002660351392194],[-148.74129609680935,62.0026391312232],[-148.7412052030235,62.003174009655446],[-148.74063246438078,62.00315278680985],[-148.74054155764262,62.00368766492425],[-148.73939606307584,62.00364521157323],[-148.73944152665365,62.00337777288001],[-148.73772330541004,62.003314076112225],[-148.73776878292844,62.003046637988135],[-148.7360505834691,62.002982921020234],[-148.73609607492736,62.00271548346529],[-148.73380517293248,62.00263049596271],[-148.73375966184216,62.002897932775966],[-148.73204147886395,62.00283416737768],[-148.73199595226453,62.00310160364753],[-148.7302777616295,62.0030378169369],[-148.73023221952064,62.0033052526631],[-148.72908675320866,62.003262716287146],[-148.7290412004981,62.0035301516552],[-148.72846846361256,62.00350887982229],[-148.72842290520813,62.0037763150179],[-148.72785016420025,62.003755040693086],[-148.7278046001018,62.00402247571605],[-148.72723185497162,62.004001198899275],[-148.727186285179,62.004268633749746],[-148.72661353592656,62.00424735444106],[-148.7265679604396,62.00451478911889],[-148.72599520706498,62.00449350731813],[-148.72594962588346,62.00476094182338],[-148.72537686838666,62.004739657530656],[-148.72533128151048,62.005007091863234],[-148.72475851989157,62.00498580507836],[-148.7247129273205,62.00525323923834],[-148.72299463245713,62.00518936448829],[-148.72294902437392,62.005456798103886],[-148.72008519079412,62.00535029313148],[-148.72003955738137,62.00561772583059],[-148.7183212519529,62.00555379461337],[-148.71827560302728,62.005821226767594],[-148.7171300601948,62.00577859405247],[-148.71708440066453,62.00604602584757],[-148.71651162552104,62.006024705844496],[-148.71646596029456,62.00629213746672],[-148.71532040255346,62.006249490169125],[-148.71527472672184,62.00651692143225],[-148.71412916231492,62.0064742645369],[-148.7141748479639,62.00620683364619],[-148.7130292965265,62.00616416789782],[-148.7130749912045,62.005896737392625],[-148.7125022215766,62.00587540124523],[-148.71254792037485,62.00560797093932],[-148.71197515644363,62.00558663267184],[-148.71202085936193,62.00531920256527],[-148.7114481011274,62.00529786217779],[-148.71149380816559,62.0050304322705],[-148.70863005336122,62.004923696671035],[-148.70867578415147,62.004656267708405],[-148.70810304046466,62.00463491385622],[-148.70814877537407,62.004367485093034],[-148.70757603738406,62.00434612912106],[-148.70762177641242,62.004078700557336],[-148.70647631261485,62.004035982067755],[-148.70643056377088,62.00430341025863],[-148.70528509331405,62.00426068217156],[-148.7052393338653,62.00452811000262],[-148.70409385674992,62.004485372317944],[-148.70404808669613,62.004752799788946],[-148.70347534441473,62.0047314273009],[-148.7034295686635,62.00499885459838],[-148.7022840766536,62.00495610233057],[-148.70223829029683,62.00522352926799],[-148.70109279162997,62.00518076740222],[-148.7010469946674,62.00544819397932],[-148.69990148934426,62.005405422515565],[-148.69985568177557,62.00567284873236],[-148.6992829253911,62.00565145935454],[-148.69923711212414,62.005918885397634],[-148.69809159190973,62.00587609934973],[-148.69804576803617,62.00614352503255],[-148.69747300420636,62.006122128362435],[-148.69742717463416,62.00638955387144],[-148.69685440668664,62.00636815470844],[-148.6967627353539,62.00690300539187],[-148.69504440680564,62.00683879294423],[-148.6950902575923,62.00657136815655],[-148.68936259626827,62.00635717862675],[-148.68940849534533,62.00608975572146],[-148.68711747261113,62.00600401608379],[-148.68720930765303,62.00546917180897],[-148.68663656376498,62.00544773150835],[-148.6867284054542,62.004912887659536],[-148.68615567217344,62.004891445427106],[-148.68624752050943,62.00435660200423],[-148.68567479783567,62.00433515784],[-148.68572072572283,62.00406773633514],[-148.68514800874848,62.00404629005205],[-148.68523987196076,62.00351144745528],[-148.68466716559294,62.003489999240564],[-148.68471310091778,62.003222578148666],[-148.68414040024922,62.00320112781515],[-148.68418633968875,62.00293370692336],[-148.68304095054242,62.002890799713086],[-148.68308689900326,62.00262337920861],[-148.6825142105255,62.00260192233183],[-148.68256016310056,62.00233450202733],[-148.68198748032202,62.00231304303198],[-148.6820334370111,62.002045622927696],[-148.68146075993178,62.002024161813694],[-148.68150672073475,62.00175674190944],[-148.6809340493545,62.001735278677025],[-148.6809800142712,62.00146785897286],[-148.68040734859005,62.00144639362189],[-148.6804533176203,62.001178974117906],[-148.67930799844893,62.00113603687318],[-148.6793539764987,62.00086861775673],[-148.67649071697858,62.000761235231245],[-148.67653671876542,62.0004938170646],[-148.675964074147,62.000472333829805],[-148.67591806745423,62.000739751809],[-148.674200123642,62.00067528770805],[-148.6741541014379,62.00094270513752],[-148.67129085309594,62.00083521791733],[-148.67133689982953,62.000567801425774],[-148.67076425744895,62.00054629725227],[-148.67081030829422,62.00027888096117],[-148.67023767161353,62.000257374669616],[-148.6702837265703,61.99998995857891],[-148.6697110955895,61.9999684501694],[-148.6697571546576,61.999701034279],[-148.6691845293766,61.999679523751624],[-148.66932271653135,61.99887727671967],[-148.6687501067607,61.99885576444979],[-148.66907254999003,61.996983856465555],[-148.66849997534806,61.99696234320411],[-148.66877635370943,61.99535785226471],[-148.6682038092878,61.99533633782407],[-148.6683420024584,61.994534093087395],[-148.66776947354285,61.99451257690461],[-148.66781554124833,61.99424516220524],[-148.66838806526013,61.994266678200304],[-148.66843412726763,61.99399926332563],[-148.66728908984572,61.993956229405896],[-148.66724301803083,61.99422364390506],[-148.666097973979,61.99418060038909],[-148.66605189156232,61.99444801452527],[-148.66547936582447,61.99442648912182],[-148.66543327770947,61.9946939030828],[-148.6642882188103,61.99465084498467],[-148.66424212009298,61.99491825858246],[-148.66309705456555,61.994875190887896],[-148.66305094524566,61.9951426041226],[-148.66190587309063,61.995099526831424],[-148.66185975316787,61.995366939702876],[-148.66014213618797,61.99530230591305],[-148.6600960007582,61.99556971823323],[-148.6583783762259,61.9955050631325],[-148.65833222528872,61.99577247490109],[-148.6566145932064,61.995707798489086],[-148.6565684267615,61.99597520970594],[-148.65542333287868,61.99593208019553],[-148.65537715582974,61.99619949104864],[-148.65423205532377,61.99615635194098],[-148.65418586767046,61.99642376243033],[-148.65361331370798,61.996402189230366],[-148.65356712035418,61.99666959954402],[-148.6524220050106,61.99662644585189],[-148.65237580105196,61.996893855801545],[-148.651803239671,61.99687227530933],[-148.65175703001145,61.99713968508323],[-148.65061189983166,61.99709651680627],[-148.6505656795667,61.99736392621601],[-148.64827540915462,61.99727756124518],[-148.64832164903638,61.99701015258887],[-148.6448862967643,61.99688053710456],[-148.6448400274579,61.99714794463001],[-148.64197723131676,61.99703986738916],[-148.64193093669218,61.99730727398423],[-148.64078581401483,61.99726402657382],[-148.64073950878378,61.997531432803996],[-148.63959437949208,61.99748817579519],[-148.63954806365433,61.99775558166043],[-148.63668522988206,61.99764739785264],[-148.63663888872497,61.99791480278645],[-148.63606631946325,61.99789315892027],[-148.63592727648475,61.99869537323014],[-148.63535469330955,61.998673726492065],[-148.6351692718642,61.99974334499109],[-148.6357418746575,61.999764992484664],[-148.6356028148944,62.00056720705686],[-148.63617543320152,62.00058885281159],[-148.63580461123536,62.002728093733296],[-148.63523195368595,62.00270644646736],[-148.6351855924372,62.002973851450285],[-148.63461293078174,62.00295220168983],[-148.63452019607405,62.00348701131538],[-148.63394752540668,62.003465358871445],[-148.63390115194747,62.003732763514186],[-148.63332847717402,62.0037111085756],[-148.63328209800906,62.00397851304197],[-148.63270941912955,62.00395685560858],[-148.63266303425877,62.00422425989858],[-148.63209035127323,62.00420259997048],[-148.63204396069636,62.00447000408395],[-148.6314712736049,62.004448341661195],[-148.6314248773218,62.00471574559821],[-148.63027949572725,62.004672413457186],[-148.63023308883163,62.00493981702864],[-148.6290877006263,62.004896475286436],[-148.6290412831178,62.00516387849218],[-148.62789588830233,62.0051205271486],[-148.62784946018076,62.00538792998863],[-148.62727675906785,62.00536625066896],[-148.6272303252392,62.00563365333253],[-148.62608491560346,62.00559028739729],[-148.62603847116122,62.005857689694864],[-148.62489305491692,62.00581431415795],[-148.6248465998608,62.00608171608966],[-148.62427388803408,62.00606002467322],[-148.62422742727026,62.006327426428115],[-148.62308199620801,62.00628403629899],[-148.6230355248298,62.00655143768787],[-148.6224628055944,62.00652973897517],[-148.6224163285081,62.0067971401872],[-148.6218436051678,62.00677543897923],[-148.62179712237327,62.00704284001452],[-148.61836076973103,62.00691258320723],[-148.61840728196492,62.00664518330889],[-148.61726184731418,62.00660174630541],[-148.6173083685586,62.00633434679871],[-148.6161629469301,62.0062909009511],[-148.61620947718475,62.00602350183613],[-148.61563677248046,62.00600177564323],[-148.61568330683872,62.005734376730516],[-148.6151106078432,62.00571264842153],[-148.6151571463049,62.00544524971082],[-148.61401176053397,62.005401786554984],[-148.6140583080049,62.00513438823621],[-148.61291293525696,62.005090916236824],[-148.61295949173672,62.00482351830992],[-148.61181413201209,62.00478003746732],[-148.6118606975003,62.00451263993235],[-148.61071535079935,62.004469150246656],[-148.6107619252956,62.004201753103715],[-148.60961659161867,62.00415825457519],[-148.60966317512253,62.003890857824274],[-148.60221864835154,62.00360789506423],[-148.60217200107903,62.00387528934585],[-148.59701813341448,62.00367916209288],[-148.59706482483242,62.00341176952286],[-148.59477425753346,62.0033245426732],[-148.5948209677655,62.003057150876685],[-148.59195780129073,62.00294806639407],[-148.5920045352405,62.00268067556177],[-148.59028665973995,62.00261519777869],[-148.59023991107645,62.002882588039725],[-148.58794940207775,62.002795251291715],[-148.58790263298977,62.003062640802845],[-148.58618474499542,62.002997113463785],[-148.5861379603871,62.003264502415405],[-148.58499269594893,62.003220805614525],[-148.58494590072456,62.00348819419724],[-148.58380062970517,62.00344448779333],[-148.58375382386447,62.003711876006925],[-148.5780274681654,62.003493203756946],[-148.57807432305148,62.00322581745157],[-148.57692907141413,62.003182055718966],[-148.5768353412161,62.00371682757828],[-148.5762627068008,62.00369494287207],[-148.57621583558495,62.00396232862915],[-148.57564319707336,62.003940441426515],[-148.57554944240738,62.00447521259557],[-148.57497679489495,62.00445332270554],[-148.57492991144454,62.00472070811748],[-148.5743572598359,62.004698815731004],[-148.57426348069973,62.00523358620958],[-148.57311816028908,62.00518979375591],[-148.57307125969808,62.00545717863149],[-148.57249859580105,62.00543527875544],[-148.57245168949618,62.005702663452105],[-148.57130635431906,62.005658856401155],[-148.5712594373951,62.005926240727895],[-148.5706867661152,62.005904333553026],[-148.57063984347698,62.00617171770089],[-148.57006716810116,62.00614980802933],[-148.57002023974854,62.006417191998196],[-148.56944756027693,62.006395279829874],[-148.5694006262097,62.006662663619785],[-148.56882794264232,62.006640748954744],[-148.56873406226876,62.00717551618897],[-148.56816136970028,62.00715359883584],[-148.56806747627738,62.007688365736705],[-148.56749477470763,62.00766644569534],[-148.5673539137834,62.0084685955652],[-148.56678119830647,62.00844667264418],[-148.56668727716266,62.008981438903085],[-148.56611455268398,62.00895951329368],[-148.5659736501752,62.00976166220041],[-148.56540091178852,62.00973973371115],[-148.56525998726968,62.010541882154904],[-148.56468723497443,62.010519950785564],[-148.56454628844358,62.011322098766286],[-148.56397352223922,62.01130016451686],[-148.56378556255828,62.01236969456542],[-148.5632127775374,62.01234775724407],[-148.56316578068376,62.012615139595745],[-148.5625929915666,62.012593199776994],[-148.56254598899525,62.01286058194951],[-148.56197319578183,62.012838639633294],[-148.5619261874926,62.013106021626676],[-148.561353390183,62.01308407681282],[-148.56130637617568,62.0133514586271],[-148.56073357476993,62.013329511315646],[-148.56068655504438,62.01359689295078],[-148.56011374954255,62.01357494314178],[-148.56001969784347,62.01410970606599],[-148.55944688333818,62.01408775356762],[-148.5593998513644,62.01435513485674],[-148.55882703276305,62.01433317986074],[-148.5587799950704,62.01460056097058],[-148.55820717237302,62.01457860347683],[-148.55816012896136,62.01484598440752],[-148.55758730216795,62.01482402441589],[-148.55749320309468,62.01535878593103],[-148.55692036729764,62.01533682324982],[-148.55687331163574,62.015604203834314],[-148.55630047174273,62.01558223865535],[-148.55625341036122,62.015849619060475],[-148.55568056637225,62.01582765138349],[-148.55563349927095,62.016095031609346],[-148.55448780391333,62.01605108895324],[-148.55276926696828,62.01598515767291],[-148.55272217451545,62.01625253695195],[-148.55214932558397,62.01623055505427],[-148.5520551284251,62.01676531326577],[-148.5514822704902,62.016743328678054],[-148.55134095393322,62.017545465513],[-148.55076808208656,62.0175234780431],[-148.5506738571684,62.018058235611385],[-148.55010097631788,62.0180362454513],[-148.5499596181188,62.01883838132134],[-148.54938672335564,62.018816388278815],[-148.549292470674,62.01935114520391],[-148.54871956690653,62.019329149470956],[-148.54853103215007,62.02039866270291],[-148.54795810956003,62.02037666389519],[-148.54753381459466,62.02278306767135],[-148.54810678136997,62.02280506820803],[-148.54777676298832,62.02467671763877],[-148.54720376184204,62.024654715757016],[-148.54710945373273,62.02518947246635],[-148.54653644357913,62.02516746789348],[-148.54648928339327,62.02543484607501],[-148.5459162691429,62.02541283900319],[-148.54582193650822,62.02594759501958],[-148.5452489132503,62.02592558525634],[-148.54520174080122,62.02619296309136],[-148.5383254662974,62.02592866369131],[-148.53827823410492,62.02619603923047],[-148.53713218994002,62.02615195664978],[-148.537084947111,62.02641933181646],[-148.53651192134072,62.0263972868734],[-148.53646467278566,62.026664661860174],[-148.53589164292,62.02664261441755],[-148.53584438863874,62.02690998922431],[-148.53527135467772,62.026887939282354],[-148.5352240946701,62.027155313909226],[-148.53465105661377,62.027133261467725],[-148.53460379087957,62.02740063591455],[-148.53403074872801,62.027378580973526],[-148.53398347726713,62.027645955240374],[-148.53341043102031,62.027623897799785],[-148.53331587582892,62.028158645985926],[-148.53274282057578,62.02813658585306],[-148.53269553684498,62.028403959772355],[-148.53212247749667,62.02838189713985],[-148.53207518803853,62.028649270879065],[-148.53150212459505,62.028627205746865],[-148.53145482940945,62.028894579305934],[-148.53030869514862,62.02885044173494],[-148.53026138932395,62.029117814921264],[-148.5268229766699,62.02898534568345],[-148.52672830363397,62.029520089779524],[-148.52615522789432,62.02949800311289],[-148.52601319747842,62.03030011877293],[-148.5254401078211,62.03027802922043],[-148.5252507028461,62.03134751617226],[-148.5246775943587,62.03132542354064],[-148.5245355173097,62.032127538308494],[-148.52396239490335,62.03210544279068],[-148.52363081879025,62.03397704300849],[-148.5242039755842,62.03399913987753],[-148.52406187401,62.03480125502649],[-148.52348870247724,62.0347791575782],[-148.52344132873748,62.03504652912696],[-148.5222949782991,62.035002326921926],[-148.52224759391527,62.03526969809715],[-148.5211012369223,62.035225486276325],[-148.52105384189417,62.035492857078],[-148.5199074783473,62.03544863564105],[-148.51986007267453,62.03571600606906],[-148.5192868872153,62.035693891696205],[-148.51923947581093,62.035961261943875],[-148.51866628625683,62.03593914507022],[-148.51861886912073,62.03620651513735],[-148.51804567547177,62.036184395763044],[-148.51799825260372,62.03645176564966],[-148.5157054665414,62.03636326430453],[-148.51565802320093,62.03663063343056],[-148.51508482381914,62.03660850213224],[-148.5150373747462,62.03687587107756],[-148.51446417127005,62.03685373727832],[-148.5138946595321,62.04006216329754],[-148.51332139790733,62.04004002486951],[-148.51308404195294,62.04137686862098],[-148.5125107565744,62.04135472691766],[-148.51236831842152,62.04215683274217],[-148.51179501911773,62.04213468815042],[-148.51151009118573,62.043738898985595],[-148.5120834199817,62.04376104473866],[-148.51198844727622,62.044295782174],[-148.51141510864886,62.044273636033786],[-148.51113014135717,62.04587784748841],[-148.51170350948067,62.04589999479019],[-148.51156102951242,62.04670210127318],[-148.51213441320527,62.046724246847425],[-148.5120869231589,62.046991615894626],[-148.5126603125884,62.04701375935434],[-148.51256533986896,62.04754849787472],[-148.51313873995193,62.04757063941321],[-148.51309125727906,62.047838008886494],[-148.51423806973864,62.047882285425715],[-148.51481147719815,62.04790442023284],[-148.51485894512024,62.04763705017894],[-148.5160057526643,62.04768131248127],[-148.51605320993292,62.047413942053474],[-148.51777341264435,62.04748031761409],[-148.51782085434283,62.047212946619155],[-148.51896765041297,62.047257185064545],[-148.51901508145858,62.046989813695895],[-148.52130866375924,62.04707826211381],[-148.52135607431853,62.046810889984954],[-148.52479644282727,62.0469434922032],[-148.52484382306685,62.04667611892815],[-148.52541721576551,62.04669821102571],[-148.52536984044283,62.0469655844938],[-148.52594323887647,62.04698767447613],[-148.52584849561092,62.0475224218378],[-148.52642190469675,62.04754450989792],[-148.5263745367541,62.047811883791546],[-148.52694795157512,62.04783396973632],[-148.5269005877318,62.04810134383611],[-148.52747400828804,62.04812342766558],[-148.52742664854424,62.0483908019715],[-148.52800007483575,62.04841288368566],[-148.5279527191916,62.0486802581977],[-148.52852615121844,62.048702337796385],[-148.52847879967413,62.04896971251467],[-148.52962567601617,62.04901386517266],[-148.52957833348958,62.04928124028996],[-148.53015177780478,62.04930331334928],[-148.53010443937848,62.04957068867268],[-148.53067788942906,62.04959275961639],[-148.53063055510316,62.049860135145906],[-148.5317774674926,62.04990427049351],[-148.53173014218538,62.05017164642215],[-148.53287706768023,62.05021577292108],[-148.53282975139211,62.050483149248706],[-148.53340322028353,62.05050520922824],[-148.53335590809655,62.050772585761884],[-148.53392938272341,62.0507946436256],[-148.53388207463775,62.05106202036533],[-148.53445555500008,62.05108407611321],[-148.53440825101592,62.05135145305907],[-148.53498173711375,62.05137350669103],[-148.53493443723121,62.05164088384296],[-148.5355079290646,62.051662935359],[-148.53546063328392,62.05193031271699],[-148.5360341308529,62.05195236211715],[-148.53598683917417,62.052219739681036],[-148.53656034247877,62.05224178696523],[-148.53651305490223,62.052509164735284],[-148.53823358447298,62.052575293313154],[-148.53818631083692,62.05284267167469],[-148.54048038137154,62.05293081155915],[-148.5404331265959,62.05319819070469],[-148.54158017659915,62.053242247178986],[-148.54153293084607,62.05350962672308],[-148.54210646199118,62.0535316516895],[-148.54205922034154,62.05379903143952],[-148.54263275722212,62.05382105428958],[-148.54258551967612,62.05408843424557],[-148.54315906229223,62.05411045497924],[-148.54311182885,62.0543778351411],[-148.54368537720163,62.05439985375844],[-148.5436381478634,62.054667234126114],[-148.5453588125722,62.05473327670145],[-148.54540602715093,62.054465895756145],[-148.54655313119483,62.05450991220976],[-148.5466003351184,62.054242530892886],[-148.54774743258398,62.054286537725446],[-148.54779462585265,62.05401915603716],[-148.54836817088844,62.054041155797535],[-148.54832098253956,62.05430853767826],[-148.54889453331023,62.05433053532207],[-148.5488473490662,62.05459791740852],[-148.5494209055718,62.054619912935614],[-148.54932654447882,62.055154677533416],[-148.5499001116395,62.055176671136074],[-148.54971139935495,62.05624620126203],[-148.55028498701193,62.056268193324975],[-148.55019063582114,62.056802958853204],[-148.55076423413428,62.05682494899165],[-148.55071706223723,62.05709233196834],[-148.55129066628598,62.057114319989815],[-148.55124349849496,62.05738170317219],[-148.55181710827938,62.05740368907674],[-148.55176994459447,62.05767107246494],[-148.55234356011462,62.057693056252454],[-148.55229640053605,62.05796043984648],[-148.55344364386244,62.05800440087818],[-148.55339649331154,62.0582717848701],[-148.55454374973843,62.05831573704904],[-148.55444946587843,62.05885050584227],[-148.55502310515624,62.0588724788521],[-148.55483454734969,62.05994201736984],[-148.55540820712844,62.05996398883898],[-148.55521965597924,62.06103352834244],[-148.5557933362604,62.06105549827077],[-148.5556519291142,62.061857653617686],[-148.55622562497663,62.06187962181291],[-148.55617849255498,62.06214700714801],[-148.55675219415423,62.06216897322576],[-148.5566579367132,62.06270374432106],[-148.55723164897205,62.06272570847342],[-148.55676036213808,62.06539956669103],[-148.55618660064755,62.065377600616934],[-148.55613946256162,62.06564498632173],[-148.55556569696202,62.06562301774558],[-148.55547140849907,62.06615778881208],[-148.55489763386666,62.06613581754156],[-148.55480333229738,62.066670588278406],[-148.55422954863198,62.06664861431344],[-148.5541823917012,62.06691599951017],[-148.55360860392668,62.06689402304293],[-148.55351427777234,62.06742879309316],[-148.55294048096465,62.067406813931214],[-148.55279897084776,62.06820896853266],[-148.55222516008237,62.0681869864837],[-148.55208362785564,62.06898914063194],[-148.551509803132,62.06896715569579],[-148.5508019580435,62.07297792541402],[-148.55022806025693,62.0729559352813],[-148.54999204648257,62.07429285825075],[-148.54941812488158,62.07427086484522],[-148.5491348518689,62.07587517171226],[-148.548560901525,62.07585317484108],[-148.5484664608053,62.07638794352305],[-148.54904042100281,62.07640994077934],[-148.54894598687218,62.07694470990219],[-148.55411175405385,62.07714258469152],[-148.5540645801092,62.07740997100597],[-148.55808247918685,62.07756374556314],[-148.55798819783638,62.07809852092635],[-148.55856219653418,62.078120479861454],[-148.55837364376575,62.07919003152527],[-148.55779962535652,62.079168071821314],[-148.5577053342268,62.079702847353175],[-148.55713130677643,62.07968088495362],[-148.5570370025301,62.08021566015729],[-148.55646296603837,62.080193695062256],[-148.5560385122193,62.08260018244592],[-148.5566125930692,62.08262214927182],[-148.55656543238598,62.082889537021806],[-148.55599134660696,62.082867570003586],[-148.55580267600308,62.08393712037598],[-148.55522857132235,62.08391515027713],[-148.5551342212682,62.084449925163554],[-148.554560107544,62.084427952368635],[-148.55446574436783,62.08496272692707],[-148.5538916216,62.08494075143599],[-148.55384443385847,62.08520813854397],[-148.55327030697677,62.085186160549036],[-148.55322311348945,62.08545354747883],[-148.55264898249385,62.0854315669801],[-148.55260178326066,62.08569895373158],[-148.5520276481512,62.08567697072893],[-148.55188603076465,62.08647913049129],[-148.5524601806643,62.08650111407151],[-148.55241297816656,62.086768500879906],[-148.5535612902748,62.08681246149081],[-148.5535140968216,62.08707984869846],[-148.55466242205472,62.08712380044835],[-148.55461523764643,62.08739118805506],[-148.55633774640654,62.087457098920645],[-148.55629057597423,62.087724487118855],[-148.55571640064113,62.0877025189495],[-148.5555748696578,62.08850468305262],[-148.55500068034806,62.088482711994466],[-148.5549534967911,62.08875009986495],[-148.55437930336632,62.08872812630277],[-148.55428492394245,62.08926290170186],[-148.55371072147162,62.08924092544301],[-148.55366352560443,62.08950831297156],[-148.5530893190186,62.08948633420857],[-148.55304211740406,62.089753721558935],[-148.55246790670319,62.08973174029181],[-148.55242069934113,62.08999912746387],[-148.55184648452533,62.08997714369248],[-148.55179927141558,62.09024453068631],[-148.55122505248485,62.090222544410615],[-148.55117783362718,62.0904899312263],[-148.55060361058162,62.09046794244615],[-148.5505091605536,62.09100271573531],[-148.54993492846165,62.09098072425823],[-148.5498404653035,62.0915154972193],[-148.54926622416502,62.0914935030453],[-148.549171747876,62.09202827567843],[-148.54859749769082,62.092006278807155],[-148.54850300827005,62.09254105111239],[-148.54678023302557,62.092475045471204],[-148.54673297229343,62.09274243106709],[-148.54558444968623,62.09269841536141],[-148.54553717827258,62.092965800586136],[-148.54438864907135,62.09292177524717],[-148.54434136697594,62.09318916010063],[-148.54319283118136,62.09314512512837],[-148.5431455384039,62.09341250961044],[-148.5419969960166,62.09336846500468],[-148.5419496925568,62.093635849115216],[-148.5408011435775,62.09359179487599],[-148.54075382943512,62.09385917861501],[-148.5396052738645,62.093815114741936],[-148.53955794903922,62.094082498109366],[-148.53840938687793,62.094038424602466],[-148.53836205136952,62.09430580759817],[-148.53778776658453,62.094283767183704],[-148.53774042532504,62.094551150000704],[-148.53659184834663,62.09450706184967],[-148.5365444964035,62.094774444294714],[-148.5353959128361,62.09473034650961],[-148.53534855020905,62.09499772858272],[-148.5341999600533,62.094953621163164],[-148.5342473325452,62.09468623947644],[-148.53309875553148,62.09464212319544],[-148.53314613706868,62.09437474190949],[-148.53142329249113,62.09430855072798],[-148.53147068800544,62.09404117003611],[-148.5303221389163,62.09399703140876],[-148.530369543475,62.09372965111787],[-148.52749820976078,62.09361926505821],[-148.5274507805423,62.09388664438215],[-148.5251537086074,62.09379829314704],[-148.52510625884082,62.09406567171139],[-148.5239577179329,62.094021481835576],[-148.52391025748173,62.09428886002713],[-148.52276170999315,62.09424466051661],[-148.52271423885716,62.094512038335225],[-148.52156568478853,62.094467829190044],[-148.52151820296746,62.09473520663559],[-148.52036964231945,62.09469098785553],[-148.520322149813,62.09495836492797],[-148.51917358258638,62.09491413651285],[-148.51912607939425,62.09518151321215],[-148.51855179208113,62.09515939534298],[-148.51850428313526,62.09542677186278],[-148.51735570110972,62.09538252880106],[-148.5173081814777,62.095649904947614],[-148.5161595928751,62.09560565225051],[-148.51611206255666,62.09587302802358],[-148.51553776455611,62.09585089801329],[-148.51549022848326,62.09611827360672],[-148.51491592637257,62.096096141090605],[-148.5147257541292,62.097165642831285],[-148.51415143311073,62.09714350722759],[-148.51400878049543,62.09794563310118],[-148.51343444550105,62.09792349460349],[-148.51338688805137,62.09819086972938],[-148.51281254894667,62.098168728725646],[-148.51271742171346,62.0987034786322],[-148.51214307356537,62.09868133492838],[-148.51204793317496,62.099216084504164],[-148.51147357598327,62.09919393810012],[-148.51133084442617,62.099996061989],[-148.51075647325732,62.09997391269065],[-148.51070888949215,62.10024128715481],[-148.50956013975673,62.10019698123307],[-148.5095125453013,62.10046435532337],[-148.50721503597626,62.10037571495638],[-148.5071674209631,62.100643088284365],[-148.5054442828164,62.100576583147706],[-148.50549191263013,62.10030921040245],[-148.50434316785197,62.10026486247193],[-148.50410496120767,62.101601724398755],[-148.50353056538654,62.10157954599357],[-148.50343526709213,62.102114290475804],[-148.50286086222746,62.10209210936965],[-148.50276555076786,62.102626853520505],[-148.5021911368595,62.102604669713095],[-148.50214347495893,62.1028720416157],[-148.50156905694087,62.10284985530159],[-148.50147372079772,62.103384598761],[-148.50089929373576,62.10336240974554],[-148.5008516194929,62.103629781302374],[-148.5002771883213,62.10360758978003],[-148.50018182749238,62.10414233254771],[-148.4996073872767,62.104120138324014],[-148.49951201327906,62.104654880760165],[-148.49893756401914,62.10463268383496],[-148.49879448203075,62.105434797013494],[-148.49822001879153,62.10541259719202],[-148.4981723182102,62.105679968085774],[-148.4975978508613,62.10565776575726],[-148.4975501445197,62.105925136470795],[-148.4969756730611,62.10590293163498],[-148.49692796095906,62.106170302168344],[-148.49635348539084,62.1061480948254],[-148.49625804884,62.10668283554605],[-148.495683564227,62.106660625501235],[-148.49563583977792,62.10692799568846],[-148.49506135105528,62.10690578313627],[-148.49501362084516,62.10717315314327],[-148.494439128013,62.107150938083734],[-148.49420043989713,62.10848778736165],[-148.493625923213,62.10846556901574],[-148.49357817817614,62.10873293871992],[-148.4924291374146,62.108688494700175],[-148.49238138167993,62.108955864029234],[-148.49123233435176,62.108911410368854],[-148.49118456791896,62.10917877932265],[-148.4865883721845,62.10900087060987],[-148.48654056543813,62.10926823801878],[-148.48539151490272,62.10922373732262],[-148.48534369745747,62.109491104355975],[-148.48419464035973,62.109446594018486],[-148.48414681221527,62.10971396067614],[-148.48357227997175,62.10969170184304],[-148.48352444606383,62.10995906831995],[-148.48294990971203,62.10993680697898],[-148.48290207004038,62.11020417327526],[-148.48232752958035,62.11018190942629],[-148.48227968414488,62.110449275541804],[-148.48170513957655,62.11042700918478],[-148.48165728837708,62.11069437511958],[-148.4810827397006,62.11067210625455],[-148.48103488273696,62.110939472008525],[-148.4798857779959,62.11089492694945],[-148.47983791033164,62.11116229232733],[-148.4792633542672,62.11114001613327],[-148.47921548083838,62.11140738133036],[-148.47806636132205,62.111362821612786],[-148.47797059223362,62.11189755126902],[-148.47854516145034,62.111919832674936],[-148.47835363307698,62.112989292942025],[-148.47892822286892,62.113011572816156],[-148.47878458269972,62.1138136687543],[-148.47935918813113,62.113835946901204],[-148.47926343374996,62.11437067798976],[-148.47983804988428,62.11439295421413],[-148.4797901763883,62.114660319975435],[-148.4820886689586,62.11474940252249],[-148.48204081438408,62.11501676907928],[-148.48319007551342,62.11506129686418],[-148.48314222998602,62.11532866382585],[-148.4842915043026,62.11537318274802],[-148.48424366782274,62.115640550114634],[-148.48539295532623,62.11568506017414],[-148.4853451278943,62.11595242794543],[-148.48649442858436,62.11599692914193],[-148.48644661020074,62.11626429731806],[-148.4904692232456,62.11641998000127],[-148.49042143860183,62.116687349556884],[-148.4915707739352,62.11673180989317],[-148.49152299834117,62.116999179853266],[-148.4932470223574,62.11706585359175],[-148.49315149832015,62.11760059472507],[-148.4937261845227,62.117622815067364],[-148.4936306670565,62.11815755664917],[-148.4930559709764,62.118135335917245],[-148.4930082060645,62.11840270653527],[-148.4935829070835,62.118424927462044],[-148.4932963298861,62.12002915264818],[-148.49387106136695,62.120051372430524],[-148.49382330054678,62.12031874354126],[-148.4932485641264,62.1202965235641],[-148.49320079753994,62.12056389449475],[-148.49262605700676,62.120541672009125],[-148.4925782846539,62.1208090427596],[-148.49200354000794,62.12078681776531],[-148.49195576188845,62.12105418833568],[-148.4913810131298,62.121031960832845],[-148.49133322924354,62.12129933122304],[-148.4907584763722,62.12127710121142],[-148.490710686719,62.12154447142142],[-148.49013592973503,62.12152223890125],[-148.49008813431473,62.12178960893102],[-148.48951337321816,62.121767373902046],[-148.48946557203055,62.12203474375152],[-148.48889080682144,62.12201250621381],[-148.4887951920839,62.12254724556711],[-148.48822041782216,62.12252500532546],[-148.4881726042719,62.12279237482929],[-148.48759782589764,62.12277013207877],[-148.48755000657948,62.12303750140229],[-148.48697522409273,62.12301525614284],[-148.48687957309247,62.1235499944439],[-148.48630478155292,62.12352774648046],[-148.48625694987052,62.12379511545792],[-148.4851073593945,62.12375061219905],[-148.48505951700315,62.12401798080108],[-148.48448471806685,62.123995725505644],[-148.48443686990674,62.124263093927304],[-148.4838620668582,62.1242408361227],[-148.4838142129292,62.12450820436385],[-148.48323940576842,62.12448594405014],[-148.48314368554375,62.12502068018643],[-148.48256886933004,62.124998417168264],[-148.48252100303415,62.12526578506337],[-148.4819461827082,62.125243519535985],[-148.48189831064278,62.12551088725049],[-148.48132348620473,62.12548861921377],[-148.4812756083696,62.125755986747905],[-148.48070077981941,62.12573371620176],[-148.4805092404259,62.126803185704986],[-148.47935954628343,62.1267586361078],[-148.47931164947997,62.127026003129856],[-148.47701225138073,62.126936875384736],[-148.47706016794922,62.126669509144506],[-148.4753356429081,62.12660263962431],[-148.4753835734704,62.12633527398528],[-148.470210087632,62.12613454222743],[-148.470162112601,62.126401906105805],[-148.46613830220147,62.1262456504515],[-148.46609029175377,62.12651301297406],[-148.46436579922522,62.12644601096786],[-148.4643177731238,62.12671337291741],[-148.46316810571327,62.12666869295154],[-148.4631200688987,62.126936054523895],[-148.4613955591974,62.12686901663215],[-148.4613475067285,62.127136377631366],[-148.46077266688414,62.12711402684334],[-148.46072460864235,62.127381387661124],[-148.46014976468902,62.12735903436317],[-148.46010170067424,62.127626394999616],[-148.45952685261193,62.12760403919152],[-148.45947878282402,62.1278713996466],[-148.45775422880732,62.12780431774972],[-148.45770614336385,62.12807167763116],[-148.45425702816252,62.12793745018116],[-148.45420891223986,62.12820480889987],[-148.45248435106012,62.128137663346585],[-148.4524362194812,62.12840502149098],[-148.45186136247992,62.128382634815516],[-148.45181322512659,62.1286499927782],[-148.4512383640175,62.128627603592264],[-148.45119022088963,62.1288949613734],[-148.45061535567285,62.12887256967689],[-148.45056720677022,62.12913992727635],[-148.44999233744576,62.129117533069284],[-148.44994418276818,62.12938489048699],[-148.4493693093361,62.12936249376942],[-148.44932114888343,62.12962985100534],[-148.44874627134374,62.12960745177728],[-148.44869810511585,62.12987480883135],[-148.4481232234686,62.12985240709267],[-148.44807505146525,62.130119763964935],[-148.44750016571052,62.13009735971558],[-148.4474519879316,62.13036471640606],[-148.44630220904136,62.13031990057172],[-148.4462540205451,62.13058725688376],[-148.44567912740973,62.130564845298785],[-148.44558273803077,62.131099557573854],[-148.44500783584638,62.131077143281395],[-148.44495963496342,62.13134449924448],[-148.4443847286718,62.13132208244114],[-148.4443365220124,62.13158943822227],[-148.4431867020493,62.13154459727956],[-148.44313848467138,62.13181195268199],[-148.4425635710001,62.13178952854263],[-148.44251534784533,62.13205688376313],[-148.44194043006698,62.13203445711266],[-148.44189220113526,62.13230181215112],[-148.44074235819966,62.13225695151398],[-148.4406941185486,62.13252430617357],[-148.43954426906973,62.13247943588565],[-148.4394960186992,62.132746790166415],[-148.4389210902707,62.13272435135417],[-148.43887283412246,62.132991705452774],[-148.4382979015873,62.132969264129294],[-148.4382496396613,62.13323661804581],[-148.43652483224318,62.13316927959891],[-148.4364765546546,62.13343663293933],[-148.43590161557793,62.13341418196475],[-148.4358533322111,62.13368153512288],[-148.4318287474914,62.133524312120635],[-148.4317804286921,62.13379166391421],[-148.43120548642136,62.13376919403081],[-148.4311571618431,62.13403654564186],[-148.43058221546676,62.13401407324709],[-148.4305338851093,62.13428142467575],[-148.42995893462742,62.13425894976932],[-148.42991059849066,62.134526301015505],[-148.42933564390324,62.13450382359755],[-148.42928730198702,62.13477117466133],[-148.42871234329408,62.1347486947317],[-148.4286639955982,62.13501604561291],[-148.42808903279987,62.13499356317175],[-148.42799232501122,62.13552826458377],[-148.42741735316474,62.13550577943363],[-148.4273689930717,62.13577312996449],[-148.42679401711982,62.1357506423025],[-148.4267456512465,62.13601799265085],[-148.42617067118925,62.1359955024771],[-148.4261222995355,62.13626285264279],[-148.42094747223632,62.1360603351522],[-148.42089905525881,62.136327683555635],[-148.41917411308498,62.13626013547266],[-148.41912568044046,62.13652748329813],[-148.4185506964502,62.13650496244394],[-148.41850225802415,62.136772310086485],[-148.41792726992972,62.13674978672032],[-148.4178788257219,62.137017134179956],[-148.41730383352348,62.136994608301514],[-148.41725538353373,62.137261955578275],[-148.41668038723122,62.1372394271877],[-148.41663193145945,62.13750677428151],[-148.4160569310529,62.13748424337872],[-148.41600846949888,62.13775159028941],[-148.4154334649884,62.137729056874406],[-148.41538499765196,62.137996403602216],[-148.41480998903756,62.13797386767495],[-148.41471304196014,62.13850856077922],[-148.4141380242985,62.1384860221418],[-148.41408954455724,62.13875336851816],[-148.41351452279173,62.138730827368406],[-148.4133690636999,62.13953286599284],[-148.41279402794333,62.139510321935006],[-148.41260005095654,62.14057970618273],[-148.41144994241233,62.14053460954005],[-148.41149844780662,62.14026726385172],[-148.40862321586732,62.14015448272712],[-148.40867174514054,62.139887138043285],[-148.40694663089246,62.13981944218641],[-148.40689808678815,62.14008678627608],[-148.40574800493863,62.140041643735515],[-148.40569945010623,62.14030898744389],[-148.40397431880749,62.14024125567861],[-148.40392574830295,62.140508598807294],[-148.40220060974323,62.14044084561556],[-148.40215202356623,62.14070818816445],[-148.40042687774795,62.140640413546016],[-148.40037827589816,62.1409077555147],[-148.39980322403156,62.140885159147615],[-148.39975461639625,62.1411525009328],[-148.39917956042763,62.14112990205266],[-148.39913094700663,62.14139724365422],[-148.39798082770736,62.14135203855319],[-148.39793220355656,62.14161937977271],[-148.39735714022606,62.14159677355169],[-148.39730851028918,62.14186411458757],[-148.3967334428569,62.14184150585346],[-148.39668480713377,62.142108846705696],[-148.39610973559974,62.1420862354583],[-148.3960610940902,62.142353576126766],[-148.39548601845445,62.14233096236626],[-148.39538872301955,62.14286564335042],[-148.39481363833792,62.142843026878175],[-148.39476498441235,62.14311036719389],[-148.394189895629,62.143087748208295],[-148.39384925994213,62.14495912944137],[-148.39327413738917,62.1449365067511],[-148.39317679543154,62.145471186839195],[-148.39260166383156,62.14544856143679],[-148.39255298664315,62.14571590130439],[-148.39197785094117,62.145693273388474],[-148.39192916796446,62.14596061307215],[-148.39135402816055,62.14593798264258],[-148.39130533939536,62.14620532214249],[-148.39073019548957,62.146182689199236],[-148.39068150093573,62.14645002851525],[-148.39010635292806,62.14642739305825],[-148.39005765258545,62.146694732190426],[-148.38948250047596,62.146672094219646],[-148.38943379434437,62.14693943316788],[-148.38885863813312,62.14691679268328],[-148.38880992621242,62.147184131447666],[-148.38938508736913,62.14720677213099],[-148.38928767088765,62.14774145010156],[-148.3898628427793,62.147764088867284],[-148.38966801947507,62.14883344578131],[-148.390243211994,62.148856083026644],[-148.39009710049544,62.149658101464375],[-148.39067230869668,62.149680736990724],[-148.39033138696266,62.15155211525735],[-148.38975614413485,62.15152947833998],[-148.3896587204375,62.152064157581506],[-148.3890834685595,62.15204151795102],[-148.3889373118425,62.152843536329016],[-148.38836204596691,62.152820893786725],[-148.38802094945115,62.154692269133875],[-148.38744564978657,62.15466962288413],[-148.387348176145,62.15520430129187],[-148.38677286742885,62.15518165232883],[-148.3866753805134,62.15571633039874],[-148.3861000627455,62.15569367872211],[-148.38600256255535,62.1562283564543],[-148.3854272357356,62.15620570206415],[-148.38528096426987,62.157007718178214],[-148.3847056234496,62.15698506087542],[-148.3846568596561,62.157252399411185],[-148.38408151473215,62.157229739593475],[-148.383983974713,62.15776441631227],[-148.38340862073665,62.15774175378067],[-148.3832135107617,62.15881110660265],[-148.38263813783482,62.158788440959015],[-148.3825405678777,62.15932311706227],[-148.38196518589783,62.15930044870448],[-148.38167242604032,62.16090447618177],[-148.38109701520906,62.16088180431336],[-148.38090180525998,62.16195115547053],[-148.3803263754749,62.161928480489415],[-148.3801311321931,62.16299783109197],[-148.37955568345308,62.162975152997895],[-148.3793115855647,62.16431184059623],[-148.37873611291795,62.164289159189686],[-148.37839430567954,62.16616052107069],[-148.37781879922179,62.16613783595285],[-148.37757460104663,62.16747452247091],[-148.37699907067773,62.16745183404007],[-148.37680367709234,62.16852118273174],[-148.37622812776257,62.16849849118684],[-148.3760327008209,62.16956783932562],[-148.37545713252916,62.16954514466651],[-148.3753105385732,62.17034715533287],[-148.37473495627103,62.170324457758824],[-148.37468608497235,62.17059179447878],[-148.37295932829122,62.17052368725749],[-148.37291044128736,62.17079102339434],[-148.37233485246904,62.17076831615417],[-148.37238374442552,62.17050098021691],[-148.36490123132336,62.17020557786481],[-148.36495018681345,62.16993824453833],[-148.36034567425247,62.16975626547111],[-148.36029667914508,62.17002359719867],[-148.35799442343549,62.16993255126566],[-148.35794540767037,62.17019988220845],[-148.35679427500872,62.17015434494204],[-148.35674524848972,62.17042167549984],[-148.35616967848148,62.17039890319155],[-148.3561206461605,62.17066623356455],[-148.35554507204992,62.17064345873948],[-148.35549603392678,62.170910788927515],[-148.35492045571402,62.17088801158564],[-148.35487141178854,62.17115534158876],[-148.35429582947359,62.171132561730126],[-148.35419772916737,62.171667221381725],[-148.35362213779783,62.1716444388059],[-148.35357308141684,62.17191176845432],[-148.35299748594517,62.17188898336154],[-148.3529484237612,62.17215631282504],[-148.35237282418746,62.1721335252153],[-148.35232375620038,62.17240085449374],[-148.35174815252455,62.172378064367024],[-148.35169907873419,62.17264539346039],[-148.35112347095634,62.17262260081655],[-148.3510253109179,62.17315725864846],[-148.35044969408526,62.17313446328724],[-148.3504006078369,62.17340179202576],[-148.34982498690226,62.173378994147335],[-148.34972680194673,62.17391365126944],[-148.3491511719571,62.173890850673494],[-148.34905297369102,62.17442550745582],[-148.34847733464622,62.17440270414219],[-148.3483791230688,62.17493736058482],[-148.34780347496869,62.17491455455341],[-148.34775436294962,62.17518188259719],[-148.34717871074747,62.17515907404841],[-148.34708047424803,62.17569372978094],[-148.3465048129904,62.17567091851416],[-148.34640656317737,62.1762055739069],[-148.3458308928641,62.17618275992221],[-148.3457817617263,62.176450087440976],[-148.34520608731103,62.17642727093871],[-148.34515695036762,62.17669459827224],[-148.3445812718504,62.17667177925237],[-148.3444829855,62.1772064335643],[-148.3439072979269,62.17718361182616],[-148.34385814851967,62.17745093880451],[-148.3432824568446,62.177428114548725],[-148.34323330163113,62.17769544134182],[-148.34265760585419,62.17767261456818],[-148.34260844483433,62.17793994117591],[-148.3420327449556,62.177917111884604],[-148.34198357812912,62.17818443830704],[-148.34140787414856,62.17816160649783],[-148.34130952802963,62.178696258987245],[-148.34073381499294,62.1786734244595],[-148.34068463570017,62.178940750526436],[-148.34010891856175,62.17891791348091],[-148.3400597334618,62.17918523936246],[-148.33948401222165,62.17916239979891],[-148.33943482131434,62.17942972549498],[-148.3388590959725,62.17940688341342],[-148.33880989925768,62.17967420892415],[-148.3382341698142,62.17965136432446],[-148.33818496729165,62.17991868964972],[-148.3376092337466,62.17989584253199],[-148.33756002541622,62.180163167671765],[-148.3364085509763,62.18011746608285],[-148.33635933188307,62.18038479083622],[-148.33578359098837,62.18036193636501],[-148.33573436608685,62.18062926093276],[-148.33515862109084,62.18060640394327],[-148.33510939038092,62.18087372832554],[-148.33453364128354,62.18085086881786],[-148.334484404765,62.18111819301442],[-148.33390865156636,62.18109533098842],[-148.33385940923907,62.1813626549995],[-148.3332836519392,62.181339790455155],[-148.333234403803,62.18160711428053],[-148.33265864240195,62.18158424721783],[-148.3325601336572,62.18211889451261],[-148.3319843631998,62.18209602473046],[-148.33178731563956,62.18316531870019],[-148.33121152621462,62.183142445796356],[-148.33106371670783,62.183944415831924],[-148.3304879132701,62.18392154000734],[-148.33034008120592,62.184723509578205],[-148.3297642637549,62.1847006308326],[-148.32961640913126,62.185502599938715],[-148.32904057766638,62.18547971827206],[-148.32884340637656,62.18654900982493],[-148.32826755594067,62.186526125035876],[-148.32797174361835,62.188130061621436],[-148.3273958642964,62.18810717330717],[-148.32709999144691,62.18971110924281],[-148.3265240832362,62.18968821740304],[-148.32583352408906,62.19343073394328],[-148.32525754731964,62.1934078369666],[-148.3251588724055,62.193942482033314],[-148.32458288657418,62.19391958233555],[-148.3244841983188,62.194454227061875],[-148.32390820342553,62.194431324643126],[-148.3235133764889,62.19656990256243],[-148.32408941105723,62.19659280659281],[-148.32394135170853,62.19739477417554],[-148.32451740201256,62.197417676491845],[-148.3237770640794,62.20142751955094],[-148.32435318964932,62.20145042257073],[-148.32430383189768,62.20171774576907],[-148.3248799632853,62.20174064667145],[-148.32483060963872,62.202007970087124],[-148.32598288490573,62.20205376533836],[-148.32593354032593,62.202321089172706],[-148.32708582894074,62.20236687555128],[-148.32703649342815,62.20263419980431],[-148.32761264398133,62.202657089716624],[-148.32756331257448,62.2029244141869],[-148.32813946894544,62.20294730198171],[-148.32804081348772,62.2034819513727],[-148.3286169806385,62.20350483725116],[-148.32856765658784,62.20377216217174],[-148.3291438295566,62.20379504593266],[-148.32904518881222,62.20432969622434],[-148.3296213725613,62.20435257806881],[-148.32947341991343,62.20515455422987],[-148.33004961940577,62.20517743435921],[-148.32995098995363,62.20571208561553],[-148.33052720022718,62.20573496382846],[-148.33047788918034,62.206002289681855],[-148.33105410527244,62.206025165776765],[-148.3309554905377,62.20655981793417],[-148.33037926451954,62.20653694143658],[-148.33003405124958,62.20840822308165],[-148.33061031201152,62.20843110098859],[-148.33051168187347,62.2089657534339],[-148.33108795341883,62.208988629424105],[-148.33098932978527,62.209523282336306],[-148.33041304831195,62.2095004059435],[-148.33036373024734,62.20976773222229],[-148.32978744466584,62.20974485330871],[-148.32973812078117,62.2100121794023],[-148.32916183109157,62.209989297967766],[-148.3291125013866,62.21025662387594],[-148.3285362075889,62.21023373992052],[-148.3284868720635,62.21050106564336],[-148.32791057415776,62.2104781791671],[-148.32786123281178,62.21074550470458],[-148.32728493079807,62.210722615707134],[-148.3272355836313,62.21098994105921],[-148.32608297224448,62.2109441557029],[-148.32603361429233,62.21121148066807],[-148.32430468874387,62.211142784632166],[-148.32425531504157,62.211410109008796],[-148.32367900327466,62.21138720548948],[-148.3236296237509,62.21165452968056],[-148.3230533078765,62.21163162363997],[-148.32300392253111,62.21189894764554],[-148.32185128342465,62.21185312820229],[-148.3218018872928,62.212120451820574],[-148.32122556406088,62.212097538417915],[-148.321176162107,62.21236486185066],[-148.32059983476782,62.21234194592664],[-148.32055042699173,62.21260926917361],[-148.3193977649566,62.212563429963275],[-148.31934834639333,62.212830752822896],[-148.31877201169755,62.21280782953642],[-148.31872258731164,62.213075152210386],[-148.31814624850884,62.213052226402446],[-148.31809681830015,62.213319548890716],[-148.31694413333864,62.21327368991222],[-148.31689469234203,62.21354101201277],[-148.313436628266,62.21340337819354],[-148.31348609905194,62.21313605730448],[-148.3117570934991,62.21306720968523],[-148.31180657832053,62.21279988941821],[-148.30834862019483,62.212662132762205],[-148.30839813394454,62.21239481372372],[-148.30666918137547,62.21232590468781],[-148.3067187091588,62.212058586271866],[-148.30556608833922,62.212012635721294],[-148.30561562519136,62.2117453177257],[-148.30331041372654,62.21165338959955],[-148.3032608570179,62.211920706785946],[-148.30210824651752,62.211874728401284],[-148.3020586790205,62.212142045198945],[-148.30090606203296,62.21209605713157],[-148.30085648374725,62.21236337354048],[-148.2979749315175,62.212248361768545],[-148.29792532755036,62.212515677181074],[-148.29734901472267,62.21249266766566],[-148.29729940493038,62.21275998289151],[-148.2967230879995,62.21273697085415],[-148.2966734723819,62.213004285893426],[-148.29609715134794,62.212981271333824],[-148.29604752990485,62.213248586186445],[-148.29547120476778,62.21322556910482],[-148.29537194936896,62.2137601984527],[-148.2947956151644,62.21373717864619],[-148.29474598120837,62.21400449314151],[-148.29416964290075,62.21398147081274],[-148.2940703624749,62.214516099445746],[-148.2934940150996,62.21449307439217],[-148.2934443686295,62.21476038852988],[-148.2928680171512,62.214737360953954],[-148.29281836485455,62.21500467490494],[-148.2905129477011,62.214912540593595],[-148.29046327468325,62.21517985374949],[-148.2870051450316,62.215041581475845],[-148.28695544136264,62.21530889343064],[-148.2783101786809,62.21496284436025],[-148.27826039967914,62.21523015328475],[-148.27595500925972,62.21513778457489],[-148.2759052095358,62.21540509270225],[-148.27359981308837,62.21531268606577],[-148.27354999264193,62.215579993395416],[-148.2700918941277,62.2154413126328],[-148.27004204302943,62.21570861875766],[-148.2683129905589,62.21563924645156],[-148.26836285655037,62.215371940937345],[-148.26490480476684,62.21523313491887],[-148.26495469967813,62.21496583064241],[-148.26264936899813,62.214873247721236],[-148.26269928289952,62.21460594427552],[-148.2621229573591,62.21458279295044],[-148.26217287535806,62.21431548972424],[-148.26102023680426,62.214269180523125],[-148.26112009005794,62.213734574933326],[-148.2605437820082,62.21371141726136],[-148.2606436417229,62.21317681214208],[-148.2600673444667,62.213153652558475],[-148.26011727798763,62.212886350226206],[-148.25954098656143,62.21286318852703],[-148.25959092417898,62.212595886414526],[-148.25901463858273,62.21257272259988],[-148.25906458029675,62.21230542070689],[-148.25445436644114,62.21212002832841],[-148.25440438502267,62.21238732858971],[-148.2526755542479,62.21231776756848],[-148.25262555707295,62.21258506723321],[-148.2503204416695,62.21249228591913],[-148.25027042377477,62.21275958478302],[-148.24796530240832,62.21266676554458],[-148.24801534015478,62.212399467497704],[-148.24052385621658,62.21209755135838],[-148.24057395760914,62.21183025598433],[-148.23481142726195,62.21159774814641],[-148.23486157740814,62.21133045483413],[-148.23428533412093,62.21130719150017],[-148.2343354883589,62.21103989840821],[-148.23375925090414,62.211016632959954],[-148.23380940923377,62.2107493400882],[-148.23265694685958,62.21070280264432],[-148.23270711424252,62.2104355101976],[-148.23213088932312,62.21041223820197],[-148.23218106079725,62.210144945975564],[-148.23102862349387,62.21009839543716],[-148.23107880402065,62.20983110363585],[-148.22992638012363,62.20978454423157],[-148.22997656970264,62.209517252855406],[-148.22882415921234,62.20947068458534],[-148.22887435784318,62.209203393634446],[-148.22656956716145,62.209110230087944],[-148.22651934868534,62.209377520219086],[-148.22421455210122,62.20928431875145],[-148.22416431290847,62.20955160807773],[-148.22243570973993,62.209481682014186],[-148.2223854547915,62.20974897074058],[-148.22180925051802,62.209725657209866],[-148.22175898973614,62.209992945746485],[-148.2211827813735,62.20996962969184],[-148.22113251475807,62.21023691803875],[-148.22055630230628,62.21021359946005],[-148.22050602985706,62.21048088761705],[-148.2199298133162,62.21045756651428],[-148.2198795350331,62.21072485448147],[-148.21930331440322,62.21070153085452],[-148.21925303028598,62.21096881863187],[-148.2186768055671,62.210945492480846],[-148.21847564052484,62.21201464292333],[-148.21789939683157,62.21199131363211],[-148.21774849899964,62.21279317601006],[-148.21717224129313,62.212769843783875],[-148.21636724075015,62.21704644219898],[-148.21579090451155,62.217023104367264],[-148.2157405795913,62.21729039169462],[-148.21516423926266,62.2172670513381],[-148.21511390850534,62.21753433847564],[-148.2145375640867,62.21751099559423],[-148.2144872274921,62.217778282541815],[-148.21333453134864,62.217731589409944],[-148.21328418395294,62.21799887596207],[-148.21270783222826,62.21797552571151],[-148.21265747899488,62.2182428120735],[-148.21150476824013,62.21819610420302],[-148.21145440420514,62.21846339016948],[-148.21030168701952,62.21841667261016],[-148.2102513121826,62.2186839581809],[-148.20967494993747,62.218660595716344],[-148.20962456926227,62.218927881096995],[-148.20559002328955,62.21876427746142],[-148.20553960699255,62.219031561417374],[-148.2043868775187,62.218984796234935],[-148.2043364504188,62.21925207979468],[-148.20087825322383,62.219111727345826],[-148.2009287101065,62.21884444502162],[-148.19631786927087,62.21865718018457],[-148.1963683649861,62.218389899524425],[-148.19291030094897,62.21824935472083],[-148.19285977545337,62.21851663414378],[-148.19055439711343,62.218422890396845],[-148.1906554869335,62.21788833321664],[-148.19007915446795,62.21786489189434],[-148.19018025070497,62.21733033518843],[-148.18902760825793,62.217283446411564],[-148.18907816498614,62.21701616849451],[-148.18792553597456,62.216969270853525],[-148.1879761017508,62.21670199336464],[-148.18682348617506,62.21665508685996],[-148.18687406099883,62.21638780979922],[-148.18629775949012,62.216364353274635],[-148.18634833839863,62.21609707643584],[-148.18461945402711,62.21602669356687],[-148.18467004694483,62.21575941736275],[-148.1812123316853,62.21561859024935],[-148.1811617089942,62.215885865213934],[-148.17597515075428,62.21567446614924],[-148.17592448252532,62.21594173926824],[-148.17477191377404,62.215894735775485],[-148.1747212347415,62.216162008496084],[-148.17299237332514,62.216091485243666],[-148.17294167852663,62.2163587573589],[-148.17178909872376,62.21631172984825],[-148.17173839312113,62.216579001564774],[-148.17116209957751,62.21655548412388],[-148.17080710097983,62.21842638511798],[-148.17023077357922,62.21840286390886],[-148.16997715193,62.219739221185336],[-148.16940080059513,62.21971569662168],[-148.16924860215036,62.2205175105502],[-148.1686722368063,62.22049398304588],[-148.16852001554548,62.221295796491134],[-148.16794363619167,62.22127226604602],[-148.1676391401054,62.222875892108355],[-148.16706273184946,62.222852358100845],[-148.16630127839542,62.22686142257604],[-148.16572479654997,62.22683788314012],[-148.16557246716684,62.22763969583085],[-148.16499597130658,62.22761615345325],[-148.1649451881168,62.22788342417382],[-148.16436868817263,62.227859879269154],[-148.16431789913548,62.228127149797814],[-148.16085888819694,62.22798583040823],[-148.16090970702766,62.227718561123936],[-148.15687426917017,62.22755358440269],[-148.15692512187613,62.22728631658671],[-148.15288976203576,62.227121227649754],[-148.1529406486147,62.22685396130289],[-148.15063476799978,62.22675957456451],[-148.15073657822632,62.226225043579255],[-148.15016012021138,62.22620144151105],[-148.15021102896375,62.22593417624935],[-148.14905812551464,62.22588696556975],[-148.14910904331236,62.225619700739074],[-148.14853259787822,62.22559609212786],[-148.14858351975644,62.22532882752044],[-148.14743064146907,62.22528160375484],[-148.14748157239194,62.2250143395785],[-148.14632870756972,62.22496710695065],[-148.14637964753686,62.224699843205464],[-148.14522679618014,62.2246526017155],[-148.14527774519112,62.224385338401625],[-148.14412490730018,62.22433808804965],[-148.14417586535458,62.22407082516711],[-148.1407174026978,62.22392901969289],[-148.14076838965016,62.22366175807407],[-148.13903918516016,62.22359082464943],[-148.13909018611812,62.22332356367038],[-148.1373610044864,62.22325260999606],[-148.1374120194493,62.22298534965701],[-148.1362592460491,62.22293803602725],[-148.13631027005306,62.222670776119955],[-148.13573388964465,62.22264711603437],[-148.13578491772608,62.22237985635052],[-148.13520854316658,62.22235619415411],[-148.13531060659827,62.2218216752486],[-148.13473424285053,62.22179801114952],[-148.13478527820055,62.22153075192781],[-148.1342089203015,62.221507085717874],[-148.1342599597284,62.221239826719696],[-148.13195455684286,62.22114513952176],[-148.1320056152343,62.220877881372274],[-148.1285475672694,62.2207357822523],[-148.12859865454902,62.220468525368794],[-148.12686965742296,62.22039744512672],[-148.1269207587025,62.220130188884035],[-148.12576810831072,62.22008279087799],[-148.1258192186275,62.21981553506755],[-148.1252428997242,62.21979183279468],[-148.1253451276204,62.21925732163628],[-148.12476881952801,62.21923361746163],[-148.12497328452176,62.21816459615984],[-148.1255495727676,62.218188299499914],[-148.12616282306166,62.21498123453016],[-148.12673905266283,62.215004933048235],[-148.12689233040214,62.21420316651659],[-148.1274685460089,62.214226862090314],[-148.12757071681517,62.21369235072674],[-148.1281469233881,62.21371604356492],[-148.12819800250148,62.213448787697054],[-148.1287742050007,62.21347247800816],[-148.1289274221432,62.21267070986838],[-148.1295036106489,62.21269439723561],[-148.12970786792712,62.2116253724239],[-148.13028403748035,62.211649056638926],[-148.13038615088448,62.2111145439055],[-148.1309623114048,62.2111382253854],[-148.1310644113469,62.21060371229464],[-148.1316405628345,62.21062739103954],[-148.13174264931533,62.21009287759148],[-148.13231879177033,62.21011655360125],[-148.13242086479082,62.209582039795926],[-148.13299699821337,62.20960571307087],[-148.1331500862266,62.20880394184923],[-148.13372620565826,62.20882761218108],[-148.13377722826664,62.20856035492852],[-148.1343533436249,62.208584022733874],[-148.13445537626902,62.20804950785687],[-148.13503148259534,62.20807317292765],[-148.1350824926313,62.207805915303155],[-148.1356585948842,62.20782957784753],[-148.13576060238458,62.207295062226585],[-148.13633669560573,62.20731872203649],[-148.1364896853455,62.20651694809147],[-148.13706576457702,62.206540604958874],[-148.13737169042346,62.204937056219094],[-148.13679564093854,62.204913400600404],[-148.13699959364212,62.20384436923461],[-148.13642356487102,62.203820712130415],[-148.13647455579277,62.20355345453386],[-148.13589853286334,62.20352979531997],[-148.13594952785752,62.203262537946266],[-148.13537351076965,62.20323887662259],[-148.13542450983613,62.202971619471704],[-148.1348484985898,62.20294795603848],[-148.1348995017284,62.202680699110445],[-148.13432349632362,62.20265703356755],[-148.13437450353416,62.202389776862354],[-148.13379850397084,62.20236610920992],[-148.13384951525313,62.202098852727545],[-148.13327352153124,62.2020751829656],[-148.13332453688514,62.201807926706024],[-148.1327485490046,62.20178425483462],[-148.13279956843,62.201516998797956],[-148.13222358639075,62.201493324817044],[-148.13232563249895,62.200958813204075],[-148.13174966125715,62.20093513732212],[-148.1318006879398,62.20066788174567],[-148.13122472253912,62.20064420375431],[-148.13132678316094,62.20010969306193],[-148.1307508285572,62.20008601316959],[-148.13080186249618,62.199818758053546],[-148.13022591373337,62.199795076051885],[-148.13027695174281,62.199527821158725],[-148.12970100882086,62.199504137047924],[-148.1298030920951,62.19896962772177],[-148.1292271599694,62.19894594171012],[-148.12927820523393,62.19867868727718],[-148.12870227894894,62.198654999156346],[-148.12875332828335,62.19838774494625],[-148.128177407839,62.19836405471647],[-148.12822846124314,62.198096800729296],[-148.12765254663933,62.19807310839044],[-148.12775466070127,62.197538600876186],[-148.12717875689293,62.19751490663678],[-148.12722981755047,62.197247653109784],[-148.12607802250022,62.19720025809576],[-148.12612909218163,62.196933005000005],[-148.1255532009397,62.19690930422556],[-148.12560427469,62.19664205135269],[-148.123876621143,62.19657093575107],[-148.12392770887092,62.19630368351811],[-148.12277595417837,62.19625626194784],[-148.1228270509289,62.19598901014628],[-148.12109944039935,62.19591786103779],[-148.12115055112625,62.19565060987628],[-148.1194229634366,62.19557944053918],[-148.1194740881392,62.19531219001787],[-148.1183223773537,62.19526473262493],[-148.11837351107746,62.194997482535356],[-148.1177976619687,62.194973750571904],[-148.11784879975946,62.19470650070543],[-148.11727295649123,62.19468276663355],[-148.11742637940347,62.193881017746236],[-148.11685055188278,62.19385728198355],[-148.11720854231186,62.19198653654203],[-148.1166327503498,62.19196279992319],[-148.11673503525387,62.19142830177175],[-148.11615925408404,62.19140456325353],[-148.11651725798174,62.18953382163325],[-148.11594151236486,62.18951008225924],[-148.11604380111584,62.18897558519885],[-148.1154680662895,62.18895184392564],[-148.11551921428662,62.18868459562549],[-148.11609494416118,62.18870833669],[-148.11619722759167,62.18817383971479],[-148.1167729484496,62.18819757804541],[-148.1168240838833,62.187930329370374],[-148.11739980067628,62.18795406517575],[-148.11745093027193,62.18768681630639],[-148.11802664299992,62.18771054958667],[-148.11807776675766,62.18744330052267],[-148.11865347542061,62.18746703127781],[-148.11875571037444,62.18693253277542],[-148.119331410021,62.18695626079687],[-148.11938252121737,62.18668901135828],[-148.11995821679884,62.18671273685483],[-148.12000932215793,62.186445487221896],[-148.1205850136743,62.18646921019335],[-148.1206361131963,62.1862019603661],[-148.12121180064747,62.186225680812726],[-148.12126289433255,62.18595843079107],[-148.12183857771848,62.18598214871275],[-148.1218896655668,62.18571489849683],[-148.1224653448875,62.18573861389362],[-148.1225164268992,62.18547136348339],[-148.1219407525294,62.185447648295096],[-148.12204292379764,62.18491314793396],[-148.12146726021498,62.18488943084615],[-148.1215183494713,62.18462218089526],[-148.12094269172496,62.18459846169957],[-148.12104487748144,62.184063962257085],[-148.1198935844479,62.18401651775097],[-148.11994468589816,62.183749268467785],[-148.11936904566048,62.183725542948984],[-148.11942015117504,62.18345829388848],[-148.11884451677346,62.18343456626182],[-148.11889562635218,62.183167317424015],[-148.11774437010726,62.18311985563931],[-148.11779548869995,62.182852607232675],[-148.1172198668566,62.182828873074676],[-148.11727098951297,62.18256162489065],[-148.1166953735057,62.18253788862518],[-148.1167465002256,62.182270640663866],[-148.1150196723709,62.182199418596625],[-148.11507081305334,62.18193217127518],[-148.11391960881505,62.18188467873403],[-148.11397075850994,62.18161743184403],[-148.11224397365095,62.18154617628815],[-148.11229513730714,62.18127893003835],[-148.109992789709,62.18118389104184],[-148.110043972275,62.18091664564112],[-148.10946839254237,62.180892880310914],[-148.1096731337302,62.17982389968293],[-148.1090975746803,62.17980013287221],[-148.10925113610153,62.178998398174016],[-148.1098266803057,62.179022164358194],[-148.11095244461129,62.17314277579057],[-148.1103770092525,62.17311901419967],[-148.11047934007297,62.17258452507879],[-148.10990391549376,62.172560761590034],[-148.10995508452038,62.172293517258936],[-148.10937966577427,62.17226975166365],[-148.10948201105984,62.17173526346016],[-148.10890660309286,62.17171149596717],[-148.1090089547235,62.17117700823612],[-148.10843355753534,62.17115323884543],[-148.10853591551052,62.17061875158685],[-148.10796052910078,62.17059498029859],[-148.10801171170382,62.170327736898585],[-148.10743633112665,62.17030396350403],[-148.10748751778837,62.17003672032652],[-148.1069121430437,62.170012944825686],[-148.10696333376393,62.169745701870745],[-148.1063879648517,62.16972192426357],[-148.10649035352182,62.169187438812244],[-148.1070657125434,62.16921121600163],[-148.10721927406053,62.168409487300345],[-148.10779461913373,62.168433261548245],[-148.10784579958735,62.16816601846638],[-148.10842114060236,62.16818979019053],[-148.10847231522433,62.16792254691337],[-148.10904765218112,62.16794631611385],[-148.10914998887546,62.167411829182825],[-148.10972531682924,62.16743559565087],[-148.1097764789019,62.16716835199705],[-148.1103518027974,62.167192115941475],[-148.11040295903902,62.16692487209255],[-148.11097827887625,62.1669486335134],[-148.11123402206792,62.16561241342956],[-148.1118093180693,62.16563617149218],[-148.11186045910503,62.165368927307505],[-148.11243575104828,62.165392682846694],[-148.1125380205735,62.164858194100944],[-148.11311330351455,62.164881946908125],[-148.11331781215927,62.16381296874487],[-148.11274254899354,62.163789216771946],[-148.1128959360076,62.16298748391733],[-148.11232068855819,62.162963730255406],[-148.11278084626053,62.160558534298055],[-148.1133560492229,62.160582286082814],[-148.11366275151687,62.15897882146582],[-148.11308757820876,62.1589550709322],[-148.11318981510752,62.15842058325091],[-148.1126146525689,62.15839683082009],[-148.11266577463203,62.15812958720811],[-148.1120906179208,62.15810583267148],[-148.1121417440402,62.15783858928145],[-148.1115665931563,62.1578148326392],[-148.11161772333182,62.1575475894711],[-148.11046743410427,62.1575000696612],[-148.1105185732773,62.15723282692362],[-148.10994343493365,62.15720906375602],[-148.10999457816237,62.15694182124047],[-148.10941944564595,62.156918055967296],[-148.1094705929302,62.15665081367364],[-148.108895466241,62.15662704629506],[-148.10899776803421,62.15609256216506],[-148.1084226521133,62.15606879288971],[-148.10847380662207,62.155801551053365],[-148.1078986965281,62.155777779672555],[-148.10794985509182,62.15551053805824],[-148.10737475082487,62.15548676457217],[-148.10742591344336,62.155219523179746],[-148.10627571744942,62.15517196968293],[-148.1063268890632,62.15490472872125],[-148.10575179733624,62.154880948710655],[-148.1058029730044,62.15461370797099],[-148.1046528020906,62.15456614142562],[-148.10475517052964,62.15403166082095],[-148.1041800962832,62.154007874494944],[-148.10423128411333,62.153740634421254],[-148.1036562156936,62.15371684599013],[-148.10396335369848,62.15211340707855],[-148.10453839247856,62.152137194256845],[-148.10469193469518,62.15133547435272],[-148.10526695954286,62.151359258591164],[-148.10542047896493,62.15055753817934],[-148.10599548988074,62.150581319477936],[-148.10620015028164,62.149512358278244],[-148.10677514232714,62.149536136428445],[-148.1069286135089,62.148734415040586],[-148.10750359162387,62.14875819025134],[-148.1076570400177,62.147956468355666],[-148.10823200420268,62.147980240627085],[-148.1083342888269,62.14744575901159],[-148.10890924402062,62.147469528552456],[-148.10921604701335,62.14586608276862],[-148.10864112144796,62.145842314479125],[-148.10874339190508,62.14530783307281],[-148.10816847710046,62.14528406288726],[-148.1082196159386,62.145016822412146],[-148.10764470695693,62.14499305012203],[-148.10769584984712,62.144725809868575],[-148.10712094668838,62.14470203547376],[-148.10717209363048,62.14443479544193],[-148.10659719629462,62.14441101894252],[-148.10664834728843,62.144143779132285],[-148.10607345577537,62.144120000528424],[-148.10612461082079,62.1438527609399],[-148.10554972513052,62.143828980231355],[-148.1056008842273,62.14356174086448],[-148.10445112537806,62.14351417292572],[-148.10450229346299,62.14324693398912],[-148.103927420304,62.14322314675878],[-148.10397859243986,62.14295590804379],[-148.1034037251036,62.14293211870915],[-148.10350607659092,62.14239764173542],[-148.09315879383513,62.14196904571124],[-148.09321005710333,62.1417018110038],[-148.09091071971045,62.141606466511284],[-148.09096200183515,62.14133923265309],[-148.08981234833675,62.141291546948175],[-148.08986363944533,62.14102431352111],[-148.08928881896375,62.14100046740857],[-148.08944270176897,62.14019876783185],[-148.08886789698215,62.140174920034134],[-148.08902178660222,62.13937322120009],[-148.08844699750935,62.13934937171725],[-148.08849829720862,62.13908213900732],[-148.08792351393888,62.13905828742102],[-148.0880774225138,62.138256589995336],[-148.08750265493688,62.13823273672417],[-148.08760526608293,62.1376982722558],[-148.0870305092635,62.13767441709055],[-148.08713312672646,62.13713995309149],[-148.08655838066417,62.13711609603223],[-148.0866610044435,62.13658163250235],[-148.086086269138,62.13655777354918],[-148.08618889923318,62.13602331048864],[-148.08561417468414,62.13599944964151],[-148.08571681109464,62.13546498705011],[-148.08514209730168,62.13544112430924],[-148.08519341910846,62.13517389324177],[-148.08461871113755,62.135150028397845],[-148.08467003698976,62.134882797552365],[-148.08409533484092,62.134858930605404],[-148.0841466647384,62.134591699981755],[-148.08357196841152,62.13456783093188],[-148.0836233023541,62.13430060053022],[-148.08304861184914,62.13427672937737],[-148.08309994983668,62.13400949919769],[-148.08252526515358,62.13398562594204],[-148.0825766071859,62.13371839598433],[-148.08200192832464,62.133694520625724],[-148.0821046195899,62.13316006116673],[-148.08152995148347,62.13313618391474],[-148.0815813007162,62.13286895441355],[-148.0810066384314,62.132845075058796],[-148.08105799170832,62.1325778457795],[-148.08048333524513,62.13255396432213],[-148.08058604899827,62.132019506220004],[-148.08001140328923,62.13199562286933],[-148.0802168398605,62.13092670765291],[-148.07964221477,62.13090282282803],[-148.0796935766231,62.130635594264575],[-148.07979629766288,62.13010113717523],[-148.07922168825752,62.13007725066668],[-148.07927305237624,62.12981002235013],[-148.0769746433716,62.129714454035216],[-148.07702602632867,62.12944722656902],[-148.074153059738,62.12932771520655],[-148.07420446646398,62.1290604888007],[-148.07305529591704,62.129012668492244],[-148.07310671161636,62.12874544251808],[-148.07195755449104,62.128697613381945],[-148.0720089791633,62.12843038783944],[-148.07085983545988,62.1283825498758],[-148.07091126910467,62.12811532476507],[-148.06976213882348,62.12806747797398],[-148.06986502316727,62.12753302862864],[-148.06929046922377,62.127509102185144],[-148.06939335986883,62.12697465330875],[-148.06881881667707,62.12695072497317],[-148.06892171362284,62.12641627656554],[-148.0683471811825,62.12639234633789],[-148.0684500844285,62.125857898399076],[-148.0678755627392,62.1258339662795],[-148.06792701795715,62.12556674253839],[-148.0673525020884,62.12554280831711],[-148.0674039613463,62.12527558479804],[-148.06682945129802,62.12525164847522],[-148.06688091459563,62.12498442517823],[-148.06630641036782,62.12496048675373],[-148.0664093441517,62.12442604061623],[-148.06698383851972,62.124449978621044],[-148.06760130728233,62.12124330030508],[-148.06817574338842,62.121267233481035],[-148.06843295956645,62.119931116985114],[-148.06900737191924,62.119955046801216],[-148.06972738988523,62.116213919289066],[-148.0703017341374,62.11623784385871],[-148.0704045697596,62.115703396845234],[-148.07097890504664,62.11572731868476],[-148.07108172725742,62.11519287130034],[-148.07165605357952,62.11521679040995],[-148.07170745842413,62.11494956652619],[-148.07228178070835,62.11497348311548],[-148.0723845778766,62.1144390349649],[-148.07295889119604,62.11446294882443],[-148.07301028351995,62.114195724557646],[-148.07358459280147,62.11421963589698],[-148.07363597930984,62.113952411432784],[-148.07421028455343,62.113976320252],[-148.0742616652464,62.11370909559025],[-148.07483596645196,62.11373300188936],[-148.0748873413297,62.113465777030186],[-148.07546163849725,62.11348968080922],[-148.07551300755995,62.11322245575263],[-148.07608730068935,62.11324635701157],[-148.07613866393717,62.112979131757584],[-148.07671295302845,62.11300303049655],[-148.07676431046156,62.11273580504526],[-148.07733859551465,62.11275970126425],[-148.0773899471332,62.11249247561557],[-148.07796422814806,62.112516369314626],[-148.07801557395226,62.112249143468645],[-148.07858985092884,62.112273034647814],[-148.07879520556142,62.1112041305464],[-148.07936946372146,62.111228018577954],[-148.079472125859,62.110693566180636],[-148.0788978775507,62.11066967856772],[-148.0791032108761,62.10960077475377],[-148.0785289831579,62.10957688566758],[-148.07858031919537,62.10930965995321],[-148.07800609729028,62.109285768765986],[-148.07810877655248,62.1087513177917],[-148.07753456538563,62.1087274247127],[-148.0775859086101,62.1084601994528],[-148.0770117032562,62.10843630427284],[-148.0770630505178,62.108169079234145],[-148.07591465232372,62.1081212823623],[-148.07596600854714,62.10785405775413],[-148.07539181570698,62.10783015606225],[-148.07544317596708,62.107562931675346],[-148.07429480280067,62.10751512177975],[-148.07434617202188,62.1072478978236],[-148.07319781225775,62.107200079106285],[-148.07324919043967,62.106932855580745],[-148.0721008440781,62.10688502804191],[-148.07215223122034,62.106617804947156],[-148.0715780642967,62.106593887922095],[-148.07162945547466,62.106326665048606],[-148.07048113414172,62.10627882448731],[-148.07053253427935,62.10601160204476],[-148.06938422634963,62.10596375266233],[-148.0694356354465,62.10569653065062],[-148.06828734092034,62.10564867244736],[-148.068338758976,62.1053814508667],[-148.06719047785376,62.105333583842764],[-148.06724190486787,62.10506636269304],[-148.06494537298914,62.10497060176457],[-148.06499681880837,62.10470338146537],[-148.06327444400947,62.10463153714431],[-148.06332590370945,62.104364317485995],[-148.0610294361278,62.104268493558884],[-148.06108091463108,62.10400127475163],[-148.05821037479663,62.10388144392112],[-148.0582618770252,62.10361422617494],[-148.05711367716998,62.103566278094185],[-148.05716518835393,62.103299060779605],[-148.0560170019068,62.103251103879764],[-148.0560685220457,62.10298388699684],[-148.054920349007,62.102935921278295],[-148.0549718781005,62.102668704827046],[-148.05439779784004,62.10264471871317],[-148.05444933096518,62.102377502483634],[-148.05330118296214,62.10232952374729],[-148.05335272504118,62.102062307949474],[-148.05220459044725,62.10201432039482],[-148.05225614147975,62.10174710502888],[-148.05053396103997,62.10167510700527],[-148.05058552594767,62.101407892281365],[-148.04886336829728,62.10133587410248],[-148.04901810196884,62.100534231891956],[-148.04959213886175,62.100558239630445],[-148.0497984182549,62.09948938267036],[-148.05037243635297,62.099513387258604],[-148.05057868179787,62.0984445296418],[-148.0511526811021,62.098468531080016],[-148.05135889260285,62.09739967280637],[-148.05193287311434,62.09742367109469],[-148.0520359636766,62.09688924160647],[-148.05260993523763,62.096913237165374],[-148.05271301239483,62.0963788073028],[-148.0532869750055,62.096402800132346],[-148.05333850732737,62.096135585008206],[-148.0539124659083,62.09615957531848],[-148.05411856660749,62.09509071409602],[-148.05354462770774,62.09506672462573],[-148.05359615557617,62.094799509558754],[-148.0524482902888,62.09475152411115],[-148.05249982710654,62.09448430947554],[-148.05192590071889,62.094460313498224],[-148.05197744156575,62.094193099084144],[-148.05140352098877,62.09416910100786],[-148.05145506586456,62.09390188681531],[-148.05088115109822,62.09387788664008],[-148.05103579513903,62.09307624476076],[-148.05046189602226,62.093052242906886],[-148.05056499743358,62.09251781546435],[-148.04999110904637,62.09249381172178],[-148.05009421673225,62.09195938474478],[-148.04952033907426,62.09193537911369],[-148.04962345303414,62.091400952602214],[-148.04904958610507,62.09137694508257],[-148.0492042651185,62.09057530603037],[-148.04863041383658,62.09055129683249],[-148.04914600181658,62.08787916949188],[-148.0497198039171,62.08790317658854],[-148.0500806280727,62.08603268664658],[-148.05065439664182,62.08605668996425],[-148.05080900745463,62.08525505095523],[-148.05138276216312,62.08527905133433],[-148.0514858217522,62.08474462496406],[-148.05205956751735,62.0847686226149],[-148.05226565634499,62.0836997691679],[-148.0528393833338,62.083723763670626],[-148.0529424125737,62.08318933659395],[-148.0535161306198,62.08321332836846],[-148.0535676389884,62.082946114636925],[-148.05414135300813,62.08297010389339],[-148.05424435724314,62.08243567604381],[-148.05481806232027,62.08245966257227],[-148.05486955818697,62.082192448454215],[-148.0560169611781,62.08224041416713],[-148.05606844632302,62.08197319964054],[-148.05664214423683,62.081997178824885],[-148.05669362357625,62.081729964099544],[-148.0572673174635,62.08175394076607],[-148.0574217353979,62.08095229602735],[-148.05684805625816,62.08092831999015],[-148.05689953204012,62.08066110530915],[-148.05575218626007,62.0806131467303],[-148.05580367098383,62.080345932480014],[-148.0552300043435,62.08032194993842],[-148.05528149309328,62.080054735908945],[-148.05470783225792,62.08003075126918],[-148.05475932503347,62.079763537460686],[-148.05361201586226,62.079715561677034],[-148.05366351757866,62.07944834829922],[-148.05308986924283,62.07942435715537],[-148.0531413749846,62.079157143998536],[-148.05199409081254,62.07910915520695],[-148.05209711928657,62.07857472976595],[-148.05152348836523,62.07855073232821],[-148.0515750061822,62.07828351983413],[-148.05100138106556,62.07825952029856],[-148.0511559439205,62.07745788351196],[-148.05058233443762,62.07743388229844],[-148.05063385852367,62.07716667026812],[-148.05006025484525,62.07714266695694],[-148.05016331017578,62.07660824334909],[-148.04958971721592,62.0765842381501],[-148.05000194224732,62.074446545834995],[-148.05057549589665,62.07447054935423],[-148.05083308305,62.073134490961024],[-148.050259553967,62.07311048849159],[-148.05041411032033,62.07230885421569],[-148.04984059686592,62.07228485006862],[-148.04994363981123,62.071750427692045],[-148.04937013707206,62.071726421657495],[-148.0494216621225,62.07145921069537],[-148.04827466913903,62.071411192124444],[-148.04822313426357,62.07167840266665],[-148.04764963419439,62.071654389710304],[-148.04759809351623,62.071921600053265],[-148.04358358357393,62.07175344328433],[-148.04353200761764,62.07202065216733],[-148.04238500296773,62.07197258619034],[-148.0423334162956,62.07223979466378],[-148.04118640538456,62.07219171903724],[-148.0411348079963,62.07245892710098],[-148.0405612989649,62.07243488561657],[-148.04050969577284,62.072702093480856],[-148.03993618272008,62.072678049478796],[-148.03988457372404,62.07294525714353],[-148.03931105665,62.07292121062387],[-148.03925944184982,62.07318841808906],[-148.03868592075452,62.0731643690517],[-148.03863430015005,62.07343157631728],[-148.03806077503353,62.07340752476227],[-148.03800914862458,62.07367473182836],[-148.03743561948693,62.07365067775553],[-148.03738398727333,62.073917884622034],[-148.03681045411454,62.073893828031466],[-148.03675881609615,62.07416103469824],[-148.03618527891632,62.074136975589845],[-148.03613363509297,62.074404182057],[-148.03556009389206,62.07438012043084],[-148.0355084442636,62.07464732669829],[-148.03436135471205,62.0745991961026],[-148.03430969436513,62.07486640195986],[-148.03373614601463,62.07484233299034],[-148.03368447986216,62.075109538647844],[-148.0331109274909,62.075085467160356],[-148.03305925553275,62.075352672618145],[-148.03248569914072,62.07532859861265],[-148.03243402137673,62.07559580387057],[-148.03186046096403,62.07557172734708],[-148.03180877739396,62.075838932405205],[-148.03123521296064,62.07581485336346],[-148.0311835235844,62.07608205822183],[-148.03060995513044,62.07605797666201],[-148.0305582599478,62.07632518132046],[-148.02998468747336,62.07630109724247],[-148.02988128460197,62.076835506170546],[-148.02930770319335,62.07681141936364],[-148.02920428692212,62.07734582791351],[-148.02863069657923,62.0773217383776],[-148.02847555073134,62.078123350651246],[-148.02790194653997,62.07809925817553],[-148.02779850167963,62.07863366599052],[-148.0272248885535,62.07860957078555],[-148.02712143029063,62.07914397822237],[-148.02654780822957,62.07911988028815],[-148.02649607284332,62.07938708381198],[-148.0253488215738,62.079338880598556],[-148.02529707546495,62.07960608371162],[-148.02472344625662,62.07958197843247],[-148.02467169433936,62.07984918134536],[-148.02409806111058,62.0798250735476],[-148.02404630338478,62.0800922762605],[-148.02289902978066,62.0800440533198],[-148.02284726133155,62.080311255621616],[-148.02227362095635,62.080287140478774],[-148.0222218466983,62.08055434258049],[-148.0216482023029,62.080530224918654],[-148.021544641274,62.0810646287327],[-148.0209709879437,62.081040508341104],[-148.02086741350672,62.081574911776514],[-148.0202937512414,62.08155078865502],[-148.0202419577659,62.08181799017793],[-148.01966829148043,62.081793864537495],[-148.01961649219507,62.08206106586028],[-148.01846915247881,62.082012807233475],[-148.01841734246838,62.082280008144906],[-148.015548984268,62.08215932013429],[-148.01549714878703,62.082426520000595],[-148.01434980194492,62.08237822821875],[-148.01429795573821,62.08264542767333],[-148.01372427874563,62.08262127810928],[-148.0134650096991,62.08395727448869],[-148.0128913090259,62.08393312156007],[-148.0127357221001,62.084734718884334],[-148.01216200757614,62.08471056301364],[-148.01205826864697,62.0852449608615],[-148.0114845451876,62.085220802259954],[-148.01143266946278,62.085488000988846],[-148.01085894198383,62.085463839867934],[-148.01080706044672,62.085731038396176],[-148.00908586864082,62.085658540550355],[-148.0090339714593,62.08592573845515],[-148.00788650490674,62.08587739459437],[-148.00783459699645,62.08614459208711],[-148.00668712419937,62.08609623857075],[-148.00663520556003,62.086363435651236],[-148.00548772651916,62.08631507247927],[-148.00543579715057,62.086582269147456],[-148.00486205405988,62.086558083887546],[-148.00481011887786,62.086825280355015],[-148.00366262555642,62.086776902487586],[-148.0036106796446,62.087044098542584],[-148.00303692941398,62.087019905934945],[-148.00298497768833,62.08728710178914],[-148.00183747008774,62.087238709225936],[-148.0017855076318,62.087505904667495],[-148.00063799379006,62.08745750244804],[-148.00058602060358,62.087724697476915],[-147.9994385005214,62.08767628560113],[-147.99938651660412,62.0879434802172],[-147.99479643288095,62.08774973869146],[-147.9947444087347,62.08801693162296],[-147.99072809825532,62.08784728512471],[-147.9907801568147,62.08758009367782],[-147.98332147536277,62.08726473859784],[-147.98326935289617,62.087531927285056],[-147.98154812557507,62.087459097004825],[-147.98149598746042,62.08772628506554],[-147.9809222419059,62.087702003476835],[-147.98087009797445,62.08796919133581],[-147.98029634840503,62.087944907226564],[-147.9802441986567,62.08821209488378],[-147.97967044507246,62.08818780825385],[-147.97961828950702,62.088454995709334],[-147.9784707752102,62.08840641510018],[-147.9784186089115,62.08867360214129],[-147.97784484819914,62.08864930816185],[-147.97779267608294,62.08891649500118],[-147.97721891135595,62.08889219850104],[-147.9771667334221,62.089159385138466],[-147.97659296468063,62.089135086117594],[-147.97654078092896,62.0894022725532],[-147.97596700817294,62.08937797101142],[-147.97591481860331,62.0896451572451],[-147.97534104183288,62.08962085318251],[-147.9752888464451,62.08988803921427],[-147.97471506566023,62.089863732630796],[-147.97466286445413,62.09013091846058],[-147.97408907965496,62.09010660935613],[-147.97403687263036,62.09037379498396],[-147.97346308381682,62.09034948335855],[-147.9734108709736,62.090616668784456],[-147.9722632862204,62.09056803818336],[-147.9722110626418,62.0908352231944],[-147.97106347166525,62.09078658293467],[-147.97101123735104,62.09105376753083],[-147.96642087022389,62.09085911245933],[-147.96636859567457,62.091126295362606],[-147.96464720815467,62.091053260985895],[-147.9645949179525,62.091320443260706],[-147.96402111900306,62.09129609363897],[-147.96381192949138,62.09236482199341],[-147.96323811177905,62.092340469210725],[-147.9630811954049,62.093142014950196],[-147.96250736384565,62.09311765921984],[-147.96245505166272,62.093384840941354],[-147.9618812160904,62.09336048268935],[-147.961776579178,62.09389484573849],[-147.96120273467545,62.09387048475166],[-147.9611504099457,62.094137666079156],[-147.96057656143014,62.094113302570626],[-147.9605242308788,62.09438048369572],[-147.95995037835027,62.09435611766553],[-147.9598980419771,62.09462329858815],[-147.95932418543566,62.094598930036206],[-147.95927184324054,62.09486611075625],[-147.9586979826862,62.094841739682636],[-147.95859328574704,62.09537610072844],[-147.95801941626226,62.09535172691961],[-147.9579670615179,62.0956189072454],[-147.9573931880203,62.09559453091475],[-147.95734082745338,62.09586171103792],[-147.95389757596772,62.095715403294186],[-147.95394996604057,62.095448224451715],[-147.95222836727265,62.09537504005565],[-147.9522807711925,62.09510786186451],[-147.95113305304355,62.095059061152014],[-147.95108063928888,62.09532623891592],[-147.94993291492844,62.09527742854241],[-147.94988049043306,62.095544605889835],[-147.94930662469437,62.09552019702675],[-147.9492541943755,62.09578737417136],[-147.94868032462543,62.095762962786054],[-147.94862788848286,62.09603013972774],[-147.94633239887563,62.09593247024716],[-147.9463848546882,62.09566529416053],[-147.9452371251585,62.09561644599692],[-147.94528958989923,62.09534927034865],[-147.944141873831,62.09530041337904],[-147.94408939925572,62.09556758859973],[-147.9423678172033,62.09549428519063],[-147.94231532696915,62.095761459780384],[-147.9405937383291,62.09568813495374],[-147.94054123243583,62.095955308912366],[-147.93939350137816,62.09590641372458],[-147.93934098474273,62.096173587265845],[-147.93876711565792,62.09614913599531],[-147.93871459319746,62.09641630933332],[-147.93814072010295,62.0963918555402],[-147.9380881918173,62.096659028674836],[-147.93751431471316,62.096634572359186],[-147.93746178060215,62.096901745290474],[-147.93631401928275,62.096852825305646],[-147.9362089286664,62.09738717034384],[-147.93563503953365,62.097362706460395],[-147.93558248794557,62.097629878781426],[-147.9332869208272,62.0975319993058],[-147.93333949208588,62.09726482784164],[-147.93161784103975,62.09719139463846],[-147.93167042614235,62.096924223827735],[-147.92707943601914,62.096728302095414],[-147.9271320595511,62.09646113301046],[-147.9259843309476,62.096412129922214],[-147.92603696340424,62.09614496127689],[-147.92488924827325,62.09609594938409],[-147.92494188965418,62.09582878117843],[-147.92322033853168,62.0957552466704],[-147.92327299375324,62.095488079118994],[-147.92097762466358,62.095390001650536],[-147.9210302986417,62.095122834968166],[-147.91873496378284,62.09502472142631],[-147.91878765651654,62.09475755561336],[-147.91362325060916,62.0945366670471],[-147.91357051362877,62.094803830926665],[-147.9049632607791,62.094435264625],[-147.90501607149974,62.09416810397133],[-147.90157325733296,62.094020533331665],[-147.90152041711767,62.094287692693676],[-147.90094661303615,62.094263089293634],[-147.90068237368305,62.09559888518363],[-147.90010854593518,62.095574278398566],[-147.89994997661503,62.096375755411756],[-147.89937613503187,62.09635114567236],[-147.89927040775163,62.09688546330266],[-147.89812270766043,62.09683623603749],[-147.89806983281687,62.09710339443738],[-147.8974959792254,62.09707877712705],[-147.8973902169637,62.09761309352731],[-147.89681635445288,62.09758847347767],[-147.8967634670345,62.097855631478],[-147.89618960052098,62.0978310089045],[-147.89613670727178,62.098098166699835],[-147.8949889671537,62.098048914196895],[-147.8949360631567,62.0983160715715],[-147.89436218955228,62.098291441642004],[-147.8943092797241,62.09855859881148],[-147.89373540211727,62.09853396635796],[-147.89368248645772,62.09880112332235],[-147.89310860484846,62.09877648834488],[-147.8930556833574,62.09904364510404],[-147.89190791304893,62.09899436779275],[-147.89185498080914,62.09926152413107],[-147.89128109211006,62.0992368817972],[-147.89122815403837,62.09950403793017],[-147.89008036955096,62.09945474590588],[-147.89002742073004,62.09972190161785],[-147.88945352494187,62.099697251927296],[-147.88934761472018,62.10023156295113],[-147.88877371001283,62.1002069105206],[-147.88866778629537,62.10074122115475],[-147.88809387266863,62.100716565984094],[-147.88788199457846,62.10178518651516],[-147.88730806219692,62.101760528172534],[-147.88688422272307,62.103897768012985],[-147.88631025191282,62.10387310563439],[-147.88625726293913,62.10414026044608],[-147.8856832881264,62.10411559554288],[-147.88563029331823,62.10438275014911],[-147.8827604084047,62.104259389922696],[-147.88270738808802,62.10452654345936],[-147.88155943070052,62.104477182775774],[-147.88150639963038,62.10474433589073],[-147.879784455669,62.10467027690171],[-147.8797314089266,62.10493742937877],[-147.87800945846234,62.10486334896277],[-147.87795639604738,62.105130500801714],[-147.8768084238202,62.10508110188179],[-147.87675535065085,62.10534825329869],[-147.8756073722563,62.10529884471124],[-147.8755542883323,62.10556599570605],[-147.87498029559282,62.105541287732805],[-147.8749272058326,62.105808438521805],[-147.8737792132696,62.105759015216556],[-147.87372611275427,62.106026165583295],[-147.87315211293088,62.106001450251085],[-147.8730990065789,62.106268600412],[-147.87252500275483,62.10624388255462],[-147.87247189056603,62.10651103250961],[-147.8713238758348,62.106461589435625],[-147.87127075289013,62.10672873896825],[-147.87069674198312,62.106704013751546],[-147.87064361320125,62.10697116307812],[-147.87006959829375,62.10694643533602],[-147.87001646367452,62.107213584456666],[-147.86944244476663,62.10718885418931],[-147.8693893043098,62.10745600310382],[-147.86881528140154,62.10743127031104],[-147.86876213510703,62.10769841901959],[-147.86818810819844,62.10767368370132],[-147.86813495606606,62.10794083220389],[-147.8675609251572,62.10791609436012],[-147.8675077671867,62.10818324265652],[-147.86521163306503,62.108084267326404],[-147.865264810712,62.107817119896744],[-147.86067262595242,62.107619060146014],[-147.8607258420314,62.107351914461304],[-147.8590038026797,62.10727760461029],[-147.85905703259482,62.10701045958673],[-147.85618701000627,62.106886564744805],[-147.85624026359383,62.10661942081669],[-147.8527962963775,62.10647067212148],[-147.85274301327962,62.1067378147471],[-147.85102102734962,62.10666340858103],[-147.8509677285756,62.106930550565465],[-147.84981973272548,62.10688093447709],[-147.84976642319336,62.107148076037454],[-147.84919242173217,62.10712326431299],[-147.84913910636007,62.10739040566649],[-147.8485651009021,62.10736559141602],[-147.8485117796899,62.10763273256267],[-147.84793777023515,62.10760791578616],[-147.84788444318264,62.10787505672598],[-147.84673641720173,62.10782541581209],[-147.84668307939015,62.108092556327605],[-147.84496103257857,62.108018076989296],[-147.84490767908906,62.10828521686296],[-147.84261160991204,62.10818587788654],[-147.84255823582572,62.10845301690075],[-147.8414101969357,62.10840333312517],[-147.84135681208946,62.108670471714575],[-147.84078278911008,62.10864562614612],[-147.84067600681146,62.10917990292112],[-147.84010197491764,62.10915505460867],[-147.84004857746504,62.10942219279413],[-147.8394745415755,62.10939734195535],[-147.8394211382809,62.10966447993358],[-147.8388470983957,62.10963962656827],[-147.8387936892589,62.1099067643393],[-147.83821964537808,62.10988190844756],[-147.83816623039897,62.11014904601122],[-147.83701813556968,62.110099326865914],[-147.83696470982903,62.110366464004635],[-147.83466851157837,62.110266997136996],[-147.83461506523784,62.110534133415],[-147.83059671944224,62.11035997598179],[-147.83065020021527,62.11009284122894],[-147.82892808064042,62.11001816835076],[-147.8289815752451,62.10975103426228],[-147.828407542155,62.10972613890341],[-147.8284610407535,62.109459005043256],[-147.82731298718502,62.10940920783526],[-147.82736649469564,62.10914207442158],[-147.82679247421729,62.10911717257258],[-147.82684598572135,62.10885003938725],[-147.82627197108638,62.10882513544767],[-147.82632548658367,62.108558002490774],[-147.825751477792,62.108533096460604],[-147.82580499728235,62.10826596373204],[-147.82465699231093,62.108216145182105],[-147.82471052071216,62.107949012900036],[-147.82413652453235,62.10792410038041],[-147.82424358839467,62.107389836283396],[-147.82366960297597,62.10736492189143],[-147.82377667297231,62.10683065827173],[-147.8232026983143,62.10680574200767],[-147.82336331112094,62.10600434730939],[-147.82278935214063,62.105979429391276],[-147.82289643255257,62.10544516674653],[-147.8223224843321,62.10542024695647],[-147.822376028067,62.1051531158675],[-147.82180208568903,62.10512819398725],[-147.82190918021624,62.10459393227637],[-147.82133524859762,62.10456900852422],[-147.8213887993897,62.10430187790222],[-147.82081487361341,62.104276952060054],[-147.82092198225416,62.10374269128292],[-147.8203480672367,62.10371776356894],[-147.8204016250851,62.103450633413836],[-147.81982771590975,62.10342570360981],[-147.81993483866225,62.10289144376656],[-147.81878704275397,62.102841578107075],[-147.81884061257395,62.10257444863719],[-147.8182667209247,62.102549512563506],[-147.8183202947349,62.10228238332201],[-147.8171725240462,62.10223250468685],[-147.8172261067623,62.1019653758921],[-147.81665222772293,62.10194043333073],[-147.8167058144288,62.10167330476438],[-147.81613194123125,62.10164836011336],[-147.81618553192672,62.10138123177545],[-147.81561166457107,62.101356285034626],[-147.81566525925592,62.101089156925156],[-147.81509139774207,62.10106420809475],[-147.8151449964162,62.100797080213745],[-147.81457114074408,62.10077212929383],[-147.81462474340725,62.10050500164117],[-147.81405089357688,62.10048004863168],[-147.81410450022898,62.100212921207515],[-147.81353065624023,62.10018796610854],[-147.8135842668811,62.09992083891285],[-147.81301042873397,62.09989588172436],[-147.81306404336343,62.09962875475706],[-147.81249021105782,62.09960379547928],[-147.8125438296757,62.099336668740385],[-147.81197000321166,62.099311707373175],[-147.81202362581774,62.09904458086284],[-147.81144980519514,62.09901961740623],[-147.81150343178936,62.09875249112433],[-147.81092961700816,62.098727525578525],[-147.81109050597425,62.09792614744799],[-147.81051670686335,62.09790118024992],[-147.8106239713691,62.09736692864963],[-147.80890260908305,62.09729201452046],[-147.80895625468816,62.097024889390944],[-147.80780869429373,62.09697493553703],[-147.80786234879983,62.09670781085444],[-147.80728857490726,62.09668283068466],[-147.80734223340008,62.096415706230644],[-147.80619469822423,62.0963657394055],[-147.80624836561736,62.09609861539875],[-147.80567460433411,62.096073628743476],[-147.80572827571356,62.09580650496511],[-147.80343325950963,62.095706536143496],[-147.80348694961563,62.0954394132499],[-147.80061822480167,62.095314401397644],[-147.80067193854643,62.095047279607954],[-147.79780326150083,62.09492221116349],[-147.79785699888293,62.09465509047812],[-147.79613581853582,62.09458002237917],[-147.79618956972817,62.09431290236052],[-147.7950421306326,62.094262845862296],[-147.79509589072177,62.09399572629145],[-147.79452217747996,62.09397069480034],[-147.7945759415529,62.09370357545819],[-147.79342852768136,62.093653505992314],[-147.79348230065048,62.09338638709801],[-147.79233490032013,62.093336308841046],[-147.792388682185,62.09306919039465],[-147.7912412953962,62.093019103347046],[-147.79129508615637,62.09275198534854],[-147.79014771290937,62.09270188951033],[-147.7902015125645,62.09243477195993],[-147.78905415285968,62.09238466733124],[-147.78910796140931,62.09211755022897],[-147.78796061524693,62.09206743681004],[-147.7880144326907,62.09180032015594],[-147.7857197711711,62.091700066509745],[-147.78577360733195,62.09143295074248],[-147.78519994918872,62.091407881782494],[-147.78525378933105,62.09114076624409],[-147.7846801370295,62.09111569519647],[-147.7847339811532,62.09084857988699],[-147.7841603346933,62.09082350675168],[-147.78421418279817,62.09055639167124],[-147.78364054217985,62.09053131644828],[-147.78374824542124,62.089997086754714],[-147.78317461555565,62.08997200966359],[-147.78322847069197,62.08970489505053],[-147.78208122357393,62.08965473438642],[-147.7821350876018,62.0893876202217],[-147.7804142386364,62.08931236258193],[-147.78046811646615,62.08904524908529],[-147.7770264731314,62.088894672837256],[-147.77708037949404,62.08862756066746],[-147.77363879914546,62.08847690269163],[-147.77369273403914,62.0882097918493],[-147.77254555786277,62.08815955450919],[-147.77265344449577,62.08762533373199],[-147.7720798676255,62.0876002120414],[-147.77218776035133,62.08706599174129],[-147.77161419423277,62.08704086818358],[-147.77166814410776,62.08677375826729],[-147.77109458383086,62.086748632622765],[-147.77114853768367,62.086481522935756],[-147.7700014297451,62.08643126516638],[-147.77005539248515,62.08616415592834],[-147.7694818448235,62.08613902380358],[-147.76953581154092,62.085871914794865],[-147.76666811176364,62.08574622067209],[-147.7667221020954,62.085479112772184],[-147.7655750385302,62.085428819417324],[-147.7656290377477,62.08516171196669],[-147.76505551227316,62.08513656204949],[-147.765109515467,62.08486945482813],[-147.7645359958342,62.08484430282449],[-147.76459000300423,62.08457719583242],[-147.76401648921313,62.08455204174233],[-147.76407050035917,62.08428493497958],[-147.7634969924097,62.08425977880313],[-147.76355100753156,62.08399267226974],[-147.76297750542372,62.08396751400694],[-147.76303152452124,62.08370040770283],[-147.76245802825494,62.08367524735375],[-147.762512051328,62.08340814127886],[-147.7619385609032,62.083382978843574],[-147.76199258795157,62.083115872998135],[-147.76141910336818,62.08309070847658],[-147.7614731343918,62.08282360286042],[-147.7608996556498,62.08279843625268],[-147.76100772471378,62.082264225488224],[-147.7604342567212,62.082239057014554],[-147.7604882947614,62.08197195186618],[-147.75991483260998,62.08194678130639],[-147.76002291570632,62.081412571477614],[-147.75944946430383,62.081387399052005],[-147.75950350935972,62.0811202943715],[-147.75893006379823,62.08109511985981],[-147.7590381609251,62.08056091096673],[-147.75846472611198,62.080535734589255],[-147.75851877818272,62.08026863037665],[-147.75794534921042,62.0802434519134],[-147.75799940525496,62.079976347930064],[-147.75398546294167,62.0798000356598],[-147.7540395524023,62.079532933227455],[-147.74658527334498,62.07920519924225],[-147.74653112009545,62.0794722988085],[-147.73907693528886,62.079144172256505],[-147.73913115232318,62.078877075559696],[-147.73798437851218,62.07882656040538],[-147.73803860442283,62.078559464159206],[-147.73746522382802,62.07853420334423],[-147.73751945370847,62.07826710732798],[-147.7352259603188,62.07816604189401],[-147.7352802088868,62.07789894677035],[-147.72954659005407,62.077646123994676],[-147.72960088674282,62.07737903109061],[-147.7278808340881,62.07730313996062],[-147.7279351445558,62.07703604772915],[-147.72678845728558,62.0769854425568],[-147.72684277662626,62.07671835077656],[-147.72569610291833,62.07666773682434],[-147.7257504311316,62.07640064549549],[-147.72517710058983,62.07637533528236],[-147.7252314327702,62.07610824418365],[-147.72465810807162,62.07608293188625],[-147.72471244421888,62.07581584101766],[-147.72413912536348,62.075790526636105],[-147.72419346547747,62.075523435997546],[-147.72362015246517,62.07549811953184],[-147.72378318189212,62.07469684833309],[-147.72320988453214,62.07467153022598],[-147.7233185759346,62.07413734991333],[-147.72045215225486,62.07401072701094],[-147.72050652107006,62.07374363797473],[-147.7164936016737,62.073566270638125],[-147.71654800387856,62.07329918316121],[-147.71482821007862,62.073223134674],[-147.71488262605578,62.07295604787068],[-147.7131628554222,62.07287997930123],[-147.71321728517103,62.0726128931715],[-147.7120707859208,62.07256216970929],[-147.712125224537,62.07229508403159],[-147.71155198122506,62.07226971906452],[-147.71160642380497,62.072002633617146],[-147.71103318633627,62.07197726656664],[-147.7110876328796,62.07171018134972],[-147.71051440125416,62.07168481221584],[-147.71062330132744,62.071150642251276],[-147.70431792337195,62.07087143452513],[-147.70426341987255,62.07113851706242],[-147.70369020443542,62.07111312048983],[-147.70358118480803,62.07164728514615],[-147.70300796050603,62.07162188582439],[-147.70295344437775,62.07188896794332],[-147.7023802161138,62.07186356609457],[-147.70227117122755,62.07239772991394],[-147.70169793409858,62.07237232531601],[-147.7016434053403,62.072639407016396],[-147.70107016424942,62.07261399989126],[-147.7010156296465,62.072881081378156],[-147.70044238459374,62.07285567172568],[-147.70038784414595,62.07312275299904],[-147.69981459513141,62.07309734081939],[-147.69976004883864,62.07336442187909],[-147.69918679586235,62.07333900717218],[-147.6991322437244,62.07360608801823],[-147.69798573079026,62.07355525124442],[-147.69793116790345,62.073822331654725],[-147.6973579079458,62.07379690958787],[-147.6973033392134,62.074063989784385],[-147.69673007529423,62.07403856519011],[-147.69667550071608,62.07430564517298],[-147.6961022328355,62.074280218051214],[-147.69604765241144,62.074547297820345],[-147.69547438056944,62.07452186817107],[-147.69541979429934,62.074788947726454],[-147.69484651849598,62.07476351554962],[-147.69479192637965,62.07503059489121],[-147.69421864661498,62.07500516018679],[-147.69416404865225,62.0752722393146],[-147.69359076492634,62.07524680208252],[-147.69353616111704,62.075513880996546],[-147.69181630088426,62.07543755480161],[-147.6917616814203,62.075704633056844],[-147.69004181496265,62.075628285447095],[-147.69009644913828,62.075361207859345],[-147.68952316710931,62.0753357542681],[-147.6895778052455,62.07506867691146],[-147.6890045290636,62.07504322123755],[-147.68911381231337,62.07450906699486],[-147.68854054688202,62.07448360946091],[-147.68859519199538,62.07421653257487],[-147.6880219324109,62.07419107295827],[-147.6881312296141,62.073656919656926],[-147.6875579807797,62.07363145818051],[-147.6876126328693,62.07336438176507],[-147.68703938988156,62.07333891820611],[-147.6870940459308,62.073071842021854],[-147.6865208087896,62.073046376380496],[-147.68663012786328,62.07251222448257],[-147.68605690147152,62.07248675698142],[-147.68616622657638,62.071952605562565],[-147.68559301093364,62.07192713620165],[-147.6858116694301,62.070858834355825],[-147.6852384743408,62.07083336358055],[-147.68573044487712,62.0684296869224],[-147.68515729484824,62.06840421584602],[-147.6855399200727,62.06653469158219],[-147.6861130357932,62.06656016110042],[-147.6862769891789,62.0657589358728],[-147.68685009114026,62.06578440241869],[-147.6870140213354,62.064983176597984],[-147.68758710953813,62.06500864017187],[-147.6876963818188,62.06447448922106],[-147.6882694611637,62.06449995004546],[-147.68837871987222,62.06396579868276],[-147.6878056503278,62.06394033830326],[-147.68791491506528,62.0634061874185],[-147.6873418562638,62.06338072517971],[-147.68739649211824,62.063113649972216],[-147.68682343915955,62.063088185651566],[-147.6868780789709,62.06282111067485],[-147.68630503185497,62.06279564427245],[-147.68635967562307,62.06252856952634],[-147.68578663434988,62.06250310104228],[-147.6858959288562,62.06196895201985],[-147.68532289832515,62.06194348167666],[-147.68537754906313,62.061676407400306],[-147.6848045243746,62.0616509349755],[-147.68485917906878,62.061383860929745],[-147.68428616022268,62.06135838642342],[-147.68434081887295,62.06109131260846],[-147.68376780586922,62.06106583602053],[-147.68382246847534,62.06079876243634],[-147.683249461314,62.06077328376692],[-147.68330412787583,62.060506210413486],[-147.6827311265568,62.06048072966261],[-147.68278579707416,62.060213656539915],[-147.6822128015974,62.06018817370752],[-147.6823221495994,62.05965402793191],[-147.68174916486348,62.0596285432408],[-147.68180384234793,62.059361470587845],[-147.68123086345406,62.05933598381541],[-147.68134022538936,62.058801838978916],[-147.68076725723586,62.05877635034798],[-147.68087662519358,62.05824220598921],[-147.6803036677801,62.0582167154997],[-147.68035835524168,62.057949643555],[-147.6797854036699,62.057924150984334],[-147.67984009508586,62.057657079270456],[-147.67926714935572,62.057631584618626],[-147.6793218447259,62.05736451313548],[-147.67874890483736,62.05733901640256],[-147.67880360416154,62.05707194515021],[-147.67823067011454,62.057046446336216],[-147.67828537339264,62.05677937531467],[-147.67599366623452,62.0566773579121],[-147.6760483881588,62.05641028778969],[-147.67432963239602,62.05633375121722],[-147.67438436806816,62.05606668177136],[-147.67323854540942,62.056015646316965],[-147.6735122585754,62.05468030143595],[-147.67408514494744,62.05470581920052],[-147.67424934682376,62.05390461169831],[-147.67367647514175,62.05387909460244],[-147.6737859481309,62.05334495675291],[-147.67321308718618,62.05331943779939],[-147.67332256619073,62.052785300427196],[-147.67274971598292,62.05275977961601],[-147.67291394209548,62.05195857428547],[-147.6723411075202,62.05193305183952],[-147.67256008203262,62.0508647790669],[-147.67198726798463,62.05083925520926],[-147.67237047129257,62.0489697797182],[-147.6717976924557,62.048944255117654],[-147.67207140525028,62.04760891682878],[-147.6714986518313,62.04758339103972],[-147.67160814012846,62.047049256224156],[-147.67103539744258,62.04702372857786],[-147.67109014506906,62.04675666140448],[-147.66994467231885,62.04670559964881],[-147.66999942878934,62.04643853292913],[-147.6665630625728,62.04628529372958],[-147.66650827673791,62.04655235911137],[-147.66536281910302,62.046501260508755],[-147.6653080225351,62.04676832545199],[-147.66473529024128,62.04674277247329],[-147.6646804878341,62.047009837200996],[-147.66410775159144,62.046984281696226],[-147.6640529433448,62.04725134620853],[-147.6634802031534,62.047225788177606],[-147.6634253890672,62.04749285247436],[-147.66285264492703,62.04746729191741],[-147.66279782500112,62.04773435599865],[-147.6610795835715,62.047657659840105],[-147.6610247480171,62.04792472325937],[-147.6581610067476,62.04779684915291],[-147.65810614577592,62.04806391146314],[-147.6563878976861,62.04798715869357],[-147.6563330210853,62.0482542203413],[-147.65576026872077,62.04822863125541],[-147.6557053862791,62.04849569268724],[-147.65513262996691,62.048470101074976],[-147.6550777416842,62.04873716229103],[-147.65450498142442,62.048711568152214],[-147.6543951922297,62.04924569016039],[-147.6538224231279,62.04922009327146],[-147.65376752221567,62.04948715406354],[-147.65319474916632,62.04946155464809],[-147.6531398424124,62.04972861522423],[-147.65256706541552,62.049703013282176],[-147.65251215281984,62.04997007364233],[-147.6513665918785,62.04991886240202],[-147.6513116685461,62.05018592232264],[-147.64959331955575,62.05010908751816],[-147.6495383805917,62.050376146775456],[-147.6489655945954,62.050350530344105],[-147.64902053845418,62.050083471310515],[-147.6478749790944,62.05003223198608],[-147.64792993179458,62.04976517340752],[-147.64334777143432,62.049560125779],[-147.64329277957845,62.04982718256684],[-147.64214723918357,62.04977589718193],[-147.64209223659026,62.05004295352953],[-147.6415194629215,62.05001730715862],[-147.64146445448498,62.05028436328984],[-147.64031890020524,62.050233063191094],[-147.6402638810308,62.05050011888184],[-147.63969110041998,62.05047446515393],[-147.6396360754019,62.05074152062838],[-147.63505382553603,62.05053620610332],[-147.63499876041251,62.05080325979229],[-147.6338531976539,62.05075190768246],[-147.63379812179156,62.051018960930605],[-147.63265255304418,62.05096759916021],[-147.63259746644272,62.05123465196733],[-147.6320246785998,62.051208967403355],[-147.63174920686464,62.05254423043095],[-147.63060358508287,62.05249285215038],[-147.6305484780947,62.052759904329974],[-147.62825722635964,62.052657119233885],[-147.628202098841,62.052924170523305],[-147.62705646888918,62.05287276370763],[-147.62700133062958,62.053139814555664],[-147.62642851218544,62.05311410746861],[-147.62637336807964,62.05338115809973],[-147.62580054569176,62.05335544848496],[-147.6257453957396,62.053622498899074],[-147.62517256940805,62.05359678675669],[-147.6251174136094,62.053863836953795],[-147.62454458333423,62.05383812228363],[-147.62448942168885,62.05410517226373],[-147.62391658747006,62.054079455065725],[-147.62386141997786,62.054346504828786],[-147.62157007303983,62.05424361210642],[-147.62162526011284,62.05397656324197],[-147.62105243065335,62.05395083452814],[-147.62110762166935,62.053683785895984],[-147.6182435131302,62.05355510890324],[-147.61818829763936,62.05382215641154],[-147.6136057343525,62.053616151662354],[-147.61366098900186,62.05334910595315],[-147.6125153674997,62.053297582184875],[-147.6125706309851,62.05303053693322],[-147.609706618387,62.05290168833439],[-147.60965133042905,62.053168732460804],[-147.6085057222764,62.05311717644999],[-147.60845042357565,62.0533842201336],[-147.60157679607903,62.053074687913785],[-147.60163215351187,62.052807646933424],[-147.60105936231972,62.05278183783782],[-147.60111472369178,62.052514797090204],[-147.6005419383487,62.05248898591704],[-147.60059730365978,62.052221945402216],[-147.6000245241657,62.052196132151515],[-147.60007989341565,62.05192909186953],[-147.59950711977052,62.05190327654148],[-147.59961786519273,62.05136919645037],[-147.59904510229018,62.05134337927028],[-147.59910047846216,62.05107633946116],[-147.59852772140837,62.05105052020377],[-147.5985831015187,62.05078348062752],[-147.59801035031361,62.05075765929273],[-147.59812111745524,62.05022358061307],[-147.59754837699208,62.050197757426666],[-147.59765915009896,62.049663679227045],[-147.5970864203774,62.049637854188845],[-147.59714181039087,62.04937081532556],[-147.5965690865176,62.049344988210215],[-147.59662448046862,62.04907794957966],[-147.59605176244366,62.049052120387266],[-147.59610716033205,62.04878508198949],[-147.59553444815535,62.04875925071989],[-147.59547904537422,62.04902628889212],[-147.59376089989962,62.04894878059124],[-147.59381631735886,62.048681743095734],[-147.59038008157466,62.0485266656779],[-147.59032463475987,62.048793701819335],[-147.58860651509923,62.048716131348606],[-147.5885510526504,62.04898316681983],[-147.5862602202586,62.04887970638659],[-147.58620473728297,62.04914674096172],[-147.5844866083591,62.04906912078234],[-147.58443110974886,62.04933615468681],[-147.58328568546713,62.04928439593588],[-147.58323017611448,62.049551429395706],[-147.581512032195,62.04947377332205],[-147.58145650720715,62.049740806110904],[-147.57973835722902,62.04966312863607],[-147.57968281660564,62.049930160753846],[-147.57796466057133,62.04985246187747],[-147.57790910431217,62.050119493323926],[-147.57676366196173,62.050067682107844],[-147.57670809495906,62.05033471310905],[-147.57556264665703,62.05028289223022],[-147.5755070689106,62.05054992278601],[-147.57436161465768,62.05049809224435],[-147.57430602616725,62.050765122354726],[-147.57316056596412,62.050713282149935],[-147.57310496672937,62.05098031181492],[-147.56737767433924,62.05072097037178],[-147.5673220252188,62.050987997779295],[-147.5661765684709,62.05093610140668],[-147.56656616065044,62.049066912875084],[-147.56599346796216,62.04904096282108],[-147.56610478115826,62.048506909471676],[-147.56553209921356,62.048480957568444],[-147.5658103898643,62.04714582545075],[-147.5652377333372,62.047119872378204],[-147.56551602444776,62.045784741568475],[-147.564943393336,62.04575878732662],[-147.5654999524808,62.043088528494415],[-147.56492737123332,62.04306257421618],[-147.5650943349327,62.04226149738096],[-147.56452176931455,62.04223554148043],[-147.56457742685143,62.04196851610902],[-147.5640048670827,62.04194255813313],[-147.5640605285495,62.041675532995114],[-147.56348797463014,62.04164957294405],[-147.56354364002667,62.041382548039486],[-147.5629710919566,62.041356585913135],[-147.5630267612827,62.041089561242096],[-147.56245421906192,62.04106359704044],[-147.56250989231745,62.040796572602844],[-147.56136482053427,62.04074463774761],[-147.56142050260823,62.040477613770086],[-147.5602754444436,62.04042567016121],[-147.56033113533556,62.040158646643775],[-147.55975861258253,62.040132671613506],[-147.5598143074032,62.03986564832955],[-147.55924179049936,62.03983967122426],[-147.55929748924856,62.03957264817394],[-147.55872497819388,62.03954666899368],[-147.55878068087145,62.039279646176816],[-147.5582081756658,62.039253664921574],[-147.55826388227163,62.03898664233824],[-147.557691382915,62.03896065900824],[-147.55774709344888,62.038693636658344],[-147.55717459994125,62.0386676512535],[-147.55723031440297,62.03840062913724],[-147.55608534004617,62.038348651876326],[-147.55614106332388,62.038081630220375],[-147.55556858247473,62.03805563836451],[-147.55584720889317,62.03672053131917],[-147.55527475344454,62.036694538296],[-147.5553304807339,62.03642751713378],[-147.55475803113364,62.03640152203595],[-147.55481376234988,62.03613450110732],[-147.554241318598,62.0361085039349],[-147.55435278792308,62.035574462551246],[-147.55378035490688,62.035548463531306],[-147.5538360930155,62.03528144307625],[-147.55326366584745,62.03525544198186],[-147.5533751489564,62.03472140154543],[-147.55280273252353,62.03469539860356],[-147.55291422156287,62.03416135864731],[-147.55234181586482,62.034135353857955],[-147.5523975638299,62.03386833411665],[-147.55125276509045,62.0338163180882],[-147.55130852186792,62.03354929880736],[-147.55073612882654,62.033523287568386],[-147.55079188952945,62.033256268521036],[-147.5502195023358,62.033230255207776],[-147.55027526696398,62.03296323639393],[-147.5491305052334,62.03291120331827],[-147.54924205115128,62.03237716661812],[-147.5486696815006,62.03235114708263],[-147.5487254579036,62.03208412896939],[-147.54815309410046,62.03205810735988],[-147.5485993098019,62.02992196450363],[-147.54917163451915,62.02994798429704],[-147.5496735096795,62.027544822034436],[-147.54910122892758,62.02751880428384],[-147.5494357984287,62.02591669775883],[-147.5500080498741,62.025942714147774],[-147.5501195555853,62.025408678236445],[-147.55069179822328,62.02543469187112],[-147.55074754475368,62.02516767369811],[-147.55189202314367,62.025219693611874],[-147.55194775894552,62.024952674991546],[-147.55366446908215,62.025030686927714],[-147.5537201892717,62.02476366763338],[-147.55486465772952,62.0248156636347],[-147.5549203671911,62.024548643893056],[-147.5560648297212,62.0246006302388],[-147.55612052845498,62.02433361005024],[-147.55669275627602,62.02435959954565],[-147.55674844916612,62.024092579136635],[-147.5578928979196,62.024144550772746],[-147.5579485800824,62.02387752991688],[-147.55852080101474,62.02390351205751],[-147.55868782709507,62.02310244884827],[-147.55639900772675,62.02299850920236],[-147.55645470070186,62.022731489051765],[-147.55416591622242,62.02262751350621],[-147.5542216277709,62.02236049426884],[-147.55307725105737,62.02230849314745],[-147.55313297141208,62.02204147436977],[-147.55198860830535,62.021989464500685],[-147.55204433746584,62.021722446182864],[-147.55147216223585,62.02169643802469],[-147.55152789531894,62.02142941994005],[-147.5509557259321,62.02140340970836],[-147.5510114629376,62.02113639185678],[-147.55043929939396,62.021110379551786],[-147.5504950403217,62.02084336193322],[-147.54992288262113,62.020817347554804],[-147.54997862747098,62.02055033016947],[-147.54883432471652,62.02049829496591],[-147.54889007837068,62.02023127804047],[-147.54831793331678,62.02020525721542],[-147.5483736908926,62.01993824052304],[-147.54780155168172,62.019912217624686],[-147.54785731317904,62.019645201165524],[-147.54671304740404,62.019593148922425],[-147.54682458704445,62.019059116930485],[-147.54625246536233,62.019033087812765],[-147.54630823862306,62.01876607205295],[-147.54573612278372,62.01874004086222],[-147.5457918999653,62.0184730253356],[-147.5452197899687,62.01844699207181],[-147.54527557107093,62.01817997677828],[-147.54470346691707,62.0181539414416],[-147.54481503600138,62.017619911327024],[-147.54424294257163,62.01759387414437],[-147.54429873055346,62.017326859323305],[-147.54372664296622,62.01730082006785],[-147.54383822580894,62.01676679089808],[-147.54326614894526,62.01674074979679],[-147.54337773770533,62.016206721105554],[-147.54394980480697,62.01623276175274],[-147.54406137996048,62.01569873263165],[-147.54291726624177,62.015646649945694],[-147.54297306213834,62.01537963584837],[-147.54182896202596,62.015327544417445],[-147.54177315636807,62.01559455806064],[-147.53719675533625,62.015386098531124],[-147.53714090967193,62.01565311036284],[-147.53370862001998,62.015496667764225],[-147.53365274411036,62.01576367823811],[-147.5313645507381,62.01565933626896],[-147.53130865434386,62.0159263458391],[-147.5278763638932,62.01576976252989],[-147.5278204372533,62.01603677074089],[-147.52496019730395,62.0159062202709],[-147.52490424529856,62.016173227349654],[-147.52318809825422,62.016094868788684],[-147.52313213064375,62.016361875190114],[-147.52141597763605,62.016283495248906],[-147.52135999442024,62.016550500972976],[-147.51849973429592,62.01641982060502],[-147.51844372571372,62.01668682519567],[-147.5161555154606,62.016582238595895],[-147.51621154356383,62.01631523491704],[-147.51392336827513,62.016210612435],[-147.51397941493346,62.01594360967424],[-147.51283534284204,62.01589128509171],[-147.51289139829467,62.01562428279295],[-147.51174733982572,62.01557194946844],[-147.51180340407228,62.01530494763177],[-147.51123138116625,62.01527877774838],[-147.51134351652126,62.014744774548795],[-147.51077150434034,62.01471860282222],[-147.51082757544856,62.01445160145933],[-147.51025556911299,62.01442542766149],[-147.51042379128032,62.01362442429204],[-147.50985180054852,62.01359824887932],[-147.51018824807812,62.011996243665614],[-147.5096162875855,62.01197006732257],[-147.50978451294677,62.0111690654778],[-147.5092125680555,62.011142887520066],[-147.50932472322367,62.01060888677517],[-147.5087527890548,62.010582706974645],[-147.50886495011565,62.01004870670888],[-147.50829302666887,62.010022525065644],[-147.508965970435,62.00681852668508],[-147.5083941064836,62.006792345480996],[-147.50845018373016,62.00652534588065],[-147.50787832562142,62.00649916260588],[-147.50799048697087,62.00596516387836],[-147.50741863958143,62.005938978761144],[-147.50753080682094,62.00540498051236],[-147.50695897015046,62.00537879355277],[-147.5071833125452,62.00431079803451],[-147.50661149634578,62.004284609689],[-147.50706017378522,62.002148620743164],[-147.50648839755775,62.00212243192458],[-147.50654448276728,62.001855433559186],[-147.50597271238095,62.00182924267038],[-147.50608488965332,62.00129524641238],[-147.50551312998326,62.0012690536815],[-147.5056253131427,62.0007350579018],[-147.5050535641885,62.000708863328875],[-147.50522184630873,61.999907870384604],[-147.50465011294483,61.999881674198015],[-147.5052110393147,61.99721170034971],[-147.50578272393597,61.99723789425425],[-147.50583880638771,61.99697089667067],[-147.5052671266403,61.99694470299431],[-147.50537929839462,61.99641070829956],[-147.5048076293601,61.99638451278147],[-147.50486371866248,61.996117515670306],[-147.50429205546712,61.99609131808235],[-147.5043481486773,61.9958243212046],[-147.50377649132105,61.99579812154684],[-147.50383258843888,61.99553112490265],[-147.5032609369217,61.995504923175176],[-147.5033731380065,61.994970930359095],[-147.50222985736224,61.99491852092308],[-147.502285966202,61.99465152497941],[-147.50171433220174,61.99462531704276],[-147.5017704449485,61.994358321332705],[-147.50119881678708,61.99433211132644],[-147.50125493344066,61.99406511584989],[-147.50068331111805,61.99403890377404],[-147.50073943167828,61.99377190853103],[-147.50016781519446,61.99374569438576],[-147.5002239396612,61.993478699376276],[-147.49965232901607,61.99345248316147],[-147.49970845738912,61.993185488385464],[-147.4985652487425,61.993133049519145],[-147.49570724403858,61.99300191214247],[-147.49565108155892,61.99326890531955],[-147.49507947864586,61.99324267072245],[-147.49502331032704,61.993509663676235],[-147.49445170350853,61.9934834265529],[-147.4943955293504,61.99375041928336],[-147.4938239186265,61.99372417963366],[-147.4937677386289,61.99399117214076],[-147.49319612399964,61.993964929964825],[-147.49313993816236,61.9942319222484],[-147.4925683196278,61.994205677546105],[-147.49251212795076,61.994472669606395],[-147.49136888403854,61.994420172850965],[-147.4913126816489,61.99468716445923],[-147.49074105627142,61.994660912406154],[-147.49068484804158,61.99492790379086],[-147.49011321875903,61.994901649211236],[-147.49005700468885,61.995168640372526],[-147.4894853715013,61.99514238326638],[-147.48942915159063,61.99540937420404],[-147.48885751449814,61.99538311457139],[-147.48880128874674,61.9956501052856],[-147.48822964774936,61.99562384312625],[-147.4881734161571,61.995890833616784],[-147.4876017712549,61.99586456893077],[-147.48754553382165,61.996131559197785],[-147.48697388501463,61.99610529198518],[-147.4869176417402,61.99637228202857],[-147.48634598902842,61.996346012289145],[-147.48628973991265,61.99661300210885],[-147.4851464276482,61.99656045527859],[-147.48509016781782,61.99682744464582],[-147.4833751920662,61.99674860647909],[-147.48331891664785,61.99701559516482],[-147.4827472551284,61.99698931095102],[-147.48252212427317,61.998057264829804],[-147.48195044422957,61.99803097740227],[-147.48178157129283,61.99883194217897],[-147.4823532659571,61.998858230293585],[-147.48201552315868,62.000460161362135],[-147.48144379925085,62.00043387187345],[-147.4812749001443,62.001234836791554],[-147.480703162583,62.001208544317386],[-147.48030899661467,62.00307746104098],[-147.47973722590024,62.003051164664924],[-147.47956826845848,62.00385212836723],[-147.47899648408864,62.00382582900525],[-147.47888383119462,62.00435980437516],[-147.47831203804424,62.00433350225639],[-147.47825570526697,62.00460048972019],[-147.4776839082113,62.00457418507376],[-147.47762756958855,62.004841172313604],[-147.47705576862762,62.00481486513951],[-147.47699942415926,62.005081852155556],[-147.47528401247206,62.00500291615447],[-147.47522765240694,62.005269902488045],[-147.47294043091,62.0051646213903],[-147.47288405037236,62.005431606811726],[-147.47174043569797,62.00537895201305],[-147.47168404443843,62.00564593698099],[-147.4699686150837,62.00556693685594],[-147.46991220822653,62.00583392114074],[-147.4687685837623,62.005781242439184],[-147.4688250003704,62.005514258613374],[-147.46825319447098,62.00548791604433],[-147.46819677298745,62.00575489964064],[-147.46648134649283,62.00567585745389],[-147.4664249094114,62.005942840366664],[-147.4647094770373,62.00586377680468],[-147.4646530243576,62.00613075903375],[-147.46350939788456,62.006078038040606],[-147.46345293448175,62.00634501981553],[-147.46230930214713,62.0062922891689],[-147.46225282802095,62.00655927048967],[-147.4616810084369,62.006532901488846],[-147.46162452846264,62.00679988258502],[-147.46048088246135,62.00674713722816],[-147.46042439176327,62.00701411787003],[-147.45985256534627,62.00698774151391],[-147.4597960687997,62.00725472193134],[-147.45865240913324,62.007201961863764],[-147.45853939361837,62.00773592179477],[-147.45796755549335,62.007709537853266],[-147.4579110414004,62.007976517596774],[-147.45733919937283,62.00795013112681],[-147.45722615851528,62.00848409016966],[-147.4566543077093,62.008457700941214],[-147.45659778094443,62.00872468024061],[-147.45602592623592,62.00869828848346],[-147.4559693936215,62.00896526755816],[-147.4553975350105,62.00893887327238],[-147.45534099654637,62.00920585212232],[-147.45476913403294,62.00917945530792],[-147.4547125897189,62.00944643393311],[-147.45356885786123,62.00939363294804],[-147.4535123028209,62.00966061111833],[-147.4523685651068,62.009607800478335],[-147.45231199934,62.00987477819364],[-147.45116825577014,62.00982195789859],[-147.45111167927652,62.010088935158954],[-147.45053980407684,62.010062521333104],[-147.45048322173253,62.010329498368534],[-147.44991134263097,62.01030308201385],[-147.44985475443576,62.01057005882422],[-147.44928287143244,62.01054363994057],[-147.44922627738615,62.01081061652609],[-147.4486543904811,62.010784195113395],[-147.4485977905836,62.01105117147387],[-147.44802589977684,62.01102474753217],[-147.44796929402796,62.01129172366769],[-147.44739739931956,62.01126529719686],[-147.44722756159314,62.01206622494425],[-147.44665565322973,62.0120397954836],[-147.44654241344963,62.012573746880975],[-147.44597049630767,62.012547314660765],[-147.44591387007782,62.01281429013701],[-147.4447700289659,62.01276141833916],[-147.44471339200666,62.013028393359946],[-147.44414146803692,62.01300195378222],[-147.44408482522513,62.01326892857778],[-147.44294097045835,62.01321604206491],[-147.44288431691672,62.013483016404805],[-147.44174045629896,62.013430120235284],[-147.4416837920272,62.01369709411943],[-147.43996799378928,62.01361773193168],[-147.43991131391002,62.01388470512944],[-147.438195509827,62.013805321559566],[-147.43813881433994,62.01407229407063],[-147.43642300441428,62.01399288911866],[-147.4363662933191,62.01425986094294],[-147.4352224151649,62.01420691235216],[-147.43516569333852,62.01447388372022],[-147.43402180933793,62.01442092547222],[-147.43396507678003,62.01468789638391],[-147.43282118693375,62.01463492847858],[-147.43276444364415,62.014901898933836],[-147.43219249530978,62.01487541130184],[-147.43213574616547,62.01514238153151],[-147.43099184267462,62.015089398909005],[-147.43093508279813,62.01535636868207],[-147.4303631276418,62.01532987369145],[-147.43030636191023,62.015596843238775],[-147.4268746222445,62.015437823630975],[-147.42693141723996,62.01517085546982],[-147.4212119781729,62.014905641187234],[-147.42126882096042,62.01463867534301],[-147.41955302295924,62.014559066924086],[-147.41960987939802,62.01429210177898],[-147.4184660287137,62.01423901846825],[-147.41852289392654,62.01397205379104],[-147.41680713987583,62.013892412278224],[-147.4168640187387,62.01362544830031],[-147.41514828813416,62.01354578679302],[-147.41520518064644,62.01327882351453],[-147.41406137489525,62.01322570481237],[-147.41400447263047,62.013492667627865],[-147.41114495102352,62.01335982948779],[-147.41108802339735,62.01362679115049],[-147.40994421186485,62.013573639340464],[-147.40988727350566,62.01384060054499],[-147.40931536433413,62.01381402096024],[-147.409258420118,62.01408098193821],[-147.40868650705093,62.01405439982309],[-147.40862955697764,62.014321360574506],[-147.40805764001513,62.014294775928924],[-147.4080006840845,62.01456173645375],[-147.4068568433497,62.01450855980289],[-147.40679987668517,62.014775519869296],[-147.40622795291304,62.01474892786403],[-147.40617098039084,62.0150158877037],[-147.40502712603754,62.014962696333185],[-147.4049701427809,62.015229655714336],[-147.40382628260045,62.01517645468517],[-147.4039402676381,62.0146425368555],[-147.40336834877317,62.01461593335657],[-147.40342534469588,62.01434897468116],[-147.40285343168887,62.014322369115405],[-147.4030244281955,62.013521493815425],[-147.40245253079848,62.013494886646676],[-147.4031934769567,62.01002443054926],[-147.40262164392163,62.009997824096665],[-147.40273563066518,62.009463908312256],[-147.40216380836114,62.00943730002496],[-147.40222080513539,62.009170342372016],[-147.40164898868747,62.0091437320183],[-147.40170598935472,62.00887677460228],[-147.40113417876293,62.00885016218215],[-147.40119118332305,62.00858320500282],[-147.39890397027054,62.00847673326747],[-147.3989609933461,62.008209777020895],[-147.39724560848947,62.008129899783945],[-147.39730264520543,62.00786294423832],[-147.3933001490376,62.00767648520728],[-147.3932430782038,62.00794343912816],[-147.39209950696568,62.00789014397174],[-147.3921565875472,62.007623190515204],[-147.39101302998833,62.007569886630634],[-147.39107011933442,62.007302933643395],[-147.39049834690323,62.00727627848623],[-147.39055544013988,62.007009325735986],[-147.38998367356538,62.00698266851306],[-147.39009786683647,62.006448763491626],[-147.38952611099197,62.0064221044351],[-147.38958321102615,62.00615515216386],[-147.38901146103814,62.00612849104166],[-147.3891256679033,62.005594586977935],[-147.38855392864485,62.00556792402241],[-147.38861103547563,62.00530097222996],[-147.38803930207342,62.00527430720881],[-147.38815352253098,62.004740404102705],[-147.38758179985783,62.00471373724836],[-147.38763891348435,62.00444678593479],[-147.38706719666726,62.00442011701483],[-147.38718143071546,62.00388621486638],[-147.38660972462688,62.00385954411346],[-147.38666684504832,62.00359259327848],[-147.38609514481558,62.00356592046017],[-147.38615226912592,62.0032989698623],[-147.38558057474899,62.00327229497858],[-147.38563770294803,62.003005344617755],[-147.38506601442685,62.00297866766859],[-147.38512314651445,62.002711717545],[-147.384551463849,62.00268503853053],[-147.38460859982496,62.002418088643886],[-147.38403692301515,62.00239140756414],[-147.38409406287934,62.00212445791463],[-147.3835223919251,62.002097774769695],[-147.38357953567737,62.00183082535723],[-147.3824362064639,62.00177745263938],[-147.3824933589757,62.00151050369646],[-147.37963507752033,62.00137703285655],[-147.37957790065073,62.001643980636885],[-147.37843458521533,62.001590575752736],[-147.37837739761827,62.00185752307236],[-147.37780573650576,62.001830816951355],[-147.37774854305252,62.002097764042894],[-147.37717687805312,62.00207105539157],[-147.37706247844923,62.00260494912312],[-147.37649080469117,62.00257823770882],[-147.3764335985403,62.002845184348764],[-147.37586192089535,62.00281847040416],[-147.3757474958951,62.0033523632323],[-147.37517580949134,62.00332564652456],[-147.37511859064168,62.00359259271274],[-147.37397521104566,62.00353915193873],[-147.37391798146683,62.00380609766592],[-147.37334628827472,62.0037793735996],[-147.37340352272557,62.00351242810516],[-147.3659716642634,62.00316480918236],[-147.36602896106155,62.002897866720836],[-147.36374228839773,62.00279082986577],[-147.36379960369527,62.00252388834117],[-147.36265628302624,62.0024703565947],[-147.36271360707957,62.00220341554081],[-147.36214195309663,62.00217664645454],[-147.3621992810343,62.00190970563836],[-147.3616276329094,62.001882934487696],[-147.36174229556602,62.00134905333522],[-147.3611706581701,62.00132228035351],[-147.36145732189397,61.99998757871606],[-147.3608857098385,61.99996080460301],[-147.36117237324106,61.9986261042418],[-147.3617439609452,61.998652877188775],[-147.3619159325344,61.99785205632506],[-147.36134435944007,61.99782528407758],[-147.36140168619949,61.99755834403162],[-147.36025855271077,61.99750479311157],[-147.36020121621192,61.99777173269111],[-147.35962964607822,61.99774495355221],[-147.3595723037226,61.99801189290287],[-147.35728601358002,61.99790475244253],[-147.35722865075815,61.99817169086443],[-147.35665707582103,61.998144899773145],[-147.35671444351266,61.997877961584514],[-147.35614287443272,61.99785116842939],[-147.35660181937362,61.9957156649425],[-147.3560302902358,61.995688871357046],[-147.3562597584844,61.99462112064956],[-147.35683126814695,61.99464791330165],[-147.35688862787214,61.994380975402066],[-147.35746013365326,61.99440776552402],[-147.35751748752264,61.99414082739539],[-147.35808898942233,61.99416761498713],[-147.35820368446286,61.99363373827607],[-147.3587751776126,61.993660523104445],[-147.35883251878406,61.99339358452209],[-147.35940400805228,61.99342036682038],[-147.3594613433685,61.99315342800893],[-147.3606043151286,61.99320698524884],[-147.36066163972154,61.99294004597523],[-147.3612331222132,61.99296682091682],[-147.36134775870306,61.99243294191608],[-147.36191923244482,61.99245971409464],[-147.36214847411554,61.99139195521145],[-147.36271992937174,61.99141872416077],[-147.36283453455397,61.99088484427826],[-147.36454887703246,61.99096513594794],[-147.3646061635414,61.99069819531392],[-147.36632050028956,61.99077846561469],[-147.36637777120967,61.990511524285836],[-147.366949213896,61.990538276226516],[-147.36700647896288,61.99027133466902],[-147.36814935755663,61.9903248311945],[-147.36826386526383,61.98979094716063],[-147.36883529630353,61.98981769151273],[-147.36889254381177,61.989550749269206],[-147.36946397096918,61.98957749109186],[-147.36952121262485,61.989310548619684],[-147.3700926358999,61.98933728791288],[-147.37020710652155,61.98880340251571],[-147.3707785210469,61.98883013904677],[-147.37083575001313,61.988563196121646],[-147.37197857228375,61.98861666182856],[-147.37203579053087,61.98834971844217],[-147.37260719827597,61.988376447618116],[-147.37266441067135,61.988109504003226],[-147.37323581453384,61.988136230649886],[-147.37329302107764,61.98786928680653],[-147.37386442105748,61.98789601092409],[-147.373978821458,61.98736212278459],[-147.37455021268818,61.987388844140305],[-147.37466459941797,61.9868549555523],[-147.3752359818986,61.98688167414636],[-147.37529316892056,61.98661472962607],[-147.37586454751852,61.98664144569106],[-147.37603608808055,61.985840611457334],[-147.3766074530626,61.985867324528336],[-147.37689330999086,61.98453259972598],[-147.3763219693402,61.9845058878178],[-147.37655065664043,61.98343810898048],[-147.37597933643713,61.98341139570603],[-147.37609368391657,61.98287750677708],[-147.37552237442821,61.98285079167152],[-147.37569390286617,61.982049959006254],[-147.37512260895775,61.98202324230217],[-147.37523696606164,61.98148935434403],[-147.3746656828673,61.98146263580902],[-147.37478004576633,61.98092874833221],[-147.37420877328574,61.98090202796619],[-147.37432314197943,61.98036814097058],[-147.37375188021218,61.98034141877376],[-147.37386625470006,61.97980753225929],[-147.37329500364586,61.97978080823174],[-147.3734665725923,61.97897997918775],[-147.37289533711507,61.978953253562],[-147.37306691179958,61.9781524252514],[-147.3724956918985,61.97812569802766],[-147.3728388438875,61.97652404290842],[-147.37226765415252,61.976497314784446],[-147.37249642192305,61.975429545713496],[-147.37192525262495,61.97540281622417],[-147.37203964033375,61.97486893217713],[-147.37146848174544,61.974842200857445],[-147.37152567898707,61.974575259072296],[-147.3709545262454,61.974548525689784],[-147.371011727366,61.97428158414104],[-147.37044058047098,61.97425484869556],[-147.37055498948578,61.97372096607492],[-147.36998385329989,61.97369422879927],[-147.3700410611939,61.973427287727354],[-147.3694699308544,61.973400548388895],[-147.36958435341515,61.97286666672166],[-147.3690132337843,61.972839925553195],[-147.36912766213334,61.972306044366434],[-147.36855655321077,61.97227930136792],[-147.36867098734757,61.97174542066156],[-147.36809988913296,61.9717186758331],[-147.3683287650448,61.97065091539622],[-147.36775768726085,61.97062416920318],[-147.36838706831173,61.967687830867305],[-147.3678160449829,61.96766108493844],[-147.3679304748313,61.96712720575408],[-147.3667884505672,61.967073707942255],[-147.3667312264142,61.9673406470673],[-147.36501818281755,61.967260382439605],[-147.36496094309922,61.967527320870126],[-147.36381890923553,61.96747379917816],[-147.36376165881202,61.96774073714677],[-147.3626196191655,61.96768720580959],[-147.3625623580366,61.967954143316206],[-147.361420312608,61.967900602333486],[-147.36136304077337,61.968167539377994],[-147.3602209895634,61.968113988749806],[-147.36016370702285,61.96838092533213],[-147.3578795969825,61.9682737956047],[-147.35782229401477,61.96854073125875],[-147.35610920724972,61.968460359167196],[-147.356051888715,61.968727294125664],[-147.3554808569041,61.968700498605585],[-147.3554235325231,61.96896743333455],[-147.35371042842402,61.96888703230501],[-147.35376776738653,61.9686200982754],[-147.3526257126382,61.968566486580556],[-147.35268306033538,61.96829955302082],[-147.34925694892334,61.968138664258035],[-147.3493143247954,61.967871732101344],[-147.34874331453963,61.96784490950882],[-147.34880069428502,61.96757797758886],[-147.34765868645374,61.967524325985934],[-147.34771607493218,61.96725739453621],[-147.34714507735663,61.9672305655258],[-147.347202469708,61.96696363431298],[-147.34663147797914,61.966936803241154],[-147.34668887420327,61.96666987226517],[-147.34611788832098,61.966643039132066],[-147.3461752884177,61.966376108392865],[-147.34560430838198,61.966349273198404],[-147.3456617123511,61.96608234269612],[-147.34509073816187,61.966055505440444],[-147.3451481460033,61.96578857517505],[-147.34457717766054,61.965761735857996],[-147.345208652219,61.96282550573187],[-147.3446377383101,61.96279866668788],[-147.34475254875173,61.962264807175835],[-147.3441816455463,61.96223796630423],[-147.34458348500937,61.96036945975112],[-147.34515435420974,61.96039629898896],[-147.34526914688783,61.95986243953696],[-147.34584000735993,61.959889276013826],[-147.34595478637638,61.95935541610835],[-147.345383935619,61.95932858009809],[-147.34549872040347,61.95879472067241],[-147.34492788034711,61.958767882834756],[-147.3451574575045,61.957700164955924],[-147.34458663786245,61.95767332575756],[-147.34470143023472,61.957139467304366],[-147.34413062129258,61.95711262627859],[-147.34424541943125,61.956578768305015],[-147.3436746211887,61.95655192545199],[-147.34373202363437,61.95628499670339],[-147.34316123123486,61.956258151789825],[-147.34327604287833,61.955724294768984],[-147.34270526117794,61.955697448028296],[-147.34282007858633,61.95516359148692],[-147.3422493075847,61.955136742919095],[-147.34236413075757,61.954602886857195],[-147.3417933704543,61.954576036462456],[-147.34185078541614,61.954309108669584],[-147.3412800309554,61.954282256214405],[-147.34150970035594,61.95321454600821],[-147.3409389663037,61.95318769219298],[-147.3412260551255,61.951853055672224],[-147.34065534633518,61.951826200730515],[-147.34088501904841,61.95075849250291],[-147.34031433066338,61.950731636201354],[-147.34054400700518,61.94966392895611],[-147.34111467597313,61.949690784324005],[-147.3411720877375,61.949423857286824],[-147.34174275283803,61.94945071012789],[-147.34185756369894,61.94891685559584],[-147.34191496764956,61.94864992833435],[-147.34248561917482,61.94867677818195],[-147.34288738523378,61.9468082858016],[-147.34345800377042,61.946835131722665],[-147.34385968753242,61.944966637854385],[-147.34443027308404,61.94499347984942],[-147.34454502129364,61.944459624018315],[-147.34511559812577,61.94448646325379],[-147.34528769848887,61.94368567882944],[-147.34585826174927,61.94371251507218],[-147.34597298069156,61.943178658337416],[-147.3465435352329,61.94320549182084],[-147.34660088837347,61.94293856322467],[-147.3471714390481,61.94296539418205],[-147.34728613266873,61.942431536532105],[-147.3478566746244,61.942458364730186],[-147.34791401510472,61.94219143567643],[-147.34848455319363,61.94221826134847],[-147.34854188783675,61.94195133206461],[-147.34911242205885,61.9419781552107],[-147.34934173137339,61.94091043717147],[-147.34877121655842,61.94088361495765],[-147.348943202757,61.940082827157326],[-147.3483727034814,61.94005600334977],[-147.34843003509567,61.939789074321745],[-147.3478595416564,61.939762248454386],[-147.34791687713687,61.9394953196622],[-147.3473463895338,61.93946849173521],[-147.34740372888032,61.939201563179],[-147.3462627663318,61.93914790091303],[-147.34632011439513,61.9388809728257],[-147.34574963944965,61.93885413848678],[-147.34580699137862,61.93858721063541],[-147.3452365222693,61.938560374237035],[-147.34529387806367,61.938293446621486],[-147.34472341479042,61.93826660816367],[-147.34478077445013,61.93799968078406],[-147.3436398605612,61.93794599745674],[-147.34369722893652,61.937679070546345],[-147.34255632869082,61.9376253785151],[-147.3426137057813,61.93735845207377],[-147.3403319365203,61.937251041433925],[-147.34038933202604,61.936984115928354],[-147.3386780299835,61.936903534577155],[-147.33873543905344,61.93663660977423],[-147.33759458565606,61.936582877877846],[-147.33765200343962,61.93631595354427],[-147.3370815830703,61.936289084390815],[-147.33713900471727,61.93602216029341],[-147.33656859018419,61.93599528908093],[-147.33662601569443,61.93572836521955],[-147.33605560699746,61.93570149194815],[-147.33611303637085,61.9354345683228],[-147.33554263350996,61.935407692992406],[-147.33565749899608,61.934873846216476],[-147.3350871068206,61.93484696906078],[-147.3351445429331,61.93458004591017],[-147.3345741565935,61.93455316669553],[-147.33463159656858,61.934286243780996],[-147.3340612160648,61.93425936250769],[-147.33417610275308,61.93372551715332],[-147.33360573293405,61.933698634054664],[-147.33377807011277,61.932897866743005],[-147.33320771582683,61.932870982052606],[-147.3337821574406,61.93020176017984],[-147.33435246324416,61.93022864253552],[-147.33452476194688,61.929427875322176],[-147.33509505419363,61.92945475468562],[-147.33526732947664,61.92865398679434],[-147.33469705177234,61.92862710813097],[-147.33475447974155,61.92836018573888],[-147.33418420787083,61.92833330501717],[-147.33424163970102,61.928066382860926],[-147.33367137366383,61.9280395000809],[-147.33372880935482,61.927772578160464],[-147.33315854915114,61.92774569332211],[-147.33321598870273,61.92747877163753],[-147.3326457343325,61.9274518847409],[-147.33270317774458,61.92718496329217],[-147.33213292920772,61.92715807433731],[-147.3321903764801,61.92689115312443],[-147.3316201337766,61.92686426211137],[-147.33167758490913,61.92659734113437],[-147.3311073480389,61.926570448063075],[-147.33122225703727,61.92603660658336],[-147.33065203084672,61.92600971168748],[-147.33070948871236,61.92574279118467],[-147.3301392683549,61.92571589423065],[-147.33019673008016,61.925448973963796],[-147.32962651555573,61.92542207495173],[-147.32974144573825,61.924888234891945],[-147.32917124189285,61.92486133405554],[-147.3292861778202,61.924327494472074],[-147.3287159846535,61.924300591811274],[-147.3288309263252,61.92376675270424],[-147.32826074383686,61.923739848219114],[-147.32837569125235,61.92320600958843],[-147.32780551944202,61.92317910327896],[-147.32797794769985,61.922378346050664],[-147.32740779141244,61.92235143815067],[-147.32752274834013,61.92181760047688],[-147.32695260272988,61.921790690752786],[-147.32706756539983,61.921256853555136],[-147.32649743046633,61.92122994200706],[-147.32672736334192,61.92016226857266],[-147.32615724877394,61.920135355667796],[-147.3264446668844,61.91880076509202],[-147.32587457752464,61.91877385106404],[-147.32621947575365,61.91717234384562],[-147.32564941644344,61.917145428928265],[-147.32587934823326,61.91607775842595],[-147.32530930928323,61.91605084215216],[-147.32548176229352,61.915250089998004],[-147.32491173885944,61.91522317213418],[-147.32514168176263,61.91415550355859],[-147.32457167868625,61.91412858433844],[-147.3246866539021,61.913594750530045],[-147.32411666149744,61.913567829486496],[-147.3242891314471,61.91276707948974],[-147.32371915455593,61.91274015685641],[-147.3238916301503,61.91193940757834],[-147.3233216687719,61.91191248335527],[-147.32378159900463,61.90977715390212],[-147.32435152165107,61.909804076256236],[-147.32481135000938,61.90766874505691],[-147.32538123491545,61.907695663252355],[-147.3255536397523,61.90689491338308],[-147.3261235111233,61.906921828587805],[-147.3263533510712,61.90585416118734],[-147.3269232040676,61.905881073168054],[-147.32709555915508,61.90508032193657],[-147.32766539861768,61.90510723092703],[-147.327837730313,61.904306479011645],[-147.32840755624233,61.904333385011796],[-147.32857986454752,61.90353263241258],[-147.329149676944,61.903559535422644],[-147.3294942379095,61.901958028872365],[-147.3300640222566,61.90198492819262],[-147.33012144079643,61.901718010207155],[-147.3306912212899,61.901744907004314],[-147.33080604573627,61.90121107057199],[-147.33137581753732,61.901237964612804],[-147.331490628366,61.90070412772111],[-147.33206039147476,61.90073101900567],[-147.33211779057308,61.90046410032914],[-147.33268754982817,61.900490989090784],[-147.3327449431031,61.90022407018281],[-147.3338844548906,61.90027784037063],[-147.3339418375039,61.900010920998035],[-147.33451159003613,61.90003780242424],[-147.33456896682642,61.89977088282033],[-147.33513871550474,61.89979776172364],[-147.33519608647228,61.89953084188843],[-147.33576583129658,61.89955771826896],[-147.33582319644145,61.899290798202316],[-147.33696267936625,61.89934454362834],[-147.3370200338504,61.899077623097305],[-147.3375897719507,61.89910449214285],[-147.33764712061253,61.89883757138057],[-147.33878659008863,61.89889130213663],[-147.3388439280902,61.898624380910185],[-147.33941365946578,61.89865124262075],[-147.3394709916455,61.898384321162986],[-147.3406104476714,61.89843803724946],[-147.3406677691913,61.89817111532765],[-147.34237694609192,61.8982516715866],[-147.34243425211417,61.89798474896789],[-147.3441434233496,61.89806528392186],[-147.34420071387456,61.897798360606544],[-147.34534015660364,61.89785203866217],[-147.34539743646957,61.897585114883135],[-147.3459671544703,61.89761195024385],[-147.34619624475528,61.8965442542144],[-147.34562654610602,61.89651741978448],[-147.3457410950282,61.89598357224558],[-147.34517140703673,61.89595673599163],[-147.34522868486135,61.8956898124575],[-147.34408932150149,61.89563613354661],[-147.34414660801815,61.89536921047971],[-147.3435769326497,61.89534236782286],[-147.34363422302079,61.8950754449904],[-147.34306455347243,61.89504860027682],[-147.3431791409402,61.89451475508244],[-147.3426094820489,61.89448790854511],[-147.3426667791454,61.8942209861832],[-147.34209712607398,61.89419413758943],[-147.34215442702433,61.893927215461865],[-147.34158477977272,61.89390036481157],[-147.3416993883978,61.89336652102716],[-147.34112975180264,61.89333966855313],[-147.3411870594771,61.89307274689627],[-147.34061742870153,61.8930458923659],[-147.3407320507741,61.89251204952255],[-147.3401624306544,61.89248519316862],[-147.34021974505222,61.89221827198218],[-147.33965013075198,61.89219141357191],[-147.33970744900276,61.89192449262005],[-147.33913784052186,61.89189763215346],[-147.3392524837457,61.891363790720064],[-147.33868288592,61.89133692843015],[-147.3387975348824,61.89080308746877],[-147.33822794771163,61.89077622335563],[-147.33834260241207,61.890242382866184],[-147.3377730258958,61.890215516929814],[-147.3380023428384,61.889147836900946],[-147.33743278664681,61.889120969607184],[-147.33766210719645,61.888053290534],[-147.3382316440481,61.88808015689619],[-147.33834628875363,61.88754631690263],[-147.3389158169189,61.88757318051021],[-147.33897313296228,61.88730626028279],[-147.33954265727596,61.887333121368805],[-147.3395999675017,61.88706620091001],[-147.34073900940862,61.887119915749885],[-147.34079630898233,61.886852994826995],[-147.34307438525036,61.88696039611028],[-147.3431316645031,61.886693474257974],[-147.34427069886274,61.886747160701475],[-147.34432796746407,61.886480238385225],[-147.34546699608347,61.88653391520841],[-147.34552425403353,61.886266992428396],[-147.34666327691207,61.88632065963126],[-147.34672052421115,61.88605373638759],[-147.34785954134807,61.88610739397033],[-147.34791677799643,61.88584047026294],[-147.3490557893911,61.88589411822562],[-147.34911301538892,61.88562719405483],[-147.3502520210406,61.885680832397554],[-147.35030923638823,61.885413907763315],[-147.35087873585164,61.88544072326913],[-147.35093594538364,61.88517379840402],[-147.35150544099386,61.88520061138868],[-147.35156264471044,61.88493368629264],[-147.35270162920546,61.884987304931116],[-147.35275882227245,61.88472037937182],[-147.35332831115707,61.88474718502566],[-147.353385498409,61.88448025923548],[-147.3545244694521,61.88453386321243],[-147.35458164605495,61.884266936959236],[-147.35515112821324,61.884293735282434],[-147.3552082990014,61.88402680879839],[-147.35577777730606,61.88405360460064],[-147.3558349422797,61.88378667788594],[-147.35640441673067,61.8838134711673],[-147.35651873406894,61.88327961727798],[-147.35708819983222,61.883306407806295],[-147.35714535219714,61.88303948063166],[-147.35771481410669,61.883066268639105],[-147.35777196065766,61.882799341233856],[-147.35834141871345,61.88282612672066],[-147.35839855945062,61.88255919908467],[-147.3589680136526,61.882585982050706],[-147.35908228251995,61.8820521263191],[-147.35965172803438,61.88207890653237],[-147.35976598331553,61.8815450503424],[-147.3603354201426,61.881571827803064],[-147.36044966183837,61.88103797115485],[-147.3610190899782,61.88106474586286],[-147.36113331808943,61.88053088875652],[-147.36170273754217,61.880557660712064],[-147.3618169520696,61.88002380314748],[-147.3623863628354,61.880050572350626],[-147.36250056377983,61.879516714327885],[-147.36306996585884,61.87954348077869],[-147.36324124543373,61.87874269305963],[-147.36381063399332,61.878769456526236],[-147.36392480581645,61.87823559759014],[-147.3644941856897,61.87826235830486],[-147.36460834393247,61.87772849891059],[-147.36517771511947,61.87775525687318],[-147.3652918597828,61.87722139702092],[-147.36586122228368,61.877248152231644],[-147.36603241744285,61.87644736176829],[-147.3666017664257,61.87647411399527],[-147.3667158819757,61.87594025322974],[-147.36728522227287,61.87596700270501],[-147.36745637376535,61.87516621087182],[-147.36802570054525,61.87519295736375],[-147.36813978698626,61.87465909568505],[-147.36870910508094,61.87468583942548],[-147.36888021291315,61.873885046222455],[-147.36944951749132,61.87391178697976],[-147.36956357482762,61.873377924387746],[-147.37013287072097,61.87340466239389],[-147.37024691448417,61.87287079934401],[-147.37081620169286,61.87289753459883],[-147.37093023188368,61.87236367109108],[-147.37149951040783,61.8723904035948],[-147.37167053387083,61.87158960764831],[-147.3722397988798,61.87161633716939],[-147.3724677971595,61.870548608332875],[-147.3730370438234,61.87057533464005],[-147.3736069228278,61.867906010323175],[-147.37303772446407,61.86787928633086],[-147.37326566803225,61.866811557564716],[-147.3744040271008,61.86686500141018],[-147.37446100089235,61.866598068758776],[-147.3750301770623,61.86662478701884],[-147.37514411205734,61.86609092125684],[-147.37571327954538,61.86611763676658],[-147.37599807580102,61.864782971225765],[-147.37542893245754,61.86475625687289],[-147.37565677120378,61.863688525386564],[-147.37622589523303,61.86371523881414],[-147.37639674955747,61.862914439517596],[-147.375827640013,61.862887726783995],[-147.37588459433042,61.86262079391869],[-147.3759415476717,61.86235386105452],[-147.3708196926106,61.862113347692606],[-147.37076269581826,61.86238027847408],[-147.37019360086674,61.862353543099886],[-147.37013659826968,61.862620473650935],[-147.36956749946728,61.86259373575812],[-147.36951049106534,61.8628606660787],[-147.36894138841208,61.86283392566705],[-147.368827359021,61.86336778584836],[-147.36825824768894,61.8633410426864],[-147.36814420473277,61.863874902408774],[-147.36757508472175,61.863848156496374],[-147.36751805694945,61.86411508612768],[-147.36694893308763,61.86408833769637],[-147.36683486495403,61.86462219649891],[-147.3662657324131,61.864595445317036],[-147.36620869205154,61.864862374488354],[-147.36563955565984,61.86483562078749],[-147.36552546234662,61.86536947866984],[-147.3649563172757,61.865342722218244],[-147.36478515548615,61.86614350835502],[-147.36421599690703,61.86611674892093],[-147.3639877481803,61.867184462858695],[-147.3634185712635,61.86715770020998],[-147.36319028756947,61.86822541323901],[-147.3626210923139,61.8681986473755],[-147.3625640141152,61.868465575403874],[-147.36199481500864,61.86843880702107],[-147.36188064601686,61.86897266261749],[-147.36131143822976,61.86894589148333],[-147.36125434743644,61.86921281905143],[-147.36068513579838,61.86918604539777],[-147.3605709416162,61.86971990007368],[-147.36000172129746,61.86969312366865],[-147.35994461790838,61.86996005077641],[-147.35937539373873,61.869933271851714],[-147.35931828454085,61.870200198728725],[-147.3587490565203,61.87017341728443],[-147.35869194151348,61.87044034393068],[-147.3575534787499,61.87038677371503],[-147.357496353104,61.870653699898455],[-147.35692711836117,61.87062691112717],[-147.35686998690593,61.870893837079564],[-147.3557315106985,61.87084025220976],[-147.3556743686037,61.87110717769928],[-147.35510512713927,61.87108038160078],[-147.35504797923477,61.87134730685929],[-147.35390948958485,61.87129370733468],[-147.35385233104034,61.87156063213025],[-147.353283082855,61.87153382870418],[-147.3532259185004,61.87180075326869],[-147.35094891623902,61.87169351575855],[-147.35089173158357,61.87196043939523],[-147.34861472568682,61.871853164352295],[-147.3485575207302,61.87212008706095],[-147.34628051120373,61.87201277448505],[-147.3462232859457,61.872279696265274],[-147.3416692753466,61.87206495944378],[-147.3417265392449,61.87179803952377],[-147.32749578200065,61.87112604912416],[-147.3275531656556,61.870859135026144],[-147.32527632083452,61.87075148481663],[-147.32533372282217,61.87048457165202],[-147.32362611402502,61.87040381067596],[-147.32368352951542,61.870136898211754],[-147.32140675088053,61.87002918581946],[-147.32146418470174,61.86976227428919],[-147.31861825770343,61.86962758349909],[-147.3186757146829,61.86936067313634],[-147.31127648251302,61.86901021250128],[-147.31121896276528,61.86927711982863],[-147.3089422901443,61.86916920708566],[-147.30888475009786,61.86943611347927],[-147.30774641004842,61.869382142916905],[-147.30768885935927,61.86964904884385],[-147.30598134219935,61.869568075144755],[-147.30592377603907,61.869834980371124],[-147.30023206804148,61.869564917031774],[-147.3002896824823,61.8692980141444],[-147.2985822038204,61.86921695124388],[-147.29863983175707,61.86895004905927],[-147.29750152724338,61.86889599615798],[-147.29744388965122,61.86916289787437],[-147.29516727316883,61.86905476368967],[-147.2951096152777,61.86932166447027],[-147.2945404587999,61.86929462497216],[-147.29448279509276,61.869561525519295],[-147.29391363477555,61.8695344834998],[-147.2938559652522,61.86980138381342],[-147.29328680109566,61.86977433927247],[-147.29322912575591,61.87004123935266],[-147.29265995776012,61.87001419229032],[-147.29254459445883,61.87054799198421],[-147.29197541779584,61.87052094216614],[-147.291917729834,61.8707878417799],[-147.29134854933181,61.87076078944028],[-147.2912331607853,61.871294588201394],[-147.29066397161571,61.87126753310589],[-147.29060627103075,61.87153443225322],[-147.290037078022,61.871507374636096],[-147.28992166422802,61.87204117246418],[-147.2893524625518,61.872014112090994],[-147.28929474934253,61.87228101077182],[-147.28872554382716,61.87225394787689],[-147.2886678248001,61.872520846324036],[-147.28809861544565,61.87249378090736],[-147.28804089060057,61.87276067912083],[-147.28747167740704,61.87273361118227],[-147.28741394674384,61.87300050916203],[-147.28684472971136,61.872973438701734],[-147.2867869932298,61.87324033644772],[-147.2862177723584,61.87321326346554],[-147.2861600300584,61.873480160977735],[-147.2855908053481,61.87345308547363],[-147.28553305722943,61.87371998275209],[-147.28496382868033,61.87369290472609],[-147.28490607474285,61.87395980177071],[-147.28433684235497,61.87393272122275],[-147.28427908259852,61.87419961803349],[-147.28370984637192,61.874172534963456],[-147.28365208079632,61.874439431540395],[-147.28251360165612,61.87438525806885],[-147.28245582543227,61.87465215417726],[-147.28188658251884,61.87462506377563],[-147.28182880047547,61.87489195965016],[-147.28125955372357,61.874864866726355],[-147.28120176586052,61.875131762366934],[-147.28063251527018,61.87510466692098],[-147.28057472158733,61.87537156232759],[-147.27943621372083,61.87531736410374],[-147.27937840938876,61.87558425904161],[-147.27880915211276,61.875557156263724],[-147.27875134196046,61.87582405096745],[-147.27761282072328,61.8757698380795],[-147.27755499992136,61.87603673231441],[-147.27641647299066,61.87598250980678],[-147.27635864153885,61.87624940357268],[-147.27578937473135,61.87622228865263],[-147.2757315374587,61.87648918218448],[-147.27459299715977,61.876434945011994],[-147.27453514923675,61.876701838074595],[-147.273396603246,61.8766475912821],[-147.27333874467243,61.8769144838756],[-147.27220019299057,61.87686022746282],[-147.2721423237661,61.87712711958703],[-147.27157304458385,61.877099987714296],[-147.2715151695378,61.87736687960409],[-147.27037660449108,61.87731260852582],[-147.2703187187937,61.87757949994619],[-147.26974943292936,61.87755236074061],[-147.26969154140997,61.87781925192665],[-147.26855296299982,61.877764966182355],[-147.26849506082866,61.87803185689874],[-147.2673564767301,61.8779775615338],[-147.26729856390688,61.878244451780525],[-147.26615997412063,61.87819014679466],[-147.26610205064512,61.87845703657168],[-147.26496345517182,61.87840272196483],[-147.2649055210438,61.87866961127206],[-147.26376691988418,61.878615287044134],[-147.26370897510336,61.878882175881365],[-147.26257036825808,61.87882784203227],[-147.26251241282426,61.87909473039954],[-147.26080449551958,61.87901321176237],[-147.2607465246027,61.87928009942407],[-147.25960790837613,61.87922574175692],[-147.2595499268057,61.87949262894841],[-147.25784199543241,61.87941107458379],[-147.25778399837836,61.879677961069376],[-147.25550675114962,61.87956918894745],[-147.25544873378192,61.879836074491244],[-147.25374079431523,61.879754470672715],[-147.25368276146332,61.88002135551019],[-147.25197481646214,61.879939730395776],[-147.2519167681258,61.88020661452667],[-147.25020881759252,61.88012496811619],[-147.2501507537714,61.88039185154035],[-147.2484427977085,61.88031018383363],[-147.24838471840235,61.88057706655088],[-147.24667675681212,61.88049537754768],[-147.2466186620207,61.880762259557855],[-147.2449106949056,61.880680549257974],[-147.24485258462857,61.88094743056081],[-147.24371393520704,61.88089294511724],[-147.24365581427395,61.8811598259486],[-147.24251715917882,61.8811053308824],[-147.24245902758946,61.88137221124222],[-147.2413203668214,61.88131770655315],[-147.24126222457548,61.88158458644133],[-147.24012355813522,61.881530072129294],[-147.24006540523249,61.881796951545724],[-147.23892673312068,61.881742427610625],[-147.2388685695609,61.88200930655532],[-147.2382992301709,61.88198204092001],[-147.23824106078385,61.88224891962896],[-147.23710237533604,61.88219438102274],[-147.23704419529147,61.88246125925984],[-147.23647484923382,61.88243398628886],[-147.23641666336158,61.88270086429022],[-147.23584731347148,61.8826735887952],[-147.2357891217714,61.88294046656094],[-147.23521976804895,61.88291318854181],[-147.23516157052086,61.88318006607184],[-147.23402285640927,61.88312550269758],[-147.23396464822278,61.88339237975538],[-147.23339528783382,61.88336509440024],[-147.23333707381892,61.883631971222194],[-147.23276770959782,61.88360468334282],[-147.2327094897544,61.88387155992896],[-147.23214012170124,61.88384426952538],[-147.2320236693586,61.88437802222654],[-147.23145429264295,61.88435072906227],[-147.23133782664542,61.884884481292964],[-147.23076844126717,61.884857185367636],[-147.23053547796601,61.88592468889068],[-147.22996607426325,61.885897389731255],[-147.2297913268075,61.88669801667075],[-147.22922190961046,61.88667071451369],[-147.22910539664966,61.88720446533681],[-147.22853597078915,61.887177160418524],[-147.2284777079789,61.88744403559439],[-147.2279082782862,61.88741672815139],[-147.2277917400054,61.88795047803204],[-147.22722230164908,61.887923167827694],[-147.22716402617823,61.88819004253227],[-147.2265945839898,61.8881627298032],[-147.22653630268798,61.88842960427182],[-147.2259668566674,61.888402289017876],[-147.2259085695345,61.88866916325041],[-147.22476967082895,61.888614525404805],[-147.22471137303307,61.888881399164546],[-147.2235724686633,61.888826751693],[-147.2235141602042,61.88909362497983],[-147.22066689262195,61.888956965075046],[-147.22072522523916,61.88869009297268],[-147.22015577955506,61.8886627543645],[-147.22021411600338,61.88839588249977],[-147.21964467615115,61.888368541840414],[-147.2197030164304,61.88810167021324],[-147.21913358241,61.8880743275029],[-147.2191919265201,61.88780745611333],[-147.21805307114334,61.887752764302654],[-147.2181114239152,61.887485893387705],[-147.2175420025589,61.88745854428746],[-147.21760035916108,61.887191673610204],[-147.21703094363653,61.88716432245902],[-147.21708930406894,61.88689745201934],[-147.216519894376,61.8868700988173],[-147.21657825863846,61.886603228615314],[-147.21600885477716,61.88657587336242],[-147.21606722286947,61.88630900339808],[-147.21549782483973,61.88628164609449],[-147.2155561967618,61.886014776367745],[-147.21498680456358,61.885987417013325],[-147.21504518031517,61.88572054752432],[-147.21390640858272,61.885665822426276],[-147.21396479299403,61.88539895341208],[-147.21282603492676,61.885344219637176],[-147.21288442799747,61.88507735109775],[-147.2083294744268,61.88485832638696],[-147.20827104271532,61.8851251930284],[-147.20656293716561,61.88504302030289],[-147.20650448996207,61.885309886232726],[-147.20479637894204,61.88522769220575],[-147.2047379162462,61.88549455742386],[-147.20359917091824,61.88543974949247],[-147.2035406975598,61.8857066142361],[-147.2001244566619,61.88554213411235],[-147.20006595332057,61.88580899743101],[-147.19892720471904,61.88575415194643],[-147.1988686907145,61.8860210147903],[-147.19829931308868,61.88599358837884],[-147.19824079325073,61.8862604509855],[-147.19767141179832,61.88623302204853],[-147.19761288612682,61.886499884417965],[-147.19704350084783,61.88647245295568],[-147.1969849693426,61.886739315087716],[-147.19641558023713,61.886711881100005],[-147.19635704289797,61.886978742994735],[-147.1957876499661,61.88695130648144],[-147.19572910679287,61.88721816813899],[-147.1900351843982,61.88694367480235],[-147.1899765919189,61.8872105340815],[-147.18826842029827,61.88712814075594],[-147.18820981232383,61.88739499932147],[-147.18707102660795,61.88734005852318],[-147.18701240796824,61.887606916612974],[-147.18644301178787,61.887579442544094],[-147.18638438731278,61.88784630039613],[-147.18524558830765,61.887791344919],[-147.1851869531668,61.88805820229526],[-147.1840481485231,61.88800323719093],[-147.1839895027162,61.88827009409118],[-147.1828506924346,61.88821511935938],[-147.18279203596148,61.888481975783584],[-147.1816532200427,61.88842699142426],[-147.1815945529031,61.8886938473724],[-147.18045573134785,61.888638853385544],[-147.18039705354147,61.8889057088574],[-147.1792582263504,61.888850705242724],[-147.17919953787705,61.88911756023822],[-147.17350541401566,61.888842402515216],[-147.1735641507913,61.888575549904324],[-147.17242534776327,61.88852049138387],[-147.17248409319168,61.88825363925046],[-147.17191469801864,61.888226106797404],[-147.17203219551314,61.88769240300861],[-147.17146281100713,61.88766486874507],[-147.17158031413146,61.887131165434745],[-147.17101094029212,61.887103629360745],[-147.17112844904582,61.886569926528736],[-147.17169781322622,61.886597462125394],[-147.17187405431338,61.885796907163424],[-147.1724434050133,61.88582443975685],[-147.17303076154795,61.88315592084624],[-147.17246145913552,61.883128390638355],[-147.17269639286675,61.88206098403369],[-147.17212711077397,61.88203345249281],[-147.1722445812539,61.88149974966845],[-147.1716753098239,61.88147221631735],[-147.17179278593153,61.880938513970676],[-147.17122352516398,61.880910978809496],[-147.17128226653492,61.880644127874945],[-147.17071301160195,61.880616590665134],[-147.17077175679336,61.88034973996921],[-147.16963325960364,61.88029465916567],[-147.1696920134427,61.880027808947],[-147.16855352993656,61.879972719472434],[-147.16861229242284,61.879705869731175],[-147.16804305700794,61.87967832180196],[-147.16810182331398,61.879411472299324],[-147.16753259373363,61.8793839223218],[-147.16759136385923,61.8791170730579],[-147.16702214011332,61.87908952103202],[-147.1670809140584,61.87882267200692],[-147.1665116961469,61.87879511793274],[-147.16680557489317,61.87746087400077],[-147.16737476867158,61.87748842688149],[-147.16743353657196,61.87722157785639],[-147.16800272653134,61.87724912821165],[-147.1681202496575,61.876715429684296],[-147.16868943097157,61.8767429772755],[-147.16874818619763,61.87647612777314],[-147.16931736369258,61.87650367283889],[-147.16943486147122,61.875969973357115],[-147.17000403032097,61.87599751565904],[-147.17012151441972,61.87546381570001],[-147.17069067462444,61.87549135523798],[-147.17074941033766,61.875224505020014],[-147.17131856672327,61.875252042032756],[-147.17167093090828,61.873650939292716],[-147.17110180347626,61.87362340371093],[-147.1711605321428,61.87335655349258],[-147.17059141054273,61.87332901586262],[-147.17065014302793,61.87306216588271],[-147.17008102725964,61.87303462620475],[-147.17013976356333,61.872767776463284],[-147.16957065362683,61.87274023473728],[-147.1696881328641,61.87220653573102],[-147.16911903358425,61.872178992195614],[-147.16923651844425,61.87164529366594],[-147.1698056080746,61.87167283672432],[-147.16998181334048,61.87087228821341],[-147.1711199666734,61.87092736603991],[-147.17117869009994,61.87066051605899],[-147.17288591317367,61.87074311493551],[-147.17294462112054,61.87047626423923],[-147.17578998890926,61.87061388211388],[-147.17584867172775,61.87034703022581],[-147.1781249647638,61.87045708241744],[-147.1782422887882,61.86992337673489],[-147.1788113549118,61.86995088359036],[-147.17887001059165,61.86968403051073],[-147.17830094929244,61.869656523893454],[-147.17847692477346,61.86885596536844],[-147.17790787895214,61.86882845717941],[-147.17802520056142,61.86829475197191],[-147.17745616539332,61.86826724197305],[-147.17763215473929,61.86746668487526],[-147.17820117543604,61.867494194159526],[-147.17825983171724,61.86722734155509],[-147.17769081584407,61.867199832508994],[-147.17774947594367,61.866932980142515],[-147.17718046589923,61.86690546904855],[-147.1774151155391,61.865838060533754],[-147.17798410629035,61.865865570675034],[-147.17804276136422,61.865598718307695],[-147.17861174829744,61.865626225924764],[-147.17896362869826,61.86402511028704],[-147.17839467070212,61.863997604098806],[-147.17845331874108,61.86373075172985],[-147.17788436657239,61.86370324349386],[-147.17794301842892,61.863436391362846],[-147.17680512675128,61.86338136850942],[-147.17686378724753,61.863114516854516],[-147.1745880352431,61.86300444467029],[-147.174646714023,61.862737593968006],[-147.17009529685456,61.86251734178715],[-147.17015401320458,61.86225049299102],[-147.16958509540657,61.862222951420975],[-147.17028967100242,61.859020768700105],[-147.17085853094486,61.8590483074096],[-147.17097593648748,61.858514609807095],[-147.1704070861865,61.85848707157433],[-147.17046579226994,61.85822022301074],[-147.16989694779528,61.85819268273093],[-147.16995565769352,61.85792583440519],[-147.1688179814025,61.85787074746593],[-147.1688766999358,61.85760389961659],[-147.16830786811943,61.85757635295725],[-147.16836659046712,61.857309505345896],[-147.16779776447694,61.857281956639575],[-147.16785649063885,61.85701510926609],[-147.16728767047485,61.85698755851292],[-147.1673464004508,61.85672071137741],[-147.16677758611291,61.85669315857738],[-147.16683631990279,61.85642631167987],[-147.1662675113909,61.85639875683286],[-147.16632624899452,61.85613191017337],[-147.16120706105278,61.85588381586143],[-147.16114828007179,61.85615066037403],[-147.16001068418586,61.856095502689996],[-147.15995189255867,61.85636234672454],[-147.15881429106182,61.85630717942224],[-147.15875548878816,61.8565740229789],[-147.1576178816811,61.856518846058236],[-147.15755906876078,61.85678568913669],[-147.15585265119725,61.85670290590021],[-147.15579382281027,61.856969748261704],[-147.14726179878485,61.856555519992064],[-147.14732069946422,61.85628868121536],[-147.14561433634978,61.85620577457916],[-147.14555542121266,61.85647261263838],[-147.14214269331853,61.856306736232575],[-147.14208374825685,61.85657357285556],[-147.13810224458842,61.856379944734776],[-147.13816122338346,61.85611310978739],[-147.1375924460045,61.85608543972643],[-147.13765142860817,61.85581860501775],[-147.13708265705836,61.85579093291109],[-147.13743656037647,61.85418992608027],[-147.13800530301495,61.85421759675016],[-147.13830017057484,61.85288342317254],[-147.1388688901327,61.85291109036043],[-147.13892785579662,61.85264425540319],[-147.1406340060756,61.85272724253988],[-147.140692956276,61.85246040686369],[-147.1418303852079,61.852515719718895],[-147.14188932476296,61.852248883563256],[-147.14245803592524,61.85227653632439],[-147.14251696965303,61.85200969992875],[-147.1430856770069,61.85203735016581],[-147.14332138255438,61.85097000361838],[-147.1427526944711,61.85094235433832],[-147.1428705508246,61.850408681538184],[-147.14230187338532,61.850381030451814],[-147.14247866479826,61.849580521963084],[-147.14191000281966,61.849552869309846],[-147.14214572984247,61.848485525603046],[-147.14157708814048,61.84845787162221],[-147.14181281828266,61.8473905288581],[-147.14124419685587,61.847362873549685],[-147.141420998315,61.846562367184774],[-147.14085239234598,61.84653471030983],[-147.1410291991706,61.84573420465415],[-147.14046060865851,61.84570654621248],[-147.14122672922082,61.84223769137922],[-147.14179525713442,61.842265346711024],[-147.1420309329748,61.84119800577082],[-147.14259944263878,61.84122565786194],[-147.1427172648779,61.84069198690723],[-147.1421487648426,61.84066433529434],[-147.14256114460846,61.83879648859238],[-147.14199267927967,61.83876883636951],[-147.1422872300678,61.837434661315946],[-147.14171878981492,61.837407008004966],[-147.14183661269735,61.83687333845372],[-147.14126818307926,61.83684568333734],[-147.14138601155386,61.836312014259654],[-147.14081759257024,61.836284357337824],[-147.14087651010763,61.83601752303641],[-147.14030809694543,61.835989864070186],[-147.14042593862,61.83545619594191],[-147.1409943421568,61.83548385442982],[-147.1417012497457,61.83228184268726],[-147.14113290395457,61.83225418706864],[-147.14125071739343,61.831720518905364],[-147.14068238223365,61.83169286148165],[-147.14085910926445,61.830892359944265],[-147.14029078954695,61.830864700954535],[-147.1404086121486,61.830331033734524],[-147.1398403030616,61.83030337293991],[-147.139899217661,61.830036539566954],[-147.13933091439324,61.8300088767283],[-147.13938983279525,61.829742043593136],[-147.13882153534672,61.8297143787105],[-147.13888045755112,61.82944754581315],[-147.13831216592175,61.829419878886554],[-147.13843001692658,61.828886213565994],[-147.13786173592686,61.828858544834624],[-147.13803851930209,61.82805804756076],[-147.1386067858706,61.82808571557466],[-147.1387835457394,61.82728521757064],[-147.13935179888577,61.827312882584245],[-147.13941071201543,61.82704604967428],[-147.13884246367905,61.82701838489982],[-147.13901921144858,61.82621788687865],[-147.13845097854994,61.82619022053874],[-147.13862773167463,61.825389723221896],[-147.13805951421293,61.825362055316475],[-147.13835410663688,61.82402789428767],[-147.13778591422948,61.8240002252951],[-147.13796267201272,61.823199729377116],[-147.13739449504013,61.82317205881929],[-147.13745341709358,61.82290522708271],[-147.13688524593783,61.822877554481366],[-147.13694417179173,61.822610722982304],[-147.13637600645285,61.82258304833754],[-147.13643493610695,61.82231621707611],[-147.13529861807115,61.822260861417156],[-147.1353575563337,61.82199403063263],[-147.13308495159745,61.8218832928813],[-147.1331439080844,61.82161646305197],[-147.1308713387207,61.821505689738],[-147.13093031343104,61.821238860864206],[-147.1297940444191,61.82118346099124],[-147.12985302773612,61.820916632594546],[-147.1287167723766,61.820861224070654],[-147.12883475521397,61.8203275682299],[-147.12826663866346,61.82029986102323],[-147.12838462707876,61.8197662056546],[-147.12781652115254,61.81973849664442],[-147.1279345151452,61.81920484174785],[-147.12736641984296,61.819177130934236],[-147.12772040643964,61.81757616764002],[-147.12828847290015,61.81760387701719],[-147.1284654381534,61.81680339462848],[-147.12903349120316,61.816831101005484],[-147.1290924727962,61.81656427329972],[-147.1296605220485,61.81659197715519],[-147.12971949782616,61.81632514920837],[-147.13085558974453,61.81638054959453],[-147.13091455490056,61.816113721167206],[-147.13148259756647,61.81614141769793],[-147.13154155690745,61.81587458902971],[-147.13267763565233,61.81592997476643],[-147.13273658437217,61.81566314561799],[-147.13330462045099,61.81569083482403],[-147.13336356335614,61.815424005434636],[-147.13393159563702,61.815451692119495],[-147.1339905327277,61.81518486248914],[-147.13455856121055,61.815212546652816],[-147.1346174924869,61.814945716781565],[-147.13575354286456,61.815001077784586],[-147.13581246352064,61.81473424743338],[-147.13638048541526,61.81476192427281],[-147.1364394002574,61.81449509368079],[-147.13700741835376,61.81452276799914],[-147.13706632738212,61.8142559371662],[-147.13763434168015,61.81428360896359],[-147.13769324489488,61.81401677788988],[-147.13826125539458,61.81404444716632],[-147.13837904918958,61.81351078453556],[-147.13894705108504,61.81353845105198],[-147.13906483123884,61.81300478793624],[-147.13849683895478,61.8129771218978],[-147.13879129573874,61.81164296527214],[-147.13822332848912,61.811615298146684],[-147.1383411137619,61.81108163596176],[-147.13890907140126,61.811109302609225],[-147.13908572734093,61.81030880860126],[-147.1396536715727,61.810336472250235],[-147.13994805397317,61.80900231433888],[-147.14051597518875,61.80902997451156],[-147.1405748438435,61.8087631426849],[-147.14114276126148,61.80879080033722],[-147.14120162410507,61.808523968269704],[-147.14176953772542,61.80855162340156],[-147.14200495981615,61.80748429415773],[-147.1425728552263,61.807511946052784],[-147.14263170342858,61.8072451134984],[-147.14319959504112,61.8072727628731],[-147.14325843743302,61.80700593007795],[-147.14382632524797,61.807033576932476],[-147.14388516182964,61.806766743896674],[-147.14445304584692,61.806794388231026],[-147.1445118766185,61.80652755495462],[-147.14507975683807,61.806555196768734],[-147.14513858179976,61.80628836325175],[-147.14570645822153,61.80631600254578],[-147.1461769832735,61.80418133243215],[-147.14674482227338,61.804208967535544],[-147.14686243387249,61.80367529951069],[-147.14743026427178,61.80370293185558],[-147.1476654561917,61.802635594828175],[-147.14823326838498,61.80266322393756],[-147.1484096373603,61.80186272043074],[-147.148977436151,61.80189034654333],[-147.1490950008367,61.801356677051864],[-147.14852721165084,61.80132905141629],[-147.14864478192064,61.800795382393915],[-147.14807700334444,61.80076775495425],[-147.1481945791978,61.800234086401],[-147.14762681123096,61.80020645715741],[-147.14774439266742,61.7996727890731],[-147.14717663530956,61.79964515802556],[-147.14723542932174,61.79937832421894],[-147.14666767777092,61.79935069112906],[-147.14672647557944,61.7990838575589],[-147.14615872983558,61.79905622242664],[-147.14621753144033,61.79878938909306],[-147.1456497915034,61.79876175191852],[-147.1457085969042,61.79849491882128],[-147.14514086277407,61.798467279604566],[-147.1451996719708,61.7982004467439],[-147.14463194364748,61.79817280548481],[-147.14469075663996,61.79790597286081],[-147.1441230341234,61.79787832955954],[-147.14418185091148,61.797611497172],[-147.14361413420158,61.79758385182854],[-147.14373177436292,61.7970501875244],[-147.1431640682606,61.79702254037754],[-147.143281714001,61.79648887654217],[-147.14384941050176,61.79651652321168],[-147.14390822706284,61.79624969105218],[-147.14447591976847,61.79627733520237],[-147.1445935402729,61.795743670399666],[-147.1451612243828,61.79577131179198],[-147.14527883126473,61.79523764650351],[-147.14584650677904,61.795265285138065],[-147.146081689279,61.79419795358079],[-147.1466493465975,61.79422558898065],[-147.1467669222168,61.79369192271198],[-147.14733457094033,61.79371955535413],[-147.1479223407479,61.791051221493774],[-147.1484899424806,61.79107884947098],[-147.14860747478764,61.790545182195316],[-147.14917506792662,61.790572807415316],[-147.1492925866178,61.790039139653885],[-147.14986017116325,61.790066762116886],[-147.14997767623936,61.7895330938696],[-147.1505452521914,61.789560713575675],[-147.15078023109862,61.78849337610079],[-147.1513477888603,61.788520992573304],[-147.15152399810313,61.787720488728155],[-147.1509564547365,61.78769287297065],[-147.15113266933864,61.78689236981977],[-147.1505651413702,61.78686475249694],[-147.15062388236103,61.786597918346935],[-147.1500563601945,61.78657029898244],[-147.15017384875986,61.78603663115208],[-147.14960633719284,61.78600900998425],[-147.1496650847672,61.78574217630389],[-147.14909757900185,61.7857145530944],[-147.1491563303697,61.78544771965001],[-147.14802133144633,61.78539246686784],[-147.14808009140492,61.785125633897735],[-147.14751259824692,61.785098004325214],[-147.14780640696262,61.78376384063102],[-147.14723893879446,61.78373620997046],[-147.14747398687874,61.7826688799251],[-147.14690653890167,61.782641247938344],[-147.14702406651176,61.782107583377716],[-147.14645662913182,61.78207994958811],[-147.14663292740443,61.78127945344381],[-147.1460655054174,61.781251818089714],[-147.14624180904033,61.78045132263814],[-147.14567440244545,61.7804236857197],[-147.14590947906694,61.77935635936928],[-147.1453420926589,61.77932872112494],[-147.14540086409926,61.77906188976946],[-147.14596824571183,61.77908952777547],[-147.14602701135263,61.778822696179006],[-147.14772914782858,61.778905595805234],[-147.1477878980792,61.77863876349123],[-147.14892265115853,61.77869401803498],[-147.14898139081467,61.77842718524177],[-147.14954876406455,61.77845480885625],[-147.1496662307754,61.77792114278571],[-147.15023359543832,61.77794876364426],[-147.15040977359303,61.77714826380461],[-147.1509771248741,61.777175881669244],[-147.15109456237056,61.776642214620274],[-147.15166190506508,61.77666982972921],[-147.15177932895907,61.77613616219358],[-147.1523466630672,61.77616377454681],[-147.15240536871485,61.77589694053701],[-147.15297269903132,61.775924550372956],[-147.15303139888135,61.77565771612244],[-147.1535987254061,61.775685323440975],[-147.1536574194587,61.77541848894979],[-147.1542247421917,61.77544609375101],[-147.154283430447,61.77517925901927],[-147.15485074938817,61.77520686130309],[-147.15490943184636,61.77494002633071],[-147.15604406314742,61.77499522358482],[-147.15610273501423,61.77472838813377],[-147.156670047374,61.77475598310406],[-147.15719800592424,61.77235446178623],[-147.15663073671084,61.77232686895764],[-147.15721731005806,61.769658514067046],[-147.15778453133865,61.769686104516566],[-147.15801911345187,61.76861876153369],[-147.15858631656332,61.76864634875286],[-147.15882086347926,61.7675790047752],[-147.15825367953752,61.76755141850742],[-147.1583709565705,61.7670177469779],[-147.15780378321466,61.766990158907085],[-147.15797970562832,61.766189652305705],[-147.15741254764995,61.76616206266992],[-147.15758847542452,61.76536155675708],[-147.15815561902778,61.765389145679315],[-147.1583315234138,61.764588639027835],[-147.15889865364417,61.76461622495815],[-147.15901590864513,61.76408255336756],[-147.15958303029421,61.76411013654384],[-147.15964165150157,61.763843300506544],[-147.16020876936068,61.76387088116667],[-147.16026738477572,61.7636040448888],[-147.1614016139148,61.76365919889828],[-147.16146021874658,61.76339236214222],[-147.1631615555884,61.76347507535533],[-147.1632201450461,61.763208237883454],[-147.16492147652036,61.76329092987803],[-147.16498005060424,61.76302409169048],[-147.16611426700686,61.763079207819736],[-147.1661728305083,61.76281236915435],[-147.1673070413295,61.76286747569494],[-147.1674826970871,61.7620669582568],[-147.16691560554932,61.762039406838255],[-147.16720836910005,61.760705212239316],[-147.16777543668468,61.76073276247059],[-147.16789252552488,61.760199084136254],[-147.16845958452853,61.76022663161445],[-147.16857665978924,61.75969295279385],[-147.1691437102121,61.75972049751899],[-147.16926077189413,61.759186818212235],[-147.16982781373633,61.759214360184366],[-147.16988633828808,61.7589475202894],[-147.1710204153906,61.759002596924596],[-147.17107892936306,61.75873575655205],[-147.17164596462322,61.75876329121509],[-147.17170447280657,61.758496450602344],[-147.17227150427593,61.75852398275001],[-147.1723300066703,61.75825714189715],[-147.17346406302622,61.758312198883615],[-147.173522554842,61.75804535755341],[-147.1740895797284,61.75807288239223],[-147.1741480657556,61.75780604082191],[-147.17471508685094,61.75783356314551],[-147.17477356708972,61.75756672133519],[-147.17590760269667,61.75762175867375],[-147.1759660723575,61.75735491638622],[-147.17653308686897,61.75738243140122],[-147.1765915507418,61.75711558887374],[-147.1771585614619,61.757143101373565],[-147.17721701954682,61.75687625860614],[-147.17835103440245,61.75693127629757],[-147.1784094819101,61.75666443305311],[-147.17897648604549,61.75669193824476],[-147.1790349277656,61.75642509476039],[-147.17960192810938,61.75645259743695],[-147.17966036404215,61.7561857537128],[-147.1802273605943,61.75621325387437],[-147.1802857907399,61.755946409910294],[-147.18085278350034,61.75597390755687],[-147.1809696312199,61.75544021914618],[-147.18153661539935,61.755467714040925],[-147.18194551747294,61.75359980285464],[-147.18137856681616,61.753572309618335],[-147.18149539658108,61.75303862115567],[-147.18092845649883,61.75301112611537],[-147.18098687467372,61.75274428211659],[-147.18041994037733,61.752716785035396],[-147.1805367833115,61.752183097502886],[-147.17996985958916,61.75215559861783],[-147.1800867081099,61.751621911547375],[-147.17951979496124,61.751594410858566],[-147.17963664906802,61.75106072425002],[-147.17906974649267,61.75103322175743],[-147.17918660618506,61.75049953561088],[-147.17861971418273,61.75047203131472],[-147.17867814732023,61.75020518847392],[-147.17811126110308,61.750177682137085],[-147.1781696980305,61.74991083953021],[-147.17760281759845,61.749883331152915],[-147.17766125831568,61.74961648877997],[-147.1770943836687,61.74958897836209],[-147.1771528281755,61.749322136223185],[-147.17658595931354,61.74929462376477],[-147.1767028549083,61.74876093995198],[-147.17613599661837,61.74873342569019],[-147.176252897796,61.74819974233906],[-147.1756860500778,61.748172226274],[-147.17574450395674,61.747905384830894],[-147.17517766202315,61.74787786672547],[-147.17523611969094,61.74761102551631],[-147.17410244839095,61.747555982947574],[-147.17416091463403,61.747289142209475],[-147.17302725689936,61.74723409100562],[-147.1730857317173,61.74696725073863],[-147.17025162878215,61.74682958406236],[-147.17031012653337,61.746562744978185],[-147.1657756520556,61.74634236177807],[-147.16583418709658,61.746075524589074],[-147.16526738706827,61.74604796667903],[-147.16532592589596,61.745781129724165],[-147.16475913165266,61.74575356977444],[-147.16511037234955,61.74415254940159],[-147.16567713787958,61.74418010792713],[-147.16602831389724,61.742579086013095],[-147.16659505171583,61.7426066408376],[-147.16694616306538,61.74100561738152],[-147.16751287317496,61.74103316850535],[-147.16757138345338,61.74076633101385],[-147.1681380897772,61.74079387962364],[-147.16819659427276,61.74052704189155],[-147.16933000034706,61.740582131806434],[-147.16938849427567,61.74031529359664],[-147.17052189477454,61.74037037393004],[-147.1705803781364,61.740103535242596],[-147.1717137730592,61.74015860599469],[-147.17177224585456,61.739891766829665],[-147.17233894002865,61.739919298553424],[-147.17239740704196,61.73965245914799],[-147.17296409742968,61.73967998835794],[-147.17302255866113,61.7394131487122],[-147.1735892452624,61.73944067540827],[-147.1736477007121,61.73917383552216],[-147.17478106733932,61.73922888161031],[-147.1748395122234,61.73896204124678],[-147.1759728732722,61.7390170777542],[-147.17603130759093,61.73875023691342],[-147.17659798482725,61.7387777515151],[-147.1766564133648,61.73851091043409],[-147.17778976126075,61.738565932333486],[-147.17784817923345,61.73829909077534],[-147.17841484989296,61.738326598073215],[-147.17847326208485,61.738059756274886],[-147.17960659682655,61.73811476356682],[-147.17966499845403,61.73784792129157],[-147.18023166253604,61.73787542128567],[-147.18029005838312,61.73760857877038],[-147.18085671867792,61.73763607625108],[-147.1809151087447,61.73736923349562],[-147.18148176525222,61.73739672846292],[-147.18154014953893,61.737129885467475],[-147.1821068022591,61.73715737792135],[-147.18222355827646,61.73662369144706],[-147.1827902024257,61.736651181150975],[-147.18284857415662,61.73638433767208],[-147.1839818558763,61.736439309776756],[-147.1840985772164,61.735905621862514],[-147.1846652100033,61.73593310402666],[-147.18478191779332,61.735399415625956],[-147.18534854200945,61.7354268950404],[-147.18540688962767,61.73516005059841],[-147.18654013148037,61.73521500212452],[-147.18659846853672,61.73494815720619],[-147.18716508617314,61.734975629317915],[-147.18728174773335,61.734441938998025],[-147.187848356799,61.73446940836033],[-147.1879066813032,61.734202562958906],[-147.18847328658111,61.734230029808145],[-147.18864823977393,61.73342949287437],[-147.18921483169845,61.73345695673791],[-147.18933145261968,61.732923264959155],[-147.18989803597387,61.732950726073334],[-147.1899563401595,61.73268387994251],[-147.19052291972594,61.73271133854397],[-147.19058121813427,61.73244449217346],[-147.19114779391293,61.732471948262216],[-147.19126437818068,61.73193825503819],[-147.19183094538914,61.731965708377885],[-147.19188923124878,61.73169886152454],[-147.19358892449375,61.73178120717684],[-147.19364719501212,61.73151435961118],[-147.19478031924876,61.731569244858676],[-147.19483857920838,61.7313023968172],[-147.1954051380355,61.731329835790255],[-147.19546339221887,61.73106298750928],[-147.19772961833704,61.73117271969387],[-147.19767138328282,61.73143956891955],[-147.20107078096123,61.73160410032394],[-147.2027704932091,61.73168633529543],[-147.20282868522125,61.7314194839454],[-147.2033952531739,61.7314468908139],[-147.20345343941068,61.7311800392246],[-147.20402000357362,61.73120744358085],[-147.20407818403515,61.730940591752315],[-147.20464474440834,61.73096799359629],[-147.2047029190948,61.73070114152864],[-147.2052694756782,61.73072854086044],[-147.20532764458977,61.73046168855358],[-147.20589419738323,61.7304890853732],[-147.2059523605201,61.73022223282724],[-147.20708545951953,61.730277019165875],[-147.20714361209951,61.7300101661449],[-147.20827670550318,61.73006494290695],[-147.2083348475266,61.729798089411176],[-147.20890139093427,61.729825474142004],[-147.2089595271835,61.729558620407225],[-147.2095260668009,61.72958600262605],[-147.20958419727614,61.72931914865219],[-147.2101507331032,61.729346528359024],[-147.21020885780462,61.72907967414633],[-147.2113419228696,61.72913442625988],[-147.2114000370153,61.72886757157261],[-147.21196656625304,61.72889494397938],[-147.21202467462527,61.728628089053075],[-147.21259120007244,61.72865545894806],[-147.21264930267137,61.72838860378295],[-147.21378234697565,61.7284433362731],[-147.2138985300723,61.727909624990616],[-147.21446504414743,61.72793698735031],[-147.2145812137164,61.72740327558351],[-147.21514771921903,61.72743063519605],[-147.2153219517959,61.726630066814685],[-147.21588844394464,61.726657423444586],[-147.21600458447915,61.726123710702836],[-147.21657106805588,61.72615106458581],[-147.21668719506533,61.72561735135986],[-147.2172536700701,61.7256447024959],[-147.21731172730787,61.7253778456425],[-147.21787819852196,61.725405194267175],[-147.2179362499882,61.72513833717513],[-147.21850271741155,61.7251656832884],[-147.21856076310647,61.724898825957574],[-147.21912722673895,61.724926169559545],[-147.2191852666627,61.72465931199009],[-147.2197517265043,61.72468665308073],[-147.21980976065703,61.72441979527254],[-147.22037621670773,61.724447133851996],[-147.22049227248158,61.72391341775502],[-147.2210587199605,61.723940753587925],[-147.22111674158185,61.72367389529914],[-147.22168318526982,61.723701228620925],[-147.22179921598203,61.72316751156289],[-147.22236565109836,61.723194842138284],[-147.22242366018946,61.72292798336903],[-147.22299009151476,61.722955311433296],[-147.22304809483583,61.722688452425615],[-147.2236145223701,61.72271577797875],[-147.22367251992134,61.72244891873253],[-147.22423894366446,61.72247624177481],[-147.22429693544598,61.722209382290025],[-147.22486335539799,61.72223670282128],[-147.22492134140998,61.72196984309794],[-147.22503731046663,61.72143612364136],[-147.2244709048554,61.72140880381535],[-147.2245868795159,61.72087508481537],[-147.2240204844538,61.7208477631839],[-147.22407847508035,61.7205809039139],[-147.2235120857873,61.720553580241784],[-147.22357008020444,61.72028672120357],[-147.22243731414562,61.72023206750252],[-147.22249531713294,61.71996520893113],[-147.22079618980393,61.719883212017756],[-147.2208542061405,61.719616354148556],[-147.2174560068795,61.71945230029137],[-147.2175140509026,61.71918544383036],[-147.21411591595762,61.71902130946467],[-147.21417398766533,61.71875445441245],[-147.213041293498,61.71869972522387],[-147.21309937377313,61.718432870639006],[-147.21083401644185,61.71832338589816],[-147.21089211484147,61.71805653225182],[-147.2091931215833,61.71797439551052],[-147.20925123332782,61.71770754256732],[-147.20755226332534,61.717625386054316],[-147.2076103884141,61.71735853381436],[-147.20704407184093,61.717331143994954],[-147.20710220071672,61.717064291987015],[-147.2065358899132,61.717036900127944],[-147.2065940225758,61.71677004835212],[-147.2060277175419,61.71674265445334],[-147.20608585399125,61.716475802909535],[-147.20551955472692,61.71644840697126],[-147.20557769496278,61.716181555659524],[-147.205011401468,61.71615415768158],[-147.2050695454902,61.715887306602],[-147.20450325776488,61.715859906584534],[-147.20456140557334,61.71559305573702],[-147.20399512361746,61.71556565368018],[-147.20411142581472,61.71503195244552],[-147.20354515440582,61.71500454858493],[-147.20360330879444,61.7147376981978],[-147.20303704315472,61.7147102922979],[-147.20309520132903,61.71444344214282],[-147.20252894145852,61.714416034203545],[-147.20258710341832,61.7141491842806],[-147.20202084931694,61.71412177430198],[-147.2020790150621,61.71385492461111],[-147.2015127667298,61.713827512593255],[-147.20157093626017,61.713560663134466],[-147.20100469369683,61.713533249077386],[-147.20106286701227,61.713266399850724],[-147.2004966302179,61.713238983754415],[-147.2005548073182,61.712972134759774],[-147.1999885762928,61.71294471662439],[-147.20016311597155,61.71214417032553],[-147.20072933266692,61.71217158775349],[-147.20084567793953,61.711637889730426],[-147.20141188607383,61.71166530441175],[-147.20152821782602,61.71113160590196],[-147.20209441739942,61.71115901783681],[-147.20215257701156,61.71089216834044],[-147.20271877280038,61.71091957776471],[-147.20277692664462,61.710652728028855],[-147.2033431186488,61.71068013494247],[-147.20345941381038,61.71014643498782],[-147.2040255972538,61.71017383915521],[-147.20414187889762,61.709640138713844],[-147.2047080537804,61.70966754013513],[-147.20482432190724,61.70913383920725],[-147.20539048822954,61.70916123788242],[-147.2055067428402,61.708627536468036],[-147.20607290060215,61.70865493239714],[-147.20618914169745,61.708121230496225],[-147.20675529089914,61.70814862367947],[-147.20687151847986,61.707614921291935],[-147.2074376591215,61.70764231172943],[-147.20749576665025,61.70737546029442],[-147.20806190350723,61.70740284822164],[-147.20846859504542,61.705534886419805],[-147.20903469946745,61.705562270423826],[-147.20920896665984,61.70476171460144],[-147.20977505774817,61.70478909562463],[-147.21000738104314,61.70372168686508],[-147.21113952799456,61.70377644020486],[-147.21119759679448,61.70350958753431],[-147.212329738157,61.7035643313058],[-147.21238779641854,61.70329747816067],[-147.2129538638102,61.70332484639951],[-147.21301191630778,61.70305799301518],[-147.2135779799149,61.703085358744346],[-147.21363602664871,61.70281850512084],[-147.21420208647123,61.702845868340326],[-147.2142601274414,61.70257901447755],[-147.21482618347926,61.70260637518741],[-147.21488421868602,61.702339521085605],[-147.2154502709391,61.70236687928589],[-147.2155083003826,61.702100024944876],[-147.2166403983084,61.70215473405211],[-147.21669841721484,61.70188787923674],[-147.21783050954886,61.70194257877657],[-147.21788851791842,61.70167572348699],[-147.21902060466002,61.70173041345927],[-147.21907860249297,61.70146355769552],[-147.21964464257292,61.70149089903516],[-147.21970263464343,61.70122404303242],[-147.2208347082212,61.701278718418735],[-147.22089268975557,61.70101186194201],[-147.22145872325325,61.701039195988706],[-147.22151669902547,61.70077233927316],[-147.22264875943804,61.70082700007383],[-147.22270672467462,61.700560142884335],[-147.22327275158935,61.70058746963836],[-147.2233307110642,61.70032061221006],[-147.22389673419323,61.700347936454875],[-147.22395468790646,61.700081078787704],[-147.22452070724975,61.70010840052345],[-147.22457865520158,61.699841542617484],[-147.22514467075908,61.69986886184404],[-147.22520261294963,61.6996020036993],[-147.22576862472127,61.69962932041684],[-147.22582656115074,61.6993624620333],[-147.2263925691365,61.699389776241944],[-147.22662428588595,61.69832234172958],[-147.227190275766,61.698349652724666],[-147.22742195762558,61.69728221721048],[-147.22798792940088,61.697309524992406],[-147.22821957637467,61.69624208847622],[-147.22878553004622,61.69626939304514],[-147.2288434345496,61.69600253367144],[-147.22827748565055,61.69597522933718],[-147.2283353939394,61.695708370194296],[-147.22776945079977,61.69568106382077],[-147.22782736287402,61.69541420490864],[-147.2266954891005,61.695359585809406],[-147.22675340973214,61.69509272736278],[-147.2261874790983,61.6950654146371],[-147.2262454035149,61.694798556421254],[-147.22567947864033,61.69477124165651],[-147.22573740684172,61.694504383671486],[-147.22460556959842,61.6944497477902],[-147.2246635063563,61.69418289027072],[-147.22409759398755,61.6941555691542],[-147.22415553452979,61.69388871186559],[-147.2235896279203,61.69386138871011],[-147.2236475722467,61.6935945316522],[-147.22308167139633,61.69356720645791],[-147.22313961950684,61.693300349630846],[-147.22257372441555,61.69327302239774],[-147.2226316763099,61.69300616580142],[-147.2220657869777,61.692978836529456],[-147.2221237426558,61.69271198016408],[-147.22155785908257,61.69268464885333],[-147.22161581854422,61.69241779271876],[-147.22104994072996,61.69239045936927],[-147.22116586623233,61.69185674755757],[-147.220599998948,61.691829412404395],[-147.22065796498848,61.69156255672732],[-147.22009210346283,61.69153521953553],[-147.2201500732864,61.6912683640893],[-147.21958421751947,61.691241024858876],[-147.21964219112584,61.69097416964333],[-147.2190763411176,61.69094682837446],[-147.21913431850672,61.69067997338981],[-147.21800263099541,61.6906252845014],[-147.21811860189163,61.69009157545964],[-147.21755276915903,61.69006422807533],[-147.21761075789533,61.68979737378321],[-147.21704493092116,61.68977002436041],[-147.21716091496972,61.689236316233696],[-147.21659509852404,61.68920896500761],[-147.2166530938361,61.68894211117299],[-147.21608728314865,61.68891475790866],[-147.21620328034794,61.68838105069683],[-147.2156374801885,61.68835369562934],[-147.21569548207552,61.688086842252055],[-147.21512968767408,61.68805948514637],[-147.2152456980224,61.68752577884936],[-147.21530370171405,61.68725892569442],[-147.2147379226096,61.687231567020724],[-147.2148539365667,61.686697861168355],[-147.21428816798922,61.686670500691626],[-147.2144041875313,61.686136795292256],[-147.21383842948046,61.68610943301261],[-147.21389644253793,61.68584258054156],[-147.21333069024453,61.68581521622395],[-147.2133887070825,61.68554836398372],[-147.21282296054645,61.685520997628096],[-147.21288098116472,61.6852541456187],[-147.2117495005958,61.68519940655867],[-147.2118075297629,61.684932555015266],[-147.21067606268596,61.68487780733343],[-147.2107341004015,61.68461095625607],[-147.20960264681682,61.684556199952624],[-147.20966069308037,61.68428934934137],[-147.2090949725398,61.684261968015505],[-147.20915302258274,61.68399511763506],[-147.2085873077994,61.68396773427145],[-147.20864536162156,61.68370088412192],[-147.2075139445585,61.68364611104664],[-147.2075720069278,61.683379261363235],[-147.207006304648,61.683351871651595],[-147.20706437079608,61.68308502219916],[-147.2064986742735,61.68305763044991],[-147.20655674420018,61.682790781228256],[-147.20599105343473,61.682763387441575],[-147.2060491271399,61.6824965384509],[-147.2054834421315,61.68246914262676],[-147.205541519615,61.68220229386699],[-147.20441016210174,61.68214749587105],[-147.2044682481309,61.68188064757754],[-147.20390257562602,61.68185324540587],[-147.20396066543304,61.68158639734328],[-147.20339499868516,61.68155899313434],[-147.2034530922699,61.681292145302685],[-147.2023217712777,61.68123733053743],[-147.2023798734072,61.680970483172196],[-147.20181421916288,61.680943072616024],[-147.2018723250697,61.68067622548172],[-147.20130667658225,61.68064881288838],[-147.20136478626625,61.68038196598509],[-147.20079914353562,61.680354551354554],[-147.20085725699658,61.68008770468228],[-147.19972598403893,61.68003286907446],[-147.19978410604344,61.679766022868705],[-147.1992184758164,61.67973860189144],[-147.1992766015975,61.679471755916616],[-147.19871097712718,61.67944433290245],[-147.1987691066847,61.67917748715853],[-147.19820348797103,61.67915006210735],[-147.1982616213048,61.67888321659448],[-147.19769600834778,61.67885578950645],[-147.19775414545765,61.67858894422454],[-147.19662293204715,61.678534083702296],[-147.19668107769914,61.67826723888702],[-147.19611547724563,61.67823980545287],[-147.19617362667327,61.67797296086857],[-147.19560803197632,61.67794552539768],[-147.19566618517948,61.67767868104443],[-147.195100596239,61.67765124353678],[-147.1951587532175,61.67738439941457],[-147.19459317003347,61.67735695987022],[-147.19465133078714,61.67709011597907],[-147.1940857533595,61.67706267439802],[-147.19414391788823,61.676795830737895],[-147.19357834621692,61.67676838712031],[-147.19363651452053,61.67650154369123],[-147.1930709486055,61.67647409803704],[-147.19318729177135,61.675940411636226],[-147.19262173637787,61.67591296418118],[-147.1926799112399,61.67564612120944],[-147.19211436160253,61.67561867171803],[-147.19223071788443,61.67508498623192],[-147.19166517876815,61.67505753493989],[-147.19172336018778,61.67479069242546],[-147.19115782682738,61.674763239096926],[-147.191216012021,61.674496396813545],[-147.18951943218036,61.67441402390275],[-147.18957763067723,61.67414718232201],[-147.18788107405132,61.674064789669956],[-147.1879392858508,61.673797948792064],[-147.18737377372275,61.67377048026652],[-147.18743198929528,61.673503639619724],[-147.18573547315336,61.673421221118545],[-147.18579370202744,61.67315438117474],[-147.1846627057529,61.67309942461924],[-147.1847209431637,61.672832585142466],[-147.18358996038467,61.67277761997119],[-147.18364820633178,61.672510780961574],[-147.18251723704847,61.672455807174636],[-147.18257549153157,61.6721889686323],[-147.18144453574428,61.67213398622991],[-147.1815027987629,61.671867148154774],[-147.18093732712128,61.67183965378183],[-147.18105385970927,61.671305978089165],[-147.18048839858713,61.67127848191659],[-147.1805466681563,61.67101164429906],[-147.1799812127899,61.67098414609077],[-147.1800394861302,61.670717308704376],[-147.1794740365195,61.67068980846047],[-147.17959058974967,61.67015613414525],[-147.1790251506578,61.670128632101914],[-147.17908343054745,61.66986179517305],[-147.1785179972111,61.6698342910941],[-147.1786345635391,61.66930061769377],[-147.1780691407211,61.66927311181555],[-147.17830228051892,61.66820576589991],[-147.1777368777441,61.668178258694745],[-147.1779117364593,61.667377749914124],[-147.17734634896402,61.667350241145925],[-147.17740463797978,61.66708340511185],[-147.17683925623916,61.66705589430829],[-147.17689754902455,61.66678905850542],[-147.17633217303856,61.66676154566655],[-147.17639046959343,61.66649471009492],[-147.17582509936202,61.666467195220825],[-147.1758833996862,61.66620035988028],[-147.1753180352093,61.66617284297103],[-147.17543464240327,61.66563917274712],[-147.17486928844255,61.665611654038976],[-147.1749275953121,61.66534481915572],[-147.17379689989204,61.66528977539784],[-147.1738552152919,61.66502294098199],[-147.17328987383257,61.66499541593242],[-147.17334819300095,61.66472858174771],[-147.17278285729589,61.664701054663084],[-147.17284118023264,61.66443422070962],[-147.17227585028178,61.66440669159004],[-147.17233417698674,61.66413985786777],[-147.17176885279005,61.66411232671327],[-147.17182718326305,61.66384549322215],[-147.17126186482048,61.66381796003286],[-147.17132019906137,61.66355112677288],[-147.17075488637283,61.663523591548774],[-147.17081322438148,61.66325675852002],[-147.1696826115057,61.66320168173086],[-147.16974095804264,61.66293484916976],[-147.16917565785536,61.66290730760498],[-147.1692340081596,61.66264047527503],[-147.16866871372633,61.662612931675476],[-147.1687270677977,61.66234609957674],[-147.16816177911832,61.662318553942654],[-147.1682201369567,61.66205172207521],[-147.16765485403118,61.66202417440635],[-147.16771321563638,61.661757342770116],[-147.1671479384647,61.661729793066755],[-147.1672063038366,61.661462961661734],[-147.16664103241862,61.661435409923826],[-147.16669940155705,61.661168578750136],[-147.16613413589283,61.66114102497775],[-147.1661925087976,61.66087419403517],[-147.16562724888703,61.66084663822833],[-147.1657440012352,61.66031297680055],[-147.16517875183803,61.66028541919582],[-147.16535388718643,61.65948492772413],[-147.16478865306178,61.65945736855806],[-147.16490541451088,61.65892370802348],[-147.1643401908988,61.65889614705967],[-147.16439857489198,61.65862931702093],[-147.1638333570329,61.65860175402281],[-147.16389174479144,61.658334924215346],[-147.16332653268537,61.65830735918311],[-147.16338492420908,61.658040529606865],[-147.1616893081317,61.65795782159532],[-147.16174771293825,61.657690992723516],[-147.16005212008463,61.65760826498565],[-147.1601105381733,61.65734143681843],[-147.15954534730275,61.65731385660115],[-147.15966219001436,61.65678020072374],[-147.15909700965528,61.65675261870924],[-147.15915543427798,61.656485790999106],[-147.15802508606004,61.65643062063179],[-147.15808351920498,61.656163793389645],[-147.1575183513461,61.656136205036766],[-147.15757678825472,61.655869378026054],[-147.15701162614863,61.655841787639446],[-147.15707006682072,61.65557496085991],[-147.15650491046742,61.655547368439635],[-147.15656335490286,61.6552805418915],[-147.15599820430225,61.65525294743742],[-147.15605665250087,61.65498612112055],[-147.15549150765293,61.65495852463277],[-147.15554995961458,61.6546916985473],[-147.15441968241873,61.65463649923418],[-147.15447814290093,61.654369673616856],[-147.15391301055303,61.65434207079144],[-147.15397147479786,61.654075245405444],[-147.1534063482025,61.654047640546565],[-147.15346481620975,61.653780815391926],[-147.15289969536695,61.653753208499545],[-147.15301663791092,61.653219558647294],[-147.15132130989707,61.65313672576983],[-147.15137979394783,61.65286990154609],[-147.15081469135748,61.6528422862833],[-147.15087317916996,61.65257546229085],[-147.14974298648943,61.65252022542852],[-147.14980148282032,61.65225340190448],[-147.1486713036355,61.65219815643516],[-147.1487298084844,61.651931333379466],[-147.1475996427955,61.6518760793034],[-147.14765815616212,61.65160925671629],[-147.14652800396948,61.651553994033684],[-147.1465865258533,61.65128717191501],[-147.14545638715717,61.65123190062621],[-147.14551491755788,61.65096507897598],[-147.14494985446015,61.65093744016359],[-147.14500838862108,61.650670618744876],[-147.14444333127568,61.65064297789944],[-147.1445018691967,61.650376156712156],[-147.1422416688017,61.650265571578956],[-147.14230022475058,61.64999875133471],[-147.1349547454246,61.64963910190402],[-147.1350133622013,61.6493722847392],[-147.13444833706546,61.64934460374636],[-147.1345069576002,61.64907778681326],[-147.13394193821728,61.64905010378799],[-147.13405918580503,61.6485164703794],[-147.1334941769302,61.648488785559245],[-147.1336700550959,61.64768833611541],[-147.13310506148386,61.64766064973794],[-147.13322231811648,61.64712701722129],[-147.1326573350117,61.64709932904903],[-147.13283322674314,61.64629888094295],[-147.1322682588998,61.64627119121356],[-147.13238552457526,61.645737559588554],[-147.13182056723832,61.64570986806448],[-147.13187920333397,61.64544305248076],[-147.1313142517489,61.64541535892459],[-147.1313728916011,61.64514854357252],[-147.13080794576786,61.645120847984295],[-147.13086658937644,61.64485403286385],[-147.130301649295,61.6448263352436],[-147.13036029665983,61.644559520354846],[-147.12979536233013,61.64453182070271],[-147.12997131269935,61.64373137671361],[-147.12940639362876,61.64370367550462],[-147.1295823492785,61.64290323217483],[-147.12901744546622,61.64287552940927],[-147.12913475375035,61.64234190096822],[-147.12856986044247,61.64231419640831],[-147.12874582964434,61.64151375441478],[-147.12818095159346,61.64148604829835],[-147.1282982689113,61.64095242074793],[-147.12773340136394,61.640924712837425],[-147.12779206327878,61.64065789929073],[-147.12722720148201,61.640630189348734],[-147.12740319549684,61.639829749385456],[-147.1268383489555,61.63980203788709],[-147.12701434824598,61.63900159858234],[-147.1264495169593,61.6389738855277],[-147.12680151710887,61.63737300818036],[-147.12736631988432,61.637400719809364],[-147.1276009476879,61.63633346717244],[-147.12703616391838,61.63630575649366],[-147.12727079476423,61.635238504709086],[-147.12670603099696,61.63521079271177],[-147.12735123577994,61.63227585240912],[-147.12791594729126,61.63230356179349],[-147.12803323478423,61.63176993572839],[-147.12859793779276,61.631797642369136],[-147.12877384730302,61.63099720251236],[-147.12933853705914,61.631024906172215],[-147.12945579558087,61.63049127909496],[-147.13002047683463,61.63051898001144],[-147.13013772186918,61.62998535243431],[-147.13070239462076,61.63001305060753],[-147.13081962616897,61.62947942253066],[-147.13138429041845,61.62950711796062],[-147.13150150848108,61.62897348938413],[-147.13206616422858,61.62900118207101],[-147.13224196960064,61.62820073844714],[-147.13280661209728,61.62822842815371],[-147.13298239425438,61.627427983761464],[-147.13354702350065,61.627455670487834],[-147.1337813667673,61.626388410261136],[-147.13321675651565,61.626360724483824],[-147.13339251775128,61.62556027995933],[-147.13282792274092,61.62553259262565],[-147.13294510141358,61.6249989633855],[-147.13238051689567,61.62497127425824],[-147.13249770107964,61.62443764546736],[-147.13193312705383,61.62440995454649],[-147.13228468418376,61.622809069444315],[-147.1328492297238,61.62283675894147],[-147.13290781434486,61.62256994449821],[-147.13234327355218,61.62254225523825],[-147.13257762106522,61.621474998349825],[-147.1331421428693,61.6215026866608],[-147.13320072251057,61.621235872185366],[-147.13432975961237,61.62129124152941],[-147.13438832876395,61.62102442657309],[-147.13551736035475,61.621079786371446],[-147.13557591901682,61.62081297093453],[-147.13614043155863,61.62084064719486],[-147.13619898447834,61.620573831514356],[-147.1373280030545,61.62062917675729],[-147.13738654548519,61.620362360596204],[-147.13795105151937,61.6203900295789],[-147.13800958820804,61.620123213174374],[-147.14196112507904,61.62031683089593],[-147.1419026216184,61.620583648959396],[-147.14359616658146,61.62066659467639],[-147.14353767636746,61.62093341344408],[-147.14466672080903,61.620988699723156],[-147.1447252015288,61.62072188048175],[-147.1452897204938,61.620749519982645],[-147.14534819547228,61.6204827004981],[-147.14591271068429,61.62051033749434],[-147.14602964816493,61.61997669803262],[-147.1465941548769,61.62000433228747],[-147.14665261737935,61.61973751231032],[-147.14721712033833,61.61976514406059],[-147.1479769807342,61.616296480697976],[-147.1485414229837,61.616324107103615],[-147.14906733911496,61.61392272200854],[-147.14850293957528,61.61389509773265],[-147.14856137448,61.61362827737068],[-147.14799698067867,61.61360065106407],[-147.1481138569985,61.61306701079395],[-147.14754947368039,61.613039382693174],[-147.1476663555169,61.612505742870276],[-147.14653761083983,61.61245048081341],[-147.14659605975746,61.61218366136542],[-147.14603169365364,61.61215602717272],[-147.14609014632245,61.61188920795493],[-147.14496142658433,61.611833933241144],[-147.14507834791914,61.611300295732576],[-147.14451399902913,61.61127265544825],[-147.1445724629504,61.611005836920896],[-147.14400811979826,61.610978194606126],[-147.1441250541482,61.61044455800488],[-147.14356072147785,61.610416913896515],[-147.14361919190628,61.61015009582269],[-147.14305486497358,61.61012244968394],[-147.143171812337,61.609588813989994],[-147.14260749588558,61.609561166057745],[-147.1427244487613,61.60902753081076],[-147.14216014279089,61.608999881085076],[-147.1422186224816,61.608733063688305],[-147.14165432224846,61.608705411932355],[-147.14177128813512,61.608171777592496],[-147.1412069983825,61.60814412404316],[-147.1412654845782,61.60787730710001],[-147.1407012005627,61.607849651520574],[-147.14081817945862,61.60731601808785],[-147.14025390592303,61.6072883607151],[-147.140312398623,61.607021544225525],[-147.13974813082433,61.606993884822806],[-147.13980662727312,61.60672706856329],[-147.13924236521126,61.60669940713063],[-147.1393008654087,61.60643259110119],[-147.1387366090836,61.60640492763857],[-147.13885361598142,61.605871296033236],[-147.13941786282143,61.605898959022234],[-147.13947636003675,61.60563214297262],[-147.1400406031283,61.60565980345786],[-147.14015758509228,61.60512617086457],[-147.14072181969308,61.60515382860959],[-147.14083878819716,61.604620195515665],[-147.1414030143073,61.60464785052031],[-147.14151996935226,61.60411421692576],[-147.14208418697186,61.604141869190265],[-147.1422011285585,61.60360823509504],[-147.1427653376877,61.60363588461936],[-147.1429407283913,61.60283543271558],[-147.14350492428855,61.60286307926321],[-147.1436802918275,61.60206262658815],[-147.14424447449326,61.602090270159195],[-147.14430292361178,61.601823452350644],[-147.1448671025292,61.601851093418595],[-147.14492554591328,61.601584275366484],[-147.14548972108227,61.601611913931336],[-147.14560659538898,61.601078277333436],[-147.1461707620683,61.60110591315863],[-147.1462291929912,61.60083909461294],[-147.14679335592203,61.60086672793509],[-147.1468517811111,61.60059990914595],[-147.14741594029343,61.60062753996513],[-147.1475327782116,61.60009390189339],[-147.14809692890435,61.60012152997314],[-147.14821375337073,61.5995878914009],[-147.14877789557406,61.59961551674134],[-147.14883630157783,61.59934869720857],[-147.14940044003265,61.59937632004615],[-147.14951723958202,61.59884268048712],[-147.15008136954754,61.59887030058545],[-147.15013976309336,61.59860348055918],[-147.15070388931028,61.598631098154875],[-147.15076227712353,61.598364277885395],[-147.1513263995918,61.598391892978384],[-147.1513847816726,61.59812507246567],[-147.15194890039214,61.598152685055865],[-147.15200727674065,61.59788586430003],[-147.15257139171152,61.597913474387695],[-147.15280486822735,61.59684619035012],[-147.15224077221768,61.59681858120777],[-147.15229914360782,61.596551760417455],[-147.15173505332987,61.596524149245234],[-147.15185180261528,61.59599050811681],[-147.15128772280883,61.59596289515106],[-147.1513461007039,61.595696074812764],[-147.15078202662892,61.59566845981725],[-147.15084040827202,61.595401639708406],[-147.1502763399285,61.595374022683195],[-147.15033472531945,61.59510720280373],[-147.1497706627073,61.5950795837489],[-147.14988743999282,61.59454594444191],[-147.14932338785138,61.594518323593796],[-147.14944017064818,61.59398468473186],[-147.14831208829807,61.59392943718312],[-147.14837048768692,61.593662618214594],[-147.14780645273888,61.59363499127772],[-147.1478648558748,61.59336817253855],[-147.14730082665778,61.593340543572275],[-147.14735923354056,61.593073725062524],[-147.14679521005453,61.59304609406676],[-147.146853620684,61.59277927578651],[-147.1462896029289,61.59275164276131],[-147.14634801730494,61.59248482471055],[-147.14521999424878,61.592429552335645],[-147.14527841710975,61.59216273475082],[-147.14415040750006,61.59210745378565],[-147.1442088388456,61.591840636666845],[-147.14364484026783,61.591812993022124],[-147.1438201425646,61.59101254233298],[-147.14438412692763,61.59104018526805],[-147.14520201989507,61.58730474456271],[-147.145765938924,61.58733238192131],[-147.14594116219294,61.58653192945031],[-147.1465050680029,61.58655956383401],[-147.14656346903865,61.58629274609297],[-147.1471273711036,61.58632037797492],[-147.1472441607264,61.58578674199845],[-147.14780805430954,61.585814371142284],[-147.1479248304926,61.585280734664416],[-147.1484887155941,61.5853083610701],[-147.14883899193012,61.5837074500458],[-147.1494028496052,61.58373507276844],[-147.14951959098136,61.58320143523005],[-147.1500834401756,61.58322905521489],[-147.15055032815116,61.58109450288208],[-147.149986516842,61.58106688478729],[-147.15010323839715,61.58053324710394],[-147.15066704023585,61.580560864726344],[-147.15078374835727,61.580027226541475],[-147.15134754171658,61.58005484142649],[-147.1514058895561,61.579788022086866],[-147.1519696791711,61.579815634470755],[-147.15202802128505,61.57954881488782],[-147.15315559401674,61.579604032388275],[-147.15327225633357,61.579070392255915],[-147.15383603471528,61.57909799713649],[-147.15389435965338,61.578831176823314],[-147.15445813429056,61.578858779202946],[-147.15457477172666,61.57832513808241],[-147.15513853788462,61.57835273772509],[-147.15519685038285,61.57808591691787],[-147.15576061279626,61.57811351405954],[-147.15581891956998,61.577846693009015],[-147.15638267823874,61.57787428764985],[-147.15644097928802,61.57760746635593],[-147.15700473421214,61.577635058495986],[-147.15712132387256,61.57710141541437],[-147.15768507031757,61.577129004817735],[-147.15820963219736,61.57472760846431],[-147.15764592835816,61.574700021184334],[-147.15770421279785,61.57443319956643],[-147.15714051468169,61.57440561025775],[-147.1571988028654,61.574138788868446],[-147.15663511047222,61.57411119753107],[-147.15669340239984,61.57384437637031],[-147.15612971572958,61.573816783004304],[-147.15618801140093,61.57354996207212],[-147.15562433045352,61.57352236667748],[-147.1556826298685,61.573255545973836],[-147.15511895464388,61.5732279485508],[-147.15517725780225,61.57296112807565],[-147.15461358830044,61.57293352862402],[-147.15467189520209,61.572666708377405],[-147.1535445686337,61.57261150315275],[-147.1536028840113,61.572344683370765],[-147.1530392269447,61.57231707759782],[-147.15309754606514,61.572050258044435],[-147.15253389472127,61.57202265024314],[-147.15259221758438,61.57175583091834],[-147.15202857196314,61.571728221088755],[-147.1520868985688,61.571461401992536],[-147.1515232586701,61.57143379013453],[-147.15158158901815,61.571166971266926],[-147.15101795484196,61.57113935738076],[-147.15107628893222,61.57087253874179],[-147.1505126604785,61.57084492282736],[-147.15057099831085,61.57057810441697],[-147.15000737557955,61.57055048647431],[-147.15006571715378,61.57028366829249],[-147.14950210014487,61.570256048321816],[-147.14956044546082,61.56998923036864],[-147.14899683417423,61.56996160836986],[-147.14905518323178,61.569694790645244],[-147.14849157766747,61.569667166618366],[-147.14854993046646,61.56940034912243],[-147.14798633062438,61.56937272306753],[-147.14804468716463,61.56910590580019],[-147.14748109304472,61.5690782777174],[-147.1475394533261,61.568811460678646],[-147.14697586492827,61.56878383056781],[-147.14703422895062,61.56851701375772],[-147.14647064627485,61.568489381619074],[-147.14652901403804,61.568222565037594],[-147.1459654370843,61.56819493087104],[-147.1460238085881,61.56792811451819],[-147.14546023735633,61.567900478323814],[-147.14551861260063,61.56763366219968],[-147.1449550470908,61.56760602397754],[-147.14507180406923,61.56707239217878],[-147.14450824901223,61.56704475216521],[-147.14462501148932,61.5665111208084],[-147.14349792327118,61.56645583493442],[-147.14355631248492,61.56618901971719],[-147.14242923769189,61.566133725260194],[-147.14248763537583,61.5658669105079],[-147.14079704481108,61.565783952552216],[-147.1408554556953,61.565517138501306],[-147.14029193221987,61.56548948155817],[-147.14035034684306,61.565222667735945],[-147.1397868290893,61.56519500876532],[-147.13984524745138,61.56492819517182],[-147.1392817354192,61.564900534173866],[-147.1393985786293,61.56436690743651],[-147.13883507704864,61.5643392446476],[-147.13895192575288,61.56380561835227],[-147.13838843462338,61.56377795377255],[-147.13844686221807,61.56351114084959],[-147.13788337680975,61.563483474242645],[-147.13800023848387,61.56294984884649],[-147.13743676352624,61.56292218044882],[-147.13749519760543,61.56265536797555],[-147.13693172836884,61.56262769755063],[-147.13704860301115,61.5620940730537],[-147.13648514422474,61.5620664008382],[-147.13654358478763,61.56179958881451],[-147.13598013172202,61.561771914572056],[-147.13609701933092,61.56123829097411],[-147.13553357671503,61.561210614941125],[-147.13570891487723,61.56041018019503],[-147.13627234330679,61.56043785551843],[-147.1363307826488,61.56017104368422],[-147.13745763302526,61.56022638706779],[-147.13751606191857,61.55995957475266],[-147.13864290680343,61.56001490860967],[-147.13870132524818,61.55974809581385],[-147.13982816464076,61.559803420144334],[-147.13988657263724,61.55953660686791],[-147.14214024440003,61.55964722742241],[-147.14219863249133,61.55938041319282],[-147.14895968612367,61.559712054731364],[-147.14901801648043,61.55944523765991],[-147.15070828797667,61.559528096408506],[-147.1507666031574,61.55926127862117],[-147.15189344631148,61.559316505997565],[-147.15195175104526,61.55904968773046],[-147.1525151693775,61.55907729778751],[-147.15257346839326,61.55881047927682],[-147.15313688298602,61.558838086834385],[-147.15319517628393,61.55857126807991],[-147.1537585871371,61.55859887313823],[-147.15381687471736,61.55833205414014],[-147.15494368993328,61.55838725699472],[-147.15500196706745,61.558120437517076],[-147.1555653714301,61.55814803531336],[-147.15562364284696,61.55788121559215],[-147.15618704346974,61.55790881088921],[-147.15624530916946,61.5576419909244],[-147.15680870605237,61.55766958372235],[-147.1568669660351,61.55740276351398],[-147.15743035917808,61.55743035381268],[-147.15754686672145,61.55689671290102],[-147.15811025139615,61.55692430046494],[-147.15816849895705,61.556657479761725],[-147.15873187989177,61.55668506482661],[-147.1589066024609,61.55588460196302],[-147.15946997019938,61.55591218405748],[-147.1597611310807,61.554578077950346],[-147.16032447616806,61.55460565660331],[-147.1606155887149,61.553271549122364],[-147.16117891115277,61.55329912433411],[-147.16129533980316,61.5527654808157],[-147.1618586537742,61.55279305329322],[-147.16197506902026,61.55225940927209],[-147.16141176450333,61.55223183726572],[-147.16146997537214,61.551965015478906],[-147.16090667656962,61.55193744144501],[-147.1609648911778,61.55167061988588],[-147.1604015980897,61.55164304382464],[-147.1605180337968,61.551109401153894],[-147.15995475114966,61.55108182330076],[-147.16007119235954,61.55054818106958],[-147.15950792015298,61.55052060142477],[-147.15968258873983,61.54972013872538],[-147.1591193316997,61.54969255752442],[-147.15929400557633,61.54889209546042],[-147.15873076370193,61.54886451270352],[-147.1589636672807,61.54779723078214],[-147.1584004452968,61.54776964670488],[-147.1585751267875,61.546969185886745],[-147.1580119199675,61.546941600253824],[-147.1580701498811,61.5466747802007],[-147.15750694877397,61.546647192540654],[-147.15756518242512,61.5463803727152],[-147.1570019870308,61.546352783028205],[-147.1570602244193,61.54608596343029],[-147.15649703473778,61.54605837171643],[-147.15655527586347,61.54579155234608],[-147.1559920918947,61.545763958605356],[-147.1561085806323,61.545230320311866],[-147.15554540710093,61.54520272478004],[-147.15560365471265,61.544935905856754],[-147.15504048689382,61.544908308298105],[-147.1550987382422,61.54464148960256],[-147.15453557613586,61.54461389001716],[-147.15459383122078,61.544347071549176],[-147.15403067482683,61.54431946993704],[-147.1540889336481,61.54405265169668],[-147.15352578296657,61.544025048057875],[-147.15364230709343,61.543491412024274],[-147.15307916684833,61.543463806594616],[-147.15313743215373,61.54319698880133],[-147.15257429762082,61.54316938134511],[-147.1526908347151,61.54263574620558],[-147.15212771061815,61.54260813695868],[-147.15218598240682,61.54234131961236],[-147.15162286402185,61.5423137083389],[-147.151681139546,61.5420468912203],[-147.15111802687298,61.54201927792045],[-147.1512345844036,61.54148564413024],[-147.1506714821659,61.5414580290397],[-147.15119598464435,61.5390566786995],[-147.1506329259024,61.539029063469066],[-147.15092430519488,61.53769498083684],[-147.15036127105353,61.53766736452337],[-147.15059437559023,61.53660009921139],[-147.15003136132543,61.53657248157922],[-147.1502061935187,61.535772033215245],[-147.14964319440742,61.53574441402862],[-147.14975975370572,61.53521078221583],[-147.14919676502575,61.53518316123898],[-147.1493133298145,61.53464952986442],[-147.1487503515655,61.53462190709751],[-147.14880863719895,61.53435509163338],[-147.14824566465938,61.53432746684072],[-147.14836224240406,61.53379383635894],[-147.14779928029498,61.5337662097762],[-147.147857572406,61.533499394758636],[-147.14729461600612,61.533471766150164],[-147.1474112067051,61.532938136561384],[-147.14684826073525,61.532910506163006],[-147.14690655932296,61.53264369159183],[-147.14634361906218,61.5326160591678],[-147.14651852305704,61.53181561611113],[-147.14595559794614,61.531787982133295],[-147.1461305072067,61.53098753970801],[-147.14556759724493,61.53095990417632],[-147.1457425117704,61.53015946238242],[-147.145179616957,61.53013182529699],[-147.1452962311384,61.52959819786359],[-147.14473334675296,61.52957055898864],[-147.1447916570807,61.52930374549504],[-147.14422877840335,61.52927610459473],[-147.14428709246224,61.52900929132848],[-147.14372421949287,61.52898164840292],[-147.14378253728268,61.52871483536408],[-147.14321967002132,61.52868719041308],[-147.14333631207396,61.528153564781555],[-147.1427734552397,61.528125918041404],[-147.14289010277633,61.52759229284746],[-147.1423272563689,61.52756464431794],[-147.142443909389,61.52703101956158],[-147.14188107340806,61.527003369242905],[-147.1419394031539,61.52673655708779],[-147.14137657288046,61.52670890474397],[-147.1414932388435,61.5261752808798],[-147.14093041899602,61.526147626747],[-147.14110542468063,61.52534719159385],[-147.14166823037286,61.52537484501873],[-147.14172655890536,61.5251080330477],[-147.14285216381896,61.52516333264275],[-147.1429687990454,61.52462970773104],[-147.1435315935485,61.52465735366528],[-147.14358990496098,61.52439054096063],[-147.14415269573425,61.524418184398066],[-147.14426930615835,61.52388455849085],[-147.14483208848375,61.52391219919578],[-147.14489038749562,61.523645385993376],[-147.14545316609116,61.523673024201514],[-147.14551145939708,61.52340621075456],[-147.14607423426273,61.52343384646604],[-147.1461325218629,61.52316703277468],[-147.14669529299854,61.523194665989536],[-147.14687013571898,61.52239422415601],[-147.14743289368928,61.52242185440282],[-147.14754944112934,61.52188822599889],[-147.14811219065217,61.521915853513434],[-147.14822872470714,61.52138222460338],[-147.14879146578267,61.52140984938583],[-147.14890798645334,61.520876219969544],[-147.14947071908168,61.52090384201992],[-147.14958722636885,61.520370212097546],[-147.15014995055014,61.52039783141594],[-147.1502664444546,61.519864200987406],[-147.15082916018898,61.519891817573914],[-147.15088740094367,61.519625002111056],[-147.15145011294814,61.51965261620131],[-147.1515665820631,61.51911898477822],[-147.15212928562076,61.51914659613681],[-147.15230396774217,61.51834614822992],[-147.15286665813656,61.51837375662128],[-147.15304131722863,61.51757330792932],[-147.1536039944603,61.51760091335368],[-147.15366220746827,61.51733409687004],[-147.15422488097008,61.517361699798464],[-147.1543412945944,61.51682806633397],[-147.15490395965008,61.51685566653111],[-147.1550203598971,61.51632203256059],[-147.15558301650682,61.516349630026475],[-147.15581578630363,61.51528236103874],[-147.15637842503588,61.51530995530264],[-147.15649479458696,61.514776320285314],[-147.15705742487378,61.5148039118182],[-147.157115603455,61.514537094061055],[-147.157678230012,61.514564683098286],[-147.15773640289194,61.51429786509699],[-147.15886164953184,61.51435303592008],[-147.1589198119952,61.5140862174394],[-147.15948243207794,61.514113799225235],[-147.15954058884037,61.51384698050049],[-147.16010320519308,61.513874559790935],[-147.16016135625478,61.5136077408222],[-147.16072396887736,61.51363531761707],[-147.1607821142385,61.51336849840435],[-147.16134472313092,61.51339607270376],[-147.16140286279165,61.513129253246994],[-147.16196546795385,61.51315682505105],[-147.16202360191429,61.51289000535048],[-147.16258620334625,61.512917574659134],[-147.1626443316066,61.51265075471451],[-147.16320692930825,61.5126783215279],[-147.16332317344424,61.51214468114212],[-147.1638857627005,61.51217224522507],[-147.16400199346774,61.51163860433384],[-147.1645645742787,61.51166616568654],[-147.16468079167797,61.511132524290026],[-147.1652433640438,61.511160082912475],[-147.16541766861533,61.51035962004634],[-147.1659802278216,61.51038717570372],[-147.16621260127917,61.5093198908185],[-147.16677514261204,61.509347443276006],[-147.16694939822926,61.50854697881434],[-147.16751192640373,61.508574528306966],[-147.16774423459552,61.5075072412942],[-147.16830674489822,61.50753478758736],[-147.1686551493911,61.50593385539225],[-147.16921763239625,61.50596139801635],[-147.16939180722449,61.50516093109399],[-147.17051674790588,61.505216008154235],[-147.1705747947889,61.50494918535934],[-147.1722621990459,61.50503178329768],[-147.17232023080652,61.504764959789526],[-147.1734451624668,61.50482001331388],[-147.17350318381835,61.504553189327474],[-147.17406564640967,61.504580712465426],[-147.1741236620654,61.50431388823544],[-147.17524858077013,61.504368927263016],[-147.17530658601723,61.50410210255481],[-147.17586904213042,61.50412961844444],[-147.1759270416821,61.50386279349275],[-147.1764894940648,61.50389030688816],[-147.1765474879212,61.50362348169312],[-147.17767238620775,61.50367850123588],[-147.17773036965616,61.503411675562695],[-147.17829281555984,61.50343918171013],[-147.17835079331337,61.5031723557935],[-147.18003812277792,61.50325485997451],[-147.1800960854111,61.502988033345574],[-147.18178340957334,61.503070516486666],[-147.1818413570865,61.50280368914562],[-147.1891531359072,61.50316087804126],[-147.18909524966236,61.503427708427495],[-147.19022016284973,61.503482627138496],[-147.19016228505083,61.503749457984256],[-147.19128721158617,61.503804368124506],[-147.19122934223358,61.50407119942962],[-147.19179181168505,61.50409865134418],[-147.19173394606568,61.50436548287456],[-147.19229642121076,61.50439293276334],[-147.19218069645856,61.50492659626582],[-147.19274318201104,61.50495404436294],[-147.19262746276573,61.50548770829837],[-147.19318995872592,61.5055151546036],[-147.19301638664876,61.506315651143176],[-147.1935788977311,61.506343095890664],[-147.19340533097542,61.50714359305367],[-147.19509291253138,61.50722591584222],[-147.19515075495354,61.506959082761306],[-147.1962758047949,61.50701395285239],[-147.19633363680845,61.50674711929485],[-147.19689615848435,61.506774550716386],[-147.19695398480386,61.50650771691622],[-147.19751650274503,61.50653514584389],[-147.19757432337067,61.50626831180118],[-147.19813683757707,61.50629573823501],[-147.1982524664615,61.5057620696557],[-147.19881497221886,61.505789493361824],[-147.1988727804779,61.50552265882529],[-147.1999977855022,61.50557749899009],[-147.20005558335387,61.50531066397727],[-147.20061808262062,61.505338080435976],[-147.2006758747792,61.50507124518063],[-147.20180086682151,61.50512607085079],[-147.2018586485732,61.50485923511929],[-147.2046711222368,61.50499625857772],[-147.20472887943973,61.50472942166916],[-147.20585386632644,61.50478421476589],[-147.2057961185516,61.50505105214171],[-147.20748362036056,61.505133225537946],[-147.20742588575007,61.505400063605734],[-147.20798839302347,61.50542745045149],[-147.20793066214932,61.50569428874409],[-147.2090556890586,61.50574905612262],[-147.20899796663537,61.5060158948736],[-147.20956048627127,61.50604327540625],[-147.20950276758472,61.5063101143822],[-147.21006529291304,61.50633749288828],[-147.21000757796335,61.50660433208896],[-147.21057010898406,61.506631708568456],[-147.2105123977714,61.506898547994105],[-147.2110749344846,61.50692592244687],[-147.2110172270091,61.50719276209728],[-147.21214231279808,61.50724750468941],[-147.21208461377495,61.507514344798],[-147.2137722639345,61.507596442435194],[-147.21371457807922,61.50786328323538],[-147.21427713480224,61.50789064482738],[-147.21421945268494,61.508157485852394],[-147.21478201510047,61.508184845417524],[-147.21472433672128,61.50845168666722],[-147.21584947391455,61.508506399483394],[-147.21579180398913,61.50877324119124],[-147.21635437876688,61.508800594442214],[-147.21629671257998,61.50906743637478],[-147.2174218744976,61.50912213656235],[-147.2173642167651,61.50938897895285],[-147.21792680390496,61.50941632588946],[-147.2178691499114,61.50968316850473],[-147.2189943365532,61.50973785606312],[-147.21893669101468,61.510004699136445],[-147.2194992905166,61.51003203975822],[-147.21944164871744,61.51029888305626],[-147.22000425391204,61.51032622165083],[-147.21994661585242,61.51059306517345],[-147.22050922673975,61.510620401740795],[-147.22045159241978,61.510887245488185],[-147.22101420899995,61.510914580028185],[-147.2209565784198,61.511181424000256],[-147.22151920069277,61.51120875651288],[-147.22146157385262,61.511475600709716],[-147.22202420181847,61.511502931195004],[-147.22196657871848,61.5117697756165],[-147.22252921237728,61.51179710407428],[-147.2224715930176,61.512063948720474],[-147.22303423236934,61.512091275150844],[-147.2229766167501,61.512358120021744],[-147.22353926179494,61.5123854444246],[-147.2234816499163,61.512652289520176],[-147.2240443006542,61.5126796118954],[-147.22398669251632,61.51294645721571],[-147.2245493489474,61.51297377756339],[-147.22449174455042,61.51324062310831],[-147.22505440667467,61.51326794142843],[-147.2249968060188,61.51353478719808],[-147.22837282756169,61.51369865104215],[-147.22831525423385,61.51396549820123],[-147.2311286559362,61.51410199039908],[-147.23107110522056,61.51436883871413],[-147.23163379320465,61.514396130604254],[-147.23157624623153,61.5146629791439],[-147.23326433018767,61.51474484194765],[-147.23332186300752,61.514477992709736],[-147.23388455489174,61.51450527555657],[-147.23394208201893,61.514238426077696],[-147.23563014936707,61.51432026035532],[-147.23568766136628,61.51405341017008],[-147.23625034771388,61.51408068350833],[-147.23630785402088,61.51381383308213],[-147.237995904757,61.513895638834136],[-147.2380533959366,61.51362878770197],[-147.23861607674615,61.513656051531775],[-147.23867356223388,61.51338920015873],[-147.24036159635403,61.513470977385914],[-147.2403041250193,61.51373782945657],[-147.24086680972488,61.51376508424318],[-147.24080934213404,61.514031936538025],[-147.2424974162469,61.514113688030406],[-147.24243996183603,61.51438054101446],[-147.2514432471976,61.51481620903656],[-147.2513858673049,61.51508306572905],[-147.25251130492128,61.515137483999126],[-147.25245393349326,61.51540434114765],[-147.25301665847843,61.515431547123356],[-147.25295929079678,61.51569840449586],[-147.254084753121,61.515752810128305],[-147.2540273939047,61.516019667956904],[-147.2545901312437,61.51604686761358],[-147.2545327757742,61.51631372566615],[-147.25509551880415,61.516340923293725],[-147.25498081438707,61.51687463983876],[-147.25554356782706,61.516901835669316],[-147.2554862188797,61.51716869416186],[-147.25604897801082,61.517195887963226],[-147.2559916328108,61.51746274667972],[-147.25711716342713,61.51751712796302],[-147.25705982669396,61.51778398713539],[-147.2581853706361,61.517838359837796],[-147.25812804237026,61.51810521946602],[-147.26094194282524,61.51824111280989],[-147.26088463718614,61.51850797358962],[-147.26201021360686,61.51856231556196],[-147.26195291643617,61.51882917679742],[-147.26307850618107,61.51888351018799],[-147.26313579391197,61.51861664848896],[-147.263698585521,61.51864381156045],[-147.26392770785645,61.5175763637577],[-147.2644904815573,61.51760352364089],[-147.26477683903747,61.51626921254944],[-147.2653395901119,61.51629636901286],[-147.26579767386062,61.51416146899697],[-147.26523496053758,61.5141343143867],[-147.2654639979979,61.51306686511258],[-147.26602669244716,61.513094018796174],[-147.26614119591915,61.5125602936474],[-147.26670388190212,61.51258744460689],[-147.26687561567996,61.51178685612833],[-147.26743828847876,61.511814004132155],[-147.26755276337823,61.511280277976255],[-147.26811542771114,61.51130742325613],[-147.2681726589883,61.51104055993451],[-147.2687353195732,61.51106770272197],[-147.26890699343323,61.5102671120139],[-147.26946964083479,61.51029425184605],[-147.26992735739583,61.50815934108226],[-147.26936474773223,61.50813220310186],[-147.269593601615,61.50706474845026],[-147.2701561924115,61.507091885504856],[-147.2702706041038,61.506558157667186],[-147.27083318643648,61.50658529199847],[-147.27089038611237,61.506318427835964],[-147.27145296469763,61.50634555967535],[-147.2715101586881,61.5060786952732],[-147.27207273352596,61.50610582462074],[-147.27212992183107,61.50583895997911],[-147.2726924929215,61.505866086834885],[-147.27274967554143,61.50559922195368],[-147.27331224288432,61.50562634631762],[-147.27342659578554,61.50509261606806],[-147.2739891546647,61.50511973770896],[-147.27404632494623,61.50485287234054],[-147.27460888007784,61.504879991489844],[-147.27466604467477,61.50461312588203],[-147.27522859605875,61.50464024253958],[-147.27528575497124,61.50437337669236],[-147.2758483026076,61.50440049085827],[-147.2759054558358,61.50413362477158],[-147.2764679997245,61.50416073644589],[-147.27652514726856,61.50389387011988],[-147.27708768740948,61.50392097930272],[-147.2771448292696,61.50365411273723],[-147.2777073656627,61.50368121942854],[-147.2778216370474,61.50314748581078],[-147.27838416497696,61.50317458977951],[-147.27844129450176,61.50290772272718],[-147.27900381868346,61.5029348242045],[-147.2790609425249,61.502667956912845],[-147.28018598436017,61.50272215262456],[-147.28024309780278,61.50245528486254],[-147.28136813407704,61.50250947107092],[-147.2814252371211,61.50224260283876],[-147.28423782115618,61.502378027649954],[-147.28418074169014,61.5026448970369],[-147.2864308451866,61.50275319712391],[-147.2863737836168,61.503020067426114],[-147.29199915717288,61.503290661726396],[-147.29205617158303,61.503023789116774],[-147.29261870953627,61.503050835884],[-147.29267571826452,61.50278396303561],[-147.29323825246755,61.5028110073117],[-147.29329525551407,61.502544134224664],[-147.29385778596676,61.50257117600985],[-147.2939147833317,61.50230430268398],[-147.29447731003407,61.50233134197828],[-147.29453430171756,61.502064468413735],[-147.2956593485869,61.50211853976002],[-147.2957163298733,61.5018516657264],[-147.2962788500401,61.50187869777848],[-147.29633582564543,61.50161182350622],[-147.29689834206167,61.50163885306757],[-147.29695531198607,61.50137197855662],[-147.29808033828223,61.50142603043738],[-147.2981372978102,61.501159155457515],[-147.29982483034394,61.50124021563495],[-147.29988177476002,61.50097333995577],[-147.3010067918412,61.501027368311775],[-147.3010637258613,61.500760492163735],[-147.30275124456935,61.500841517054525],[-147.30280816347815,61.500574640207574],[-147.30337066692704,61.50060164375368],[-147.303427580156,61.500334766668345],[-147.3045525805148,61.50038876651911],[-147.30460948334857,61.50012188896536],[-147.3057344781319,61.500175879314554],[-147.3057913705707,61.49990900129231],[-147.30635386469248,61.499935992846375],[-147.30641075145203,61.49966911458593],[-147.30753573315542,61.499723090452996],[-147.30759260952047,61.49945621172427],[-147.30815509710195,61.49948319603731],[-147.30821196778814,61.499216317070356],[-147.30877445161752,61.49924329889311],[-147.30900190586806,61.49817578202432],[-147.30843944089958,61.49814880112172],[-147.30889434088792,61.496013768834175],[-147.30945676813826,61.49604074789665],[-147.30962732559976,61.49524010996423],[-147.31018973967,61.49526708607687],[-147.31030343040146,61.49473332695441],[-147.31086583600617,61.49476030034712],[-147.31097951345842,61.494226540732164],[-147.3115419105977,61.49425351140506],[-147.3115987431659,61.49398663135538],[-147.3121611365538,61.494013599538626],[-147.31227478937487,61.49347983895489],[-147.31283717429753,61.49350680441851],[-147.3129508138415,61.49297304334213],[-147.31351319029898,61.49300000608627],[-147.31357000391387,61.49273312530596],[-147.3146947502881,61.49278704355502],[-147.3147515535137,61.492520162306946],[-147.31587629430882,61.4925740710573],[-147.31593308714525,61.4923071893415],[-147.31930730433083,61.49246885997871],[-147.31936406792403,61.4922019768767],[-147.32048880525028,61.49225584855141],[-147.32054555845497,61.49198896498202],[-147.32110792384628,61.49201589719999],[-147.32116467137627,61.491749013392905],[-147.32172703301507,61.491775943121645],[-147.32178377487048,61.49150905907681],[-147.32234613275676,61.491535986316144],[-147.3224028689378,61.491269102033705],[-147.3229652230715,61.49129602678374],[-147.3230219535783,61.49102914226362],[-147.32358430395934,61.49105606452446],[-147.32364102879205,61.490789179766665],[-147.32420337542044,61.49081609953824],[-147.32426009457924,61.49054921454285],[-147.32482243745486,61.49057613182536],[-147.3248791509399,61.49030924659226],[-147.32600383014594,61.49036307391926],[-147.32606053324415,61.49009618821925],[-147.32662286957444,61.4901230982638],[-147.32667956699925,61.4898562123262],[-147.32724189957656,61.48988311988178],[-147.32729859132814,61.489616233706634],[-147.3278609201524,61.48964313877325],[-147.32791760623087,61.48937625236064],[-147.3290422573331,61.4894300552561],[-147.32909893302568,61.48916316837675],[-147.32966125530348,61.48919006620576],[-147.32971792532334,61.48892317908899],[-147.33028024384788,61.4889500744291],[-147.33033690819514,61.488683187074976],[-147.3325861730366,61.48879074492203],[-147.33264281757278,61.488523856642985],[-147.3348920789104,61.488631377419246],[-147.33494870363577,61.488364488215716],[-147.33607333063247,61.4884182345878],[-147.33612994497315,61.48815134491814],[-147.3372545663789,61.488205081793645],[-147.33731117033517,61.48793819165779],[-147.33843578614932,61.48799191903686],[-147.33849237972137,61.487725028434966],[-147.3390546843532,61.487751888506125],[-147.33911127225412,61.48748499766721],[-147.34023587496682,61.48753871057289],[-147.340292452484,61.487271819268024],[-147.34197934960008,61.487352370992866],[-147.34203591202103,61.48708547899345],[-147.34934583784363,61.48743429849301],[-147.34928933669073,61.48770119346525],[-147.35041396444583,61.487754824565876],[-147.3503574717625,61.48802171998709],[-147.3509197917883,61.48804853237634],[-147.35080681297822,61.48858232365157],[-147.35136914338736,61.48860913423816],[-147.35131265726082,61.48887603009218],[-147.35187499334003,61.48890283864741],[-147.3517620276444,61.48943663078829],[-147.3523243741074,61.489463437540756],[-147.3522678945385,61.48973033382755],[-147.35283024667183,61.48975713854861],[-147.35277377086027,61.49002403505583],[-147.35333612866393,61.49005083774548],[-147.35327965660989,61.49031773447319],[-147.35384202008387,61.49034453513134],[-147.3537855517875,61.49061143207959],[-147.35715978099674,61.490772189940124],[-147.3572162210082,61.490505291621695],[-147.35777859117488,61.490532076460276],[-147.35783502551632,61.490265177905655],[-147.35895975928858,61.49031874034647],[-147.359016183246,61.490051841327286],[-147.35957854685142,61.49007861892951],[-147.35963496513918,61.48981171967418],[-147.36019732498602,61.48983849478831],[-147.3602537376043,61.48957159529671],[-147.3613784507359,61.48962513828881],[-147.36143485297083,61.48935823833297],[-147.36255956049527,61.489411771829026],[-147.3626159523471,61.489144871408946],[-147.36486535999967,61.48925191036998],[-147.36492173204073,61.488985009029605],[-147.37110762997756,61.48927917722127],[-147.37116394920935,61.48901227336574],[-147.37172630457752,61.48903900214125],[-147.37178261814142,61.48877209804997],[-147.37234496974915,61.488798824337735],[-147.3724012776453,61.48853192001082],[-147.37296362549256,61.48855864381087],[-147.37313252931787,61.48775793009939],[-147.37369486397677,61.487784650956286],[-147.37392003687447,61.48671703165255],[-147.3744823536319,61.48674374933867],[-147.37453863975958,61.486476844265304],[-147.37566326670682,61.48653027240287],[-147.37560699000622,61.48679717793164],[-147.3767316301927,61.48685059748541],[-147.3766753619664,61.487117503461484],[-147.38398567733515,61.48746451318352],[-147.38392946943708,61.487731422109164],[-147.38955294556845,61.48799809504785],[-147.38949678386132,61.48826500623852],[-147.39343330675095,61.4884515444164],[-147.39337717709464,61.48871845718911],[-147.39393954602514,61.48874509668715],[-147.39388342013297,61.48901200967921],[-147.39444579472874,61.48903864714425],[-147.39438967260085,61.48930556035555],[-147.39495205286198,61.489332195787476],[-147.39489593449852,61.48959910921815],[-147.3954583204251,61.48962574261692],[-147.39534609027697,61.4901595699091],[-147.39590848658412,61.49018620150179],[-147.39579626206483,61.49072002921714],[-147.39635866875292,61.49074665900353],[-147.39630255978312,61.491013573076685],[-147.39686497213697,61.49104020082981],[-147.3968088669323,61.49130711512231],[-147.39737128495196,61.49133374084217],[-147.39731518351266,61.491600655353935],[-147.39787760719813,61.49162727904044],[-147.3978215095243,61.491894193771415],[-147.3983839388757,61.491920815424564],[-147.39832784496753,61.49218773037483],[-147.4000151528696,61.49226758245295],[-147.3999590721591,61.49253449807635],[-147.40333374190453,61.49269414256349],[-147.40338979431868,61.49242722557917],[-147.4056395742742,61.49253360912198],[-147.4055835407248,61.492800527013195],[-147.40839581060496,61.49293345671521],[-147.4083397996882,61.49320037573208],[-147.4100271871512,61.49328010710739],[-147.40997118943525,61.49354702679631],[-147.41109612858656,61.49360017019702],[-147.41120810420364,61.49306632990537],[-147.4117705657687,61.49309289776193],[-147.41182654743824,61.49282597737837],[-147.41238900523513,61.492852542747926],[-147.41250095629667,61.4923187015051],[-147.41306340560888,61.492345264161315],[-147.4131193750012,61.492078343302154],[-147.41368182054512,61.49210490347151],[-147.4137377842732,61.4918379823784],[-147.41430022604882,61.49186454006079],[-147.41435618411276,61.49159761873374],[-147.41491862212004,61.49162417392936],[-147.41497457452004,61.49135725236839],[-147.4155370087589,61.49138380507732],[-147.4155929554951,61.491116883282416],[-147.4161553859655,61.4911434335046],[-147.4162113270381,61.49087651147582],[-147.41733618138926,61.490929604686265],[-147.4173921120824,61.49066268219738],[-147.41851696079095,61.490715765913734],[-147.41846103952986,61.490982688855084],[-147.42014833384448,61.49106229815536],[-147.42009242578467,61.49132922176792],[-147.4206548638331,61.49135575390656],[-147.42059895954262,61.49162267773772],[-147.42116140325427,61.491649207842265],[-147.42110550273324,61.491916131892005],[-147.42166795210818,61.49194265996217],[-147.42161205535675,61.492209584230594],[-147.422174510395,61.49223611026644],[-147.42211861741333,61.49250303475353],[-147.4249309303874,61.49263563215501],[-147.42487506004272,61.492902557765014],[-147.4265624733348,61.49298208975713],[-147.42650661619447,61.49324901603773],[-147.42706909390122,61.49327552240659],[-147.42701324053178,61.49354244890574],[-147.4275757239017,61.49356895323985],[-147.42751987430327,61.493835879957594],[-147.42808236333642,61.493862382257056],[-147.42802651750915,61.49412930919328],[-147.42858901220555,61.49415580945801],[-147.42853317014962,61.494422736612755],[-147.42909567050938,61.49444923484272],[-147.4290398322249,61.49471616221604],[-147.42960233824803,61.494742658411155],[-147.42949066827654,61.49527651358746],[-147.43061570203074,61.49532950009896],[-147.43055987506168,61.495596428127946],[-147.43168492203438,61.495649406047804],[-147.4316291035553,61.49591633452107],[-147.432191633178,61.49594282031561],[-147.43224744693916,61.49567589161657],[-147.43449755601273,61.495781811283145],[-147.4345533499568,61.495514881673586],[-147.43680345528165,61.495620764263705],[-147.43685922940887,61.49535383374407],[-147.44023438743238,61.49551258844956],[-147.44029013230707,61.495245656569],[-147.44141518310133,61.49529855626623],[-147.4414709175957,61.495031623927375],[-147.44203343969113,61.495058070159146],[-147.44208916852344,61.4947911375876],[-147.442651686845,61.49481758133312],[-147.4427074100154,61.494550648528715],[-147.44326992456305,61.494577089787946],[-147.44332564207167,61.494310156750835],[-147.44445066456285,61.49436303203593],[-147.44450637169203,61.494096098540815],[-147.44506887963541,61.494122532566685],[-147.4451245811032,61.49385559883896],[-147.44624959038512,61.49390845965764],[-147.44630528147394,61.49364152547191],[-147.44911779759846,61.493773636828216],[-147.4491734641554,61.49350670150889],[-147.45029846777123,61.49355952977529],[-147.45035412394978,61.49329259399825],[-147.4582291887716,61.49366213550034],[-147.45879170046706,61.49368851436553],[-147.45884728493542,61.49342157520575],[-147.4594097928545,61.4934479515853],[-147.45952094953063,61.492914072794335],[-147.46008344895537,61.49294044646323],[-147.46030573213937,61.49187268789528],[-147.46086821363468,61.491899058404165],[-147.46147936284945,61.48896271927197],[-147.46204179339733,61.4889890850475],[-147.46215288976967,61.48845520466129],[-147.46271531182512,61.488481567726815],[-147.46277085388346,61.48821462729801],[-147.46333327216314,61.48824098787834],[-147.46344434402474,61.48770710654952],[-147.4640067538121,61.48773346441991],[-147.46417334040117,61.486932641697855],[-147.46473573698015,61.48695899663391],[-147.4649023009569,61.48615817317202],[-147.465464684328,61.48618452517383],[-147.4656312256944,61.48538370097207],[-147.46619359585807,61.4854100500398],[-147.46647112242138,61.48407534176715],[-147.46703346994715,61.48410168745179],[-147.46786583793258,61.480097558157496],[-147.46955267398036,61.48017657154915],[-147.46949720350185,61.480443514227375],[-147.4700594887775,61.48046984772904],[-147.4700040220741,61.480736790624256],[-147.47112860487195,61.48078945129629],[-147.47101768750568,61.48132333796195],[-147.47157998974257,61.4813496653566],[-147.47152453436547,61.48161660890266],[-147.47208684225618,61.481642934261686],[-147.47197593811438,61.48217682178023],[-147.47253825637392,61.482203145327816],[-147.47248280760948,61.48247008930037],[-147.47304513152307,61.48249641081198],[-147.4729896865347,61.482763355001495],[-147.47467667805427,61.48284230664843],[-147.4746212462727,61.483109251503414],[-147.4796823139525,61.48334598641041],[-147.4797377032955,61.4830790395379],[-147.48479880451623,61.4833155893471],[-147.4847434576137,61.48358253823558],[-147.4858681665178,61.483635080444486],[-147.48581282810957,61.48390202977353],[-147.48637518868327,61.48392829771136],[-147.48631985405376,61.484195247257],[-147.48688222028053,61.484221513158396],[-147.48682688942992,61.484488462920694],[-147.4873892613098,61.48451472678543],[-147.48733393423822,61.4847816767644],[-147.48789631177132,61.48480793859253],[-147.48784098847892,61.485074888788084],[-147.4884033716652,61.48510114857967],[-147.4883480521522,61.48536809899186],[-147.48891044099176,61.4853943567468],[-147.48885512525823,61.48566130737561],[-147.48941751975113,61.48568756309377],[-147.48936220779726,61.48595451393916],[-147.48992460794352,61.48598076762069],[-147.48986929976948,61.48624771868269],[-147.49099411230551,61.486300219711644],[-147.4909388126282,61.486567171213935],[-147.49206363834432,61.48661966364806],[-147.49200834716416,61.48688661559064],[-147.49369560691252,61.48696533795849],[-147.49364032894692,61.487232290564954],[-147.495327611273,61.487310993258056],[-147.49538287508733,61.48704403998074],[-147.49763257909115,61.48714894436129],[-147.49768782310107,61.48688199018266],[-147.50049995057287,61.48701306867613],[-147.50044473014898,61.4872800239722],[-147.50100716316686,61.48730623311228],[-147.500951946525,61.487573188624566],[-147.50207682480115,61.4876256005695],[-147.50202161665896,61.48789255652154],[-147.5059587531006,61.4880759286785],[-147.5059035770468,61.48834288618666],[-147.50759094940983,61.4884214410119],[-147.507535786575,61.48868839918271],[-147.5092231815012,61.48876693433011],[-147.50916803188593,61.48903389316345],[-147.51085544937385,61.4891124086323],[-147.51080031297883,61.48937936812801],[-147.51305023491068,61.4894840246596],[-147.51299511645493,61.489750985040565],[-147.51468258186276,61.48982945436843],[-147.51462747662873,61.490096415411436],[-147.51968996571782,61.4903317033079],[-147.51974502848435,61.490064740259],[-147.52087002688475,61.49011700114134],[-147.5209250792812,61.48985003764005],[-147.52205007197455,61.489902289032756],[-147.52210511400116,61.48963532507916],[-147.5226676070278,61.489661447161346],[-147.52272264340345,61.489394482978156],[-147.52328513264382,61.4894206025765],[-147.52334016336863,61.48915363816385],[-147.52390264882263,61.4891797552786],[-147.5239576738968,61.48891279063639],[-147.5245201555644,61.488938905267545],[-147.52457517498806,61.48867194039579],[-147.5251376528692,61.4886980525434],[-147.5251926666425,61.488431087442144],[-147.52575514073717,61.48845719710621],[-147.52581014886027,61.488190231775555],[-147.52637261916843,61.488216338956164],[-147.52648262318286,61.487682407829055],[-147.52760754772115,61.48773461451719],[-147.5276625388946,61.48746764849836],[-147.52878745772247,61.48751984569794],[-147.52884243852822,61.48725287922716],[-147.5322171890517,61.48740941522991],[-147.53216223655514,61.48767638303505],[-147.5332871702803,61.48772854406001],[-147.53345199666816,61.48692763929008],[-147.53288954349492,61.486901560575006],[-147.53294448848104,61.48663459252698],[-147.5323820409565,61.48660851177336],[-147.53243698972992,61.4863415439407],[-147.5318745478541,61.486315461148614],[-147.53203940274344,61.48551455827647],[-147.5326018304659,61.48554064040166],[-147.53331604354176,61.4820700576801],[-147.53387841087144,61.48209613465489],[-147.53398826641643,61.48156219830285],[-147.53455062524313,61.48158827257272],[-147.53477030630512,61.4805203988961],[-147.5353326471963,61.480546470016634],[-147.53555229451305,61.479478595339266],[-147.5361146174697,61.47950466331084],[-147.53616952225823,61.47923769440182],[-147.53729416152896,61.479289823119544],[-147.53734905595593,61.47902285375937],[-147.53847368951327,61.47907497299134],[-147.53852857357893,61.47880800317998],[-147.53965320142225,61.47886011292661],[-147.53970807512687,61.47859314266409],[-147.5402703857266,61.4786191939249],[-147.54032525378616,61.478352223433475],[-147.54144986834137,61.47840431873006],[-147.5415047260404,61.478137347787644],[-147.54262933487996,61.47818943359906],[-147.5426841822186,61.47792246220591],[-147.54380878534184,61.477974538532266],[-147.54386362232034,61.47770756668824],[-147.54498821972663,61.47775963352978],[-147.54504304634526,61.477492661235104],[-147.54616763803395,61.4775447185917],[-147.54622245429292,61.4772777458465],[-147.5473470402633,61.4773297937185],[-147.54740184616293,61.47706282052273],[-147.54796413582466,61.47708884084651],[-147.54801893608067,61.476821867422075],[-147.5485812219548,61.47684788526396],[-147.5486908102521,61.47631393795062],[-147.5492530876232,61.47633995308889],[-147.54952701855402,61.47500508357458],[-147.55008927327677,61.475031095344406],[-147.55107514777148,61.4702255596442],[-147.55163731856373,61.470251565165576],[-147.55174683220204,61.46971761616936],[-147.55230899449418,61.46974361898792],[-147.55236374520936,61.46947664425767],[-147.55292590371494,61.469502644594925],[-147.55298064878983,61.46923566963605],[-147.55354280350878,61.469261667492056],[-147.55359754294352,61.468994692304555],[-147.55415969387585,61.46902068767943],[-147.55421442767056,61.4687537122634],[-147.55533872288834,61.46880569579113],[-147.55539344632996,61.46853871992509],[-147.55595559061527,61.468564708078],[-147.55606502529292,61.468030755881784],[-147.55662716107818,61.46805674133221],[-147.55673658262458,61.46752278866476],[-147.55729870990993,61.467548771412936],[-147.55746282114475,61.46674784169402],[-147.556900707998,61.46672185960979],[-147.55717423176546,61.46538697770792],[-147.56167097435815,61.465594762263976],[-147.56161630915653,61.46586174042842],[-147.566675257775,61.46609532718834],[-147.56672988056252,61.465828347034375],[-147.5701025263115,61.46598396853316],[-147.57015711989771,61.465716987046676],[-147.57409188233004,61.46589844110339],[-147.57403732173432,61.46616542413548],[-147.5858419794432,61.46670912659289],[-147.58578751690382,61.46697611424906],[-147.59197112320365,61.46726051547827],[-147.59202553389227,61.46699352539971],[-147.593711977181,61.46707104125419],[-147.59376637280712,61.46680405050841],[-147.5948906635098,61.46685571600541],[-147.59494504878754,61.46658872481254],[-147.59606933374545,61.46664038083005],[-147.596123708675,61.46637338919036],[-147.5972479878875,61.4664250357286],[-147.59730235246911,61.46615804364196],[-147.59786448874218,61.46618386330146],[-147.5979188476898,61.465916870988046],[-147.59904311356922,61.4659685030876],[-147.5990974621694,61.465701510327534],[-147.59965959177558,61.46572732276767],[-147.5997139347421,61.465460329780726],[-147.60196244351127,61.46556355606433],[-147.60201676670363,61.46529656219128],[-147.60257889148158,61.4653223628929],[-147.6026332090408,61.465055368793124],[-147.60319533002473,61.46508116701526],[-147.6033039529578,61.464547178355616],[-147.60386606543418,61.46457297387848],[-147.60392037080828,61.464305979318645],[-147.60448247949063,61.464331772362115],[-147.60459107805445,61.46379778278214],[-147.60515317822947,61.46382357312648],[-147.60520747141948,61.46355657810647],[-147.6057695678004,61.46358236597162],[-147.60587814199715,61.4630483754715],[-147.60644022987086,61.46307416063764],[-147.606548790966,61.462540169670646],[-147.60711087033263,61.46256595213793],[-147.60727369094613,61.46176496497666],[-147.6078357570931,61.46179074452575],[-147.6079442901503,61.461256752611],[-147.60850634779067,61.461282529461336],[-147.60856060822894,61.46101553327405],[-147.6091226620752,61.46104130764541],[-147.60917691688263,61.46077431123162],[-147.60973896693483,61.460800083123964],[-147.6097932161115,61.460533086483736],[-147.61091730954575,61.460584623051034],[-147.6109715483795,61.46031762596502],[-147.61209563606127,61.46036915305547],[-147.61214986455238,61.46010215552356],[-147.61327394648097,61.46015367313735],[-147.61332816462968,61.459886675159844],[-147.61445224080447,61.45993818329703],[-147.614506448611,61.45967118487387],[-147.61563051903133,61.45972268353452],[-147.6156847164959,61.45945568466592],[-147.61624674836992,61.45948143038776],[-147.61630094020498,61.45921443129303],[-147.61742499728024,61.45926591551996],[-147.61747917877383,61.45899891597978],[-147.61804120397494,61.459024654484885],[-147.61814955478692,61.45849065494536],[-147.61871157148087,61.45851639075271],[-147.61876574079952,61.45824939075341],[-147.61932775369834,61.45827512408212],[-147.61943608016148,61.45774112362436],[-147.6199980845533,61.4577668542555],[-147.62016055323775,61.45696585285913],[-147.62072254441105,61.45699158057385],[-147.62104742876562,61.45538957627803],[-147.62160939258715,61.45541530041915],[-147.62220487641255,61.452478289477504],[-147.62164296440884,61.452452567745304],[-147.62169709851585,61.45218556692729],[-147.62113519213847,61.452159843155115],[-147.62118933003953,61.45189284254888],[-147.62062742928842,61.451867116736736],[-147.6207357117623,61.45133311594104],[-147.6201738213473,61.45130738830804],[-147.62022796591987,61.45104038811851],[-147.61966608113093,61.45101465844555],[-147.61972022949706,61.45074765846797],[-147.61915835033415,61.45072192675519],[-147.61932080406388,61.44992092743665],[-147.61988266909808,61.44994665849237],[-147.61993681379934,61.4496796584862],[-147.62049867504024,61.44970538706402],[-147.62055281411602,61.449438386831716],[-147.6216765299272,61.44948983677307],[-147.62173065866824,61.4492228360956],[-147.62285436872432,61.449274276564026],[-147.62290848713087,61.44900727544158],[-147.6234703388232,61.449032992068716],[-147.62352445160485,61.44876599072023],[-147.6246481483177,61.44881741676047],[-147.6247022507653,61.44855041496711],[-147.62526409578572,61.448576124380246],[-147.62531819260874,61.44830912236081],[-147.62588003383527,61.44833482929653],[-147.6259341250339,61.448067827051155],[-147.62649596246655,61.44809353150927],[-147.6265500480409,61.44782652903797],[-147.6271118816796,61.447852231018544],[-147.62716596162983,61.447585228321394],[-147.62772779147457,61.4476109278245],[-147.62778186580087,61.44734392490143],[-147.62834369185154,61.44736962192716],[-147.62839776055404,61.44710261877813],[-147.62895958281064,61.447128313326616],[-147.6290677080536,61.446594306569814],[-147.62962952180735,61.44661999842215],[-147.62968357834808,61.4463529948143],[-147.63024538830766,61.44637868418945],[-147.6302994392252,61.44611168035587],[-147.63086124539063,61.446137367253684],[-147.63091529068507,61.44587036319423],[-147.6314770930563,61.445896047614916],[-147.63153113272784,61.44562904332967],[-147.6320929313048,61.44565472527318],[-147.6321469653536,61.44538772076223],[-147.63270876013627,61.445413400228574],[-147.63276278856245,61.445146395491975],[-147.63332457955076,61.445172072481164],[-147.6333786023545,61.444905067518775],[-147.63394038954843,61.44493074203096],[-147.63399440672987,61.44466373684294],[-147.63511797444264,61.44471507865476],[-147.63517198129364,61.444448073022606],[-147.63573376181236,61.4444737403223],[-147.63578776304146,61.44420673446452],[-147.6369113174031,61.44425806185155],[-147.63696530830225,61.44399105554974],[-147.63752708214506,61.44401671563717],[-147.63758106742262,61.44374970910974],[-147.6381428374706,61.44377536672031],[-147.6381968171268,61.4435083599674],[-147.63875858337988,61.44353401510103],[-147.63881255741484,61.443267008122625],[-147.63993608324424,61.44331831117815],[-147.6399900469501,61.44305130375588],[-147.64111356701525,61.44310259734096],[-147.64116752039226,61.44283558947519],[-147.6422910346925,61.44288687359],[-147.64234497774095,61.44261986528052],[-147.64346848627562,61.44267113992528],[-147.6435224189957,61.442404131172296],[-147.64520767451677,61.44248102554673],[-147.64526159220085,61.442214016132176],[-147.64694684180753,61.44229088952658],[-147.6470007444559,61.4420238794507],[-147.64980948849762,61.442151955516046],[-147.64986336669472,61.44188494434314],[-147.6515486099343,61.44196176222735],[-147.65160247309626,61.44169475039356],[-147.65272596372972,61.44174595058855],[-147.65277981656473,61.44147893831191],[-147.65334155854018,61.44150453480396],[-147.65339540575636,61.441237522302444],[-147.65451888302425,61.44128870807557],[-147.65457271991394,61.4410216951314],[-147.65513445520628,61.44104728441262],[-147.65518828647748,61.44078027124352],[-147.6557500179727,61.44080585804856],[-147.6558038436256,61.44053884465464],[-147.6563655713237,61.440564428983606],[-147.6564193913584,61.44029741536482],[-147.6575428400706,61.44034857681242],[-147.6575966497797,61.4400815627511],[-147.65815837079364,61.44010713986964],[-147.6582121748849,61.439840125583586],[-147.65933561022814,61.439891272610566],[-147.65938940399428,61.439624257882116],[-147.66163626676988,61.439726523965625],[-147.661582491834,61.43999353956416],[-147.6621442145099,61.44001910065678],[-147.66209044337202,61.44028611646577],[-147.66265217166526,61.440311675517336],[-147.66259840432556,61.440578691536736],[-147.66316013823618,61.440604248547466],[-147.6631063746948,61.440871264777265],[-147.66366811422282,61.44089681974699],[-147.66361435447993,61.441163836187165],[-147.66417609962545,61.441189389115955],[-147.66412234368119,61.44145640576643],[-147.66524584611662,61.44150750528336],[-147.66519209867937,61.441774522361605],[-147.66575385596929,61.44180006894978],[-147.66570011233108,61.44206708623846],[-147.66626187523855,61.442092630785375],[-147.66620813539953,61.44235964828448],[-147.6667699039246,61.44238519079019],[-147.66671616788497,61.44265220849957],[-147.6672779420277,61.44267774896415],[-147.66722420978758,61.44294476688389],[-147.66778598954798,61.44297030530716],[-147.66773226110755,61.4432373234372],[-147.6682940464857,61.44326285981917],[-147.6682403218451,61.44352987815955],[-147.66880211284104,61.44355541250027],[-147.66874839200042,61.44382243105094],[-147.66931018861422,61.44384796335022],[-147.6692564715737,61.444114982111294],[-147.6698182738054,61.44414051236916],[-147.6697645605652,61.44440753134044],[-147.6708881771731,61.444458585514596],[-147.67083447244264,61.444725604913536],[-147.67139628681886,61.44475112882973],[-147.6713425858891,61.44501814843883],[-147.6719044058833,61.4450436703136],[-147.67185070875442,61.445310690133],[-147.67297436088728,61.4453617275403],[-147.67292067226902,61.44562874778718],[-147.6740443374547,61.44567977659358],[-147.67399065734742,61.44594679726791],[-147.67511433558562,61.44599781747308],[-147.6750606639897,61.44626483857475],[-147.67674620228735,61.44634135259215],[-147.67669254391322,61.4466083743382],[-147.67781625007134,61.44665937282262],[-147.67776260020946,61.44692639499599],[-147.6794481803853,61.447002876431455],[-147.67939454374633,61.447269899248894],[-147.68051827782205,61.447320876011545],[-147.68046464969626,61.447587899256106],[-147.68215027174665,61.44766434810822],[-147.68209665684492,61.447931371996766],[-147.68265853738683,61.44795685064622],[-147.6826049262885,61.44822387474481],[-147.683728699515,61.44827482570033],[-147.68367509693095,61.448541850225844],[-147.68423698961558,61.448567322531744],[-147.68418339083536,61.448834347267365],[-147.68474528913782,61.44885981753091],[-147.68469169416156,61.449126842476645],[-147.68525359808194,61.449152310697826],[-147.68520000690978,61.44941933585352],[-147.68688573824508,61.44949572761249],[-147.6868321602996,61.44976275341178],[-147.68795599514567,61.449813670388515],[-147.68790242571615,61.45008069661454],[-147.68846434921034,61.45010615193083],[-147.6884107835857,61.45037317836678],[-147.68897271269785,61.450398631640404],[-147.6888655881522,61.45093268492585],[-147.68942752759395,61.45095813637342],[-147.68937396867318,61.451225163222865],[-147.689935913733,61.45125061262781],[-147.68988235861767,61.451517639687154],[-147.69044430929563,61.451543087049544],[-147.69039075798585,61.45181011431883],[-147.69095271428205,61.45183555963836],[-147.690899166778,61.45210258711767],[-147.69202309151305,61.45215347141181],[-147.691969552527,61.45242049931775],[-147.69365546056147,61.45249680946277],[-147.69360193480614,61.45276383801179],[-147.69528786513035,61.45284012847112],[-147.69523435260638,61.45310715766308],[-147.69804427815455,61.45323426432073],[-147.6979907882878,61.453501294588285],[-147.6991147742699,61.45355212186733],[-147.69906129292335,61.45381915256114],[-147.69962329198492,61.45384456302763],[-147.69956981444602,61.45411159393127],[-147.7006938247102,61.45416240851795],[-147.70064035569212,61.454429439847836],[-147.70232639201444,61.45450564542953],[-147.70227293623068,61.454772677401756],[-147.70676911059914,61.454975794590034],[-147.70671569161703,61.455242828285186],[-147.70840178606605,61.45531896059354],[-147.7083483803203,61.45558599493067],[-147.70947245723323,61.455636738936136],[-147.70941906001082,61.45590377369892],[-147.70998110453672,61.45592914252791],[-147.70992771112427,61.456196177500296],[-147.7110518123147,61.45624690881092],[-147.71099842742623,61.45651394420887],[-147.71268460013061,61.456590024873904],[-147.71263122848052,61.45685706091331],[-147.7160036265635,61.45700916252141],[-147.71605696992893,61.45674212518672],[-147.71718110041925,61.45679280721172],[-147.71723443345354,61.45652576943911],[-147.71779649533877,61.456551106846],[-147.7178498227562,61.456284068851254],[-147.71841188083002,61.45630940378235],[-147.71851852352904,61.45577532734236],[-147.71908057307735,61.455800659582124],[-147.7191872027386,61.455266582685155],[-147.71974924376164,61.455291912233754],[-147.71985586038585,61.45475783487988],[-147.72041789288375,61.45478316173725],[-147.72052449647168,61.454249083926584],[-147.72108652044457,61.454274408092836],[-147.72119311099704,61.45374032982535],[-147.72175512644503,61.4537656513006],[-147.7218617039628,61.4532315725763],[-147.72242371088603,61.45325689136066],[-147.7225302753698,61.452722812179566],[-147.72309227376851,61.452748128273036],[-147.72319882521907,61.45221404863517],[-147.72376081509333,61.452239362038],[-147.72386735351145,61.45170528194334],[-147.7244293348614,61.451730592655466],[-147.72448259800535,61.451463552383025],[-147.72504457554393,61.45148886062013],[-147.7251510897021,61.45095477962499],[-147.72571305871654,61.4509800851715],[-147.72581955984433,61.45044600371979],[-147.72638152033474,61.45047130657588],[-147.72675421291015,61.448602019783266],[-147.7273161413157,61.448627318872134],[-147.727422607376,61.448093236442354],[-147.72798452725854,61.44811853284108],[-147.7280377542256,61.44785149140119],[-147.728599670297,61.447876785325214],[-147.72865289165154,61.4476097436635],[-147.72921480391182,61.447635035112924],[-147.72926801965403,61.44736799322931],[-147.73039183745254,61.44741856891945],[-147.73044504287088,61.447151526598915],[-147.73156885484735,61.44720209282129],[-147.73162204994208,61.44693505006375],[-147.7327458560959,61.4469856068184],[-147.73279904086723,61.44671856362402],[-147.73448474271277,61.44679438116562],[-147.73453791244933,61.446527337319324],[-147.73509981015246,61.44655260509945],[-147.73504664512754,61.446819649160815],[-147.73560854844195,61.44684491489673],[-147.7355553872291,61.44711195916666],[-147.73611729615487,61.44713722285821],[-147.73606413875424,61.447404267336815],[-147.73662605329142,61.44742952898406],[-147.73657289970316,61.44769657367127],[-147.73713481985178,61.4477218332742],[-147.7370816700761,61.44798887816993],[-147.73764359583618,61.4480141357285],[-147.73759044987318,61.44828118083278],[-147.73815238124482,61.44830643634689],[-147.73809923909468,61.448573481659764],[-147.73866117607787,61.448598735129416],[-147.73860803774076,61.44886578065096],[-147.73916998033556,61.44889103207602],[-147.73906371038845,61.449425123529764],[-147.7396256633075,61.44945037312525],[-147.73920058525067,61.45158674040497],[-147.73863859462844,61.45156148908955],[-147.73853230669465,61.45209558041605],[-147.73797030754528,61.45207032641099],[-147.73791715751577,61.45233737184968],[-147.7373551545526,61.452312115369814],[-147.73724884236796,61.45284620579816],[-147.7366868308775,61.45282094662845],[-147.7365805056668,61.453355036601394],[-147.73601848564894,61.45332977474163],[-147.73575263330568,61.454664998488056],[-147.73519059061852,61.45463973329284],[-147.7350310542701,61.45544086681984],[-147.73559311109977,61.455466132660405],[-147.73543358079314,61.45626726677636],[-147.7359956526661,61.45629253100243],[-147.73588930405688,61.456826620812116],[-147.73645138625918,61.45685188320848],[-147.73639821531916,61.45711892831903],[-147.7369603031363,61.457144188670476],[-147.73669445850985,61.458479415206135],[-147.73613234711763,61.458454153779066],[-147.73607917077692,61.45872119885239],[-147.7355170555697,61.4586959349501],[-147.73541069075694,61.45923002464795],[-147.73484856701936,61.45920475805502],[-147.73479537854703,61.45947180267952],[-147.73423325099446,61.45944653361116],[-147.73412686191753,61.45998062241107],[-147.7335647258344,61.459955350651974],[-147.73351152522955,61.46022239482746],[-147.73294938533144,61.46019712059284],[-147.7328961791102,61.46046416454692],[-147.7323340353972,61.46043888783668],[-147.73228082355948,61.46070593156937],[-147.73171867603156,61.460680652383566],[-147.73166545857723,61.460947695894625],[-147.7311033072345,61.46092241423318],[-147.73105008416334,61.46118945752279],[-147.7304879290058,61.461164173385676],[-147.73043470031772,61.46143121645378],[-147.72987254134543,61.461405929840915],[-147.72971283572602,61.462207058362054],[-147.7291506635069,61.46218176884277],[-147.7290441791551,61.46271585406185],[-147.72848199840502,61.46269056185121],[-147.7283222509674,61.46349168898762],[-147.72776005696974,61.46346639387017],[-147.72696112730142,61.467472025496136],[-147.72639886344976,61.46744672488533],[-147.72629231472638,61.46798080856792],[-147.7257300423414,61.46795550526512],[-147.7256234805739,61.468489588492396],[-147.7250611996555,61.46846428249762],[-147.72500791270042,61.468731323886594],[-147.72444562796642,61.468706015415385],[-147.72439233539103,61.4689730565827],[-147.72383004684147,61.468947745635056],[-147.7236701495462,61.469748868453905],[-147.72310784774484,61.46972355459834],[-147.72300123559847,61.47025763601617],[-147.72243892526325,61.47023231946815],[-147.72227898611789,61.471033440902794],[-147.72171666253007,61.47100812144668],[-147.7216633429573,61.471275161697235],[-147.72110101555384,61.47124983976437],[-147.72099436426203,61.47178391981585],[-147.72043202832424,61.47175859519044],[-147.7203786966049,61.472025634991304],[-147.71981635685154,61.47200030788909],[-147.71976301951017,61.47226734746826],[-147.7192006759412,61.47224201788912],[-147.71909398911066,61.47277609659778],[-147.71853163700726,61.47275076432589],[-147.7184249371249,61.47328484257897],[-147.71786257648685,61.47325950761409],[-147.71775586355193,61.47379358541166],[-147.7171934943791,61.47376824775383],[-147.71708676839083,61.47430232509562],[-147.71652439068308,61.47427698474482],[-147.71641765164068,61.47481106163089],[-147.7169800387874,61.47483640241372],[-147.71649971082965,61.4772397500521],[-147.71706214135963,61.477265090517356],[-147.71668853536676,61.47913436208547],[-147.71612607179281,61.47910902010834],[-147.715859159641,61.48044421283047],[-147.71529667336617,61.48041886751159],[-147.71518989273287,61.48095294412765],[-147.71462739791988,61.48092759611496],[-147.7145740015252,61.48119463419817],[-147.71401150289535,61.48116928370773],[-147.71390469794935,61.481703359424685],[-147.71334219078122,61.48167800624034],[-147.71323537277337,61.48221208150184],[-147.71267285706682,61.48218672562346],[-147.712619441984,61.48245376302942],[-147.71205692246062,61.48242840467318],[-147.71152267463867,61.485098776253594],[-147.71096010879933,61.48507341347341],[-147.71031883524952,61.48827785601989],[-147.7097562136402,61.48825248838235],[-147.70948895422615,61.4895876714542],[-147.70892630990457,61.48956230047282],[-147.70876592921573,61.490363409599226],[-147.70820327162832,61.49033803570645],[-147.7081498048629,61.49060507185427],[-147.7075871434575,61.490579695482886],[-147.707533671062,61.490846731408666],[-147.70640834152135,61.49079597144592],[-147.7063548587715,61.49106300693332],[-147.70579219063643,61.491037623341995],[-147.70573870225613,61.49130465860715],[-147.70517603030325,61.49127927253706],[-147.70512253629238,61.49154630758026],[-147.70455986052173,61.49152091903126],[-147.7045063608801,61.491787953852274],[-147.70394368129172,61.491762562824405],[-147.70389017601917,61.492029597423205],[-147.70332749261317,61.492004203916416],[-147.7032204698991,61.492538272664234],[-147.70265777795103,61.49251287646182],[-147.70260426050928,61.49277991061072],[-147.70204156474358,61.49275451192936],[-147.70193451769006,61.493288579777136],[-147.70137181338217,61.493263178400014],[-147.70131828377015,61.4935302120989],[-147.70188099280278,61.493555613692585],[-147.70177394030702,61.49408968150686],[-147.7023366596964,61.49411508127135],[-147.7022296130223,61.49464914949658],[-147.70279234276882,61.49467454743174],[-147.70273882279633,61.494941581752684],[-147.703301558175,61.49496697764186],[-147.70324804202073,61.49523401217384],[-147.70381078303166,61.49525940601717],[-147.7037572706958,61.49552644076019],[-147.70488276488896,61.49557722209201],[-147.70477575639862,61.49611129242784],[-147.70533851430645,61.49613668013286],[-147.70528501342676,61.49640371550906],[-147.70584777696698,61.496429101167955],[-147.70579427990634,61.496696136755205],[-147.706357049079,61.49672152036795],[-147.70625006168947,61.49725559195896],[-147.70681284122062,61.497280973741944],[-147.70675935089196,61.497548009745834],[-147.70732213605572,61.49757338948255],[-147.70721516213098,61.49810746190688],[-147.7077779576537,61.49813283981373],[-147.70772447405784,61.49839987623426],[-147.7082872752134,61.4984252520948],[-147.70818031475508,61.49895932535238],[-147.70874312627,61.498984699382966],[-147.70863617163914,61.49951877305199],[-147.70919899351387,61.49954414525248],[-147.70909204471087,61.50007821933272],[-147.70965487694568,61.50010358970315],[-147.7094944611243,61.50090470143256],[-147.71005730844664,61.5009300701893],[-147.7098434269046,61.5019982199526],[-147.71040629404277,61.50202358731194],[-147.71013894535955,61.50335877547834],[-147.7107018370428,61.50338414165675],[-147.71054143113992,61.50418525514229],[-147.71110433791378,61.50421061970665],[-147.71078353000436,61.50581284783412],[-147.71022059485983,61.50578748197112],[-147.71011364218083,61.506321557538726],[-147.7095506984854,61.506296188979235],[-147.7093367633319,61.50736433918583],[-147.70877380162736,61.50733896749682],[-147.70861332655335,61.50814007944751],[-147.70805035156812,61.50811470484542],[-147.707943354192,61.508648779020156],[-147.707380370655,61.50862340172127],[-147.7073268658769,61.50889043858418],[-147.70676387851753,61.50886505880519],[-147.70665685678063,61.5093991320824],[-147.7060938608694,61.50937374960655],[-147.70604034391033,61.509640786020775],[-147.7054773441768,61.50961540106445],[-147.70531677366574,61.51041650962605],[-147.7047537606503,61.51039112175617],[-147.7046466996453,61.510925193671376],[-147.70408367807755,61.510899803104365],[-147.70392306557204,61.51170091028828],[-147.7033600307216,61.51167551680736],[-147.70330648667385,61.51194255230828],[-147.70274344800103,61.511917156346804],[-147.702582796219,61.51271826216848],[-147.7020197442629,61.51269286329279],[-147.7019126290734,61.51322693338134],[-147.70134956856432,61.51320153180812],[-147.70129600487658,61.51346856662797],[-147.70073294054507,61.513443162574035],[-147.70062580098315,61.51397723176454],[-147.70006272809843,61.513951825012896],[-147.69995557544104,61.51448589374919],[-147.70051865778763,61.514511300934586],[-147.70041151095828,61.51504537008421],[-147.70097460367552,61.51507077543935],[-147.7008674626747,61.515604845002464],[-147.70143056576296,61.515630248527295],[-147.70132343059117,61.51616431850389],[-147.70188654405078,61.51618972019833],[-147.70177941470848,61.51672379058842],[-147.70234253853977,61.5167491904525],[-147.70223541502747,61.51728326125612],[-147.70279854923078,61.5173086592897],[-147.70258431023387,61.51837680170416],[-147.7031474642738,61.518402198340745],[-147.7028261069214,61.52000441311402],[-147.7033892902647,61.52002980878732],[-147.7032821733456,61.52056388077236],[-147.703845367063,61.520589274615],[-147.70363114125598,61.52165741939338],[-147.70419435481412,61.52168281183878],[-147.70414080082466,61.52194984823795],[-147.7047040200245,61.52197523863562],[-147.70459691878736,61.522509311852865],[-147.70516014836244,61.522534700419584],[-147.70505305295922,61.523068774050955],[-147.70561629290984,61.52309416078664],[-147.70545565719422,61.52389527184759],[-147.70601891225468,61.52392065696908],[-147.70585828256674,61.524721768636816],[-147.70642155273782,61.52474715214384],[-147.70626092907844,61.52554826441856],[-147.7068242143609,61.525573646311244],[-147.70650297092655,61.527175872032096],[-147.70706628552583,61.527201252960495],[-147.70690566575183,61.52800236640697],[-147.7063423369472,61.527976984828236],[-147.7061816947922,61.528778097581814],[-147.70561835268995,61.52875271308759],[-147.70529701543646,61.53035493716628],[-147.70473364582872,61.53032954910595],[-147.70430510738018,61.53246584588024],[-147.70486851487766,61.5324912356757],[-147.7046006724908,61.53382642209303],[-147.70516410458094,61.53385181070767],[-147.7050569707375,61.53438588567616],[-147.70562041321068,61.53441127245914],[-147.70529901828888,61.53601349855587],[-147.7051918793764,61.53654757388494],[-147.70631884284907,61.536598344124755],[-147.70626528150493,61.53686538221631],[-147.70682876934254,61.53689076415469],[-147.70677521182742,61.537157802458644],[-147.70733870531186,61.537183182348144],[-147.70728515162594,61.53745022086443],[-147.70841215079727,61.537500974280334],[-147.70953915360323,61.5375517186334],[-147.7095926883367,61.53728467924986],[-147.71128318514462,61.53736077813641],[-147.71133670475527,61.53709373809819],[-147.71359069426134,61.53719517069372],[-147.7136441940113,61.53692812978431],[-147.71984268791843,61.53720688011861],[-147.71989613464018,61.53693983682275],[-147.72102313584986,61.536990488814496],[-147.72107657218808,61.53672344508151],[-147.7222035675484,61.53677408757744],[-147.72225699350332,61.536507043407276],[-147.72282048780522,61.536532361040386],[-147.72287390811528,61.53626531664949],[-147.72400088996213,61.536315944685846],[-147.7240542998894,61.536048899857946],[-147.7251812758853,61.53609951839901],[-147.72523467542993,61.53583247313411],[-147.72579816004904,61.53585777878981],[-147.72585155394944,61.53559073330433],[-147.72697851642957,61.53564133738645],[-147.72703189994783,61.53537429146409],[-147.72872233624784,61.53545017994606],[-147.72877570464615,61.53518313337095],[-147.73384701979887,61.535410674525835],[-147.73379369404392,61.53567772304511],[-147.73661114671802,61.53580405657775],[-147.73666444878137,61.53553700697896],[-147.7377914267065,61.535587524100166],[-147.73784471838871,61.53532047406537],[-147.73840820396953,61.535345729011574],[-147.7384614900091,61.535078678756605],[-147.73958845440677,61.53512918142028],[-147.73964173006567,61.5348621307295],[-147.74076868860308,61.53491262389875],[-147.7407154224207,61.535179675021],[-147.74127890778357,61.53520491842287],[-147.7412256454357,61.53547196975633],[-147.74235262834972,61.53552245019396],[-147.74229937457497,61.535789501954596],[-147.7428628721261,61.53581473899046],[-147.74280962218626,61.53608179096232],[-147.7439366294767,61.53613225866779],[-147.7438833881106,61.5363993110666],[-147.74501040849262,61.536449770139974],[-147.74495717570073,61.536716822965666],[-147.7472112462603,61.53681771478411],[-147.747158031521,61.53708476846768],[-147.74884860814055,61.537160414186076],[-147.74879540671563,61.537427468511844],[-147.75499430929102,61.537704664036774],[-147.75504745858342,61.53743760734233],[-147.7578651539619,61.53756351359226],[-147.75791827865518,61.537296455817746],[-147.75960889248358,61.5373719717302],[-147.75955578200885,61.537639030150146],[-147.7612464181681,61.53771452631363],[-147.76119332101098,61.537981585374496],[-147.76232042576902,61.53803190524991],[-147.76226733719034,61.53829896473661],[-147.76395801530427,61.53837442819901],[-147.76390494004437,61.538641488326526],[-147.76559564048532,61.5387169320386],[-147.76554257854488,61.53898399280681],[-147.76723330131136,61.539059416768126],[-147.76718025269102,61.53932647817666],[-147.76887099778156,61.539401882386784],[-147.768817962482,61.53966894443574],[-147.76994513985738,61.53971920300747],[-147.7699981656761,61.53945214052899],[-147.77225251226426,61.5395526296187],[-147.77219950540754,61.53981969295598],[-147.77501748258763,61.539945254400344],[-147.77496449853467,61.5402123188068],[-147.7760917051838,61.5402625279496],[-147.77603872971324,61.54052959278106],[-147.77716594944079,61.54057979328766],[-147.77711298255298,61.54084685854423],[-147.77880383310983,61.54092214294978],[-147.7787508795463,61.54118920884583],[-147.78044175241595,61.54126447349702],[-147.7803888121773,61.54153154003241],[-147.78207970735826,61.54160678492881],[-147.7826433408821,61.54163186202805],[-147.78259041871053,61.541898929417094],[-147.78371769793597,61.541949077244745],[-147.78366478434916,61.54221614505844],[-147.7859193725439,61.54231641437268],[-147.78586647702576,61.54258348303945],[-147.78699378599424,61.542633604525754],[-147.7869408990619,61.54290067361719],[-147.78750455963464,61.54292573117466],[-147.7874516765465,61.543192800476334],[-147.788579009869,61.543242909219806],[-147.78852613536733,61.54350997894609],[-147.78965348176425,61.543560079051254],[-147.78960061584942,61.54382714920189],[-147.79016429513626,61.54385219606858],[-147.79005857009903,61.54438633678664],[-147.79174964179776,61.544461465071066],[-147.79169679216062,61.54472853606666],[-147.79282418726422,61.54477861068399],[-147.7927713462152,61.54504568210382],[-147.79389875439227,61.545095748082076],[-147.7938459219318,61.54536281992617],[-147.7944096321085,61.54538784972907],[-147.79435680349403,61.54565492178335],[-147.79548423602375,61.54570497501662],[-147.79543141599842,61.545972047495006],[-147.79655886160106,61.546022092088684],[-147.79650605016528,61.546289164991165],[-147.79706977905462,61.54631418410159],[-147.79691135359764,61.547115403428634],[-147.79747509761359,61.54714042091374],[-147.7974222920783,61.54740749422922],[-147.79798604173425,61.54743250966127],[-147.7978804374614,61.54796665670886],[-147.79844419750114,61.54799167030164],[-147.7983913987638,61.54825874403382],[-147.79895516444375,61.54828375557335],[-147.7989023695539,61.548550829515776],[-147.79946614087407,61.5485758390021],[-147.79941334983184,61.54884291315466],[-147.79997712679236,61.548867920587746],[-147.79981876252015,61.54966914366505],[-147.8003825546095,61.54969414947238],[-147.80032976947055,61.54996122403804],[-147.8008935672005,61.54998622779208],[-147.8007880037228,61.55052037734023],[-147.80135181183797,61.55054537925454],[-147.80129903349945,61.55081245423703],[-147.80186284725542,61.550837454097895],[-147.8018100727655,61.551104529290626],[-147.80293771245508,61.55115452263803],[-147.80288494655878,61.5514215982546],[-147.80344877249243,61.55144659174107],[-147.8033960104451,61.551713667567846],[-147.80452367448999,61.55176364816628],[-147.8044709210369,61.55203072441689],[-147.80503475914813,61.55205571152869],[-147.8049820095445,61.55232278798947],[-147.80554585329662,61.552347773047664],[-147.80549310754256,61.55261484971854],[-147.8060569569356,61.55263983272287],[-147.8060042150313,61.55290690960391],[-147.8065680700654,61.55293189055453],[-147.80651533201095,61.55319896764571],[-147.80707919268607,61.553223946542445],[-147.80702645848172,61.55349102384368],[-147.80759032479793,61.553516000686606],[-147.80753759444377,61.553783078198],[-147.80810146640113,61.553808052987044],[-147.80804873989732,61.55407513070845],[-147.80861261749587,61.554100103443474],[-147.8085598948426,61.554367181375156],[-147.80912377808238,61.55439215205616],[-147.80901833958194,61.55492630833626],[-147.8095822332091,61.55495127717674],[-147.80947680061996,61.55548543387016],[-147.81004070463484,61.55551040087013],[-147.80998799174378,61.55577747942528],[-147.81055190140023,61.55580244437114],[-147.81049919236042,61.55606952313634],[-147.8110631076585,61.556094486028066],[-147.81101040247015,61.556361565003414],[-147.8121382452446,61.556411484410596],[-147.81208554865452,61.556678563809506],[-147.8126494761309,61.556703520324874],[-147.8125967833927,61.55697059993395],[-147.81485252123358,61.557070404171625],[-147.81490519498436,61.55680332370897],[-147.81659699351755,61.55687815243548],[-147.81654433400757,61.5571452335381],[-147.8182361548306,61.55722004249417],[-147.81818350866754,61.5574871242334],[-147.81874745547734,61.55751205622976],[-147.81869481316738,61.557779138178915],[-147.82151458436178,61.557903765208486],[-147.822078541282,61.55792868381072],[-147.82213115510825,61.55766160058246],[-147.82269510817468,61.55768651670366],[-147.82274771636003,61.55741943325891],[-147.82331166557267,61.557444346899175],[-147.82336426811733,61.557177263238145],[-147.82392821347608,61.55720217439739],[-147.82398081038022,61.556935090519964],[-147.82454475188504,61.55695999919828],[-147.8245973431488,61.55669291510455],[-147.82516128079968,61.556717821302],[-147.82521386642318,61.556450736992005],[-147.8263417349099,61.556500542157394],[-147.82639431014636,61.55623345741805],[-147.82752217271056,61.5562832530863],[-147.8275747375601,61.55601616791771],[-147.82813866543432,61.55604106213717],[-147.82819122464426,61.55577397675239],[-147.82875514866413,61.55579886849118],[-147.82886025491254,61.55526469728607],[-147.8294241703312,61.55528958633131],[-147.82947671736994,61.55502250051092],[-147.8300406289342,61.55504738707551],[-147.8301457108413,61.55451321499926],[-147.83070961380454,61.55453809887041],[-147.83081468264962,61.55400392635529],[-147.83137857701192,61.554028807533165],[-147.83143110534985,61.55376172105784],[-147.83199499585777,61.553786599755384],[-147.83215256128068,61.5529853396712],[-147.83271643844162,61.55301021546278],[-147.83297900591273,61.55167478085886],[-147.83241515248176,61.551649906130976],[-147.83278274271004,61.549780299033486],[-147.83221892338926,61.5497554235271],[-147.8322714374576,61.54948833699804],[-147.83396288385907,61.54956295607707],[-147.8340153828004,61.54929586890647],[-147.83796208904985,61.54946989924429],[-147.83801455388374,61.5492028105824],[-147.83857836788098,61.54922766277711],[-147.83852590779236,61.549494751651615],[-147.8413450148647,61.54961897967699],[-147.84129257761222,61.54988606961029],[-147.84636706913884,61.55010953911842],[-147.84631467370667,61.55037663095933],[-147.84744235777035,61.550426266332046],[-147.8473899709401,61.55069335859416],[-147.8513369264009,61.55086701245655],[-147.8512845719032,61.551134106200315],[-147.85184843098608,61.55115890503674],[-147.85190078073768,61.55089181108091],[-147.8535923490813,61.5509661933484],[-147.85364468370577,61.55069909875328],[-147.85533624580924,61.55077345997636],[-147.85528392542315,61.55104055520753],[-147.8558477859808,61.551065337958654],[-147.85579546945254,61.551332433398336],[-147.85635933564484,61.551357214093755],[-147.85630702297453,61.55162430974216],[-147.8574347675168,61.55167386475384],[-147.85738246345113,61.551940960822876],[-147.86020186408135,61.55206480972656],[-147.86025414441428,61.551797712598436],[-147.8681485177714,61.55214418495622],[-147.86809630389322,61.552411285047384],[-147.86866019910406,61.55243601627631],[-147.8686079890862,61.55270311657588],[-147.8691718899307,61.55272784574845],[-147.8691196837733,61.55299494625638],[-147.8696835902515,61.5530196733726],[-147.86957918477148,61.55355387480227],[-147.87014310163073,61.55357860007351],[-147.8700909023083,61.55384570099518],[-147.87065482480148,61.553870424209975],[-147.87060262934006,61.55413752534005],[-147.87229441638036,61.5542116820112],[-147.87234659759912,61.553944580246835],[-147.87460230706887,61.554043423211525],[-147.87465446841128,61.55377632059875],[-147.87521839324594,61.553801025458796],[-147.875270548955,61.55353392263175],[-147.8758344699279,61.553558625012464],[-147.8758866200037,61.55329152197113],[-147.8764505371148,61.553316221872706],[-147.8765026815576,61.55304911861715],[-147.8770665948068,61.55307381603952],[-147.87711873361667,61.55280671256961],[-147.87768264300396,61.55283140751302],[-147.87773477618111,61.55256430382886],[-147.87829868170644,61.552588996293025],[-147.87835080925106,61.55232189239473],[-147.87891471091433,61.5523465823799],[-147.87896683282653,61.55207947826732],[-147.87953073062778,61.552104165773564],[-147.8795828469077,61.55183706144679],[-147.88014674084684,61.55186174647412],[-147.88019885149467,61.55159464193324],[-147.8852738940354,61.551816703226116],[-147.88522182611223,61.552083809666165],[-147.88691353711977,61.55215778990839],[-147.8868614825545,61.552424896978074],[-147.89419238388052,61.55274524490386],[-147.8941403901508,61.55301235471038],[-147.89696003106718,61.553135464445006],[-147.8969080601941,61.55340257530153],[-147.91100671426543,61.554017278705196],[-147.9110585664317,61.55375016259116],[-147.91162251930277,61.55377472103137],[-147.91167436583987,61.553507604704485],[-147.91223831484302,61.55353216066647],[-147.91229015575118,61.55326504412678],[-147.9128541008863,61.55328959761056],[-147.9129577705647,61.55275536410269],[-147.91352170708348,61.55277991489841],[-147.91362536374427,61.55224568095934],[-147.91418929164684,61.55227022906703],[-147.9142929352908,61.55173599469673],[-147.9148568545773,61.55176054011652],[-147.91490867033122,61.55149342271719],[-147.91547258574968,61.55151796565895],[-147.91557620512197,61.55098373043205],[-147.91614011192453,61.55100827068598],[-147.916243718282,61.55047403502794],[-147.91680761646884,61.55049857259423],[-147.91685941358037,61.550231454551124],[-147.91742330789918,61.55025598963963],[-147.91747509938352,61.54998887138376],[-147.9180389898343,61.55001340399453],[-147.91819434476804,61.54921204858061],[-147.91875822185582,61.54923657829407],[-147.91891355463372,61.54843522222487],[-147.919477418359,61.5484597490413],[-147.9195291894461,61.5481926301361],[-147.92009304930346,61.54821715447491],[-147.9201448147644,61.547950035357104],[-147.9207086707537,61.54797455721831],[-147.92076043058864,61.54770743788797],[-147.92132428270992,61.54773195727182],[-147.92137603691904,61.547464837728825],[-147.92193988517218,61.547489354635175],[-147.92199163375565,61.54722223487976],[-147.92311932340425,61.54727126146985],[-147.9231710616154,61.54700414129225],[-147.93106492105954,61.54734707049713],[-147.93111659193534,61.5470799473843],[-147.9322442906912,61.54712890056713],[-147.93229595119558,61.54686177703292],[-147.93398749166718,61.54693518917068],[-147.9340391370534,61.54666806500594],[-147.93516682559206,61.546716994673545],[-147.9352184606074,61.54644987008752],[-147.93803767356133,61.546572153524366],[-147.938089283965,61.546305027889886],[-147.9392169657877,61.546353924971704],[-147.93926856582112,61.5460867989164],[-147.94039624165458,61.54613568650905],[-147.94044783131798,61.545868560032794],[-147.94157550116154,61.545917438136215],[-147.94162708045513,61.545650311239314],[-147.94219091194378,61.545674746680355],[-147.94224248561474,61.54540761957164],[-147.94337014172535,61.5454564832327],[-147.94342170502705,61.54518935570337],[-147.94454935514617,61.545238209875635],[-147.94460090807874,61.544971081925745],[-147.9451647297046,61.5449955054014],[-147.94521627701513,61.54472837723992],[-147.94747155328335,61.54482604762972],[-147.94916301967154,61.544899276610664],[-147.94911150558872,61.54516640623336],[-147.95080299408988,61.545239615430376],[-147.95249449046136,61.54531280421713],[-147.95244300398602,61.5455799350889],[-147.95300684260553,61.54560432702412],[-147.9529553600031,61.5458714581017],[-147.95464689534813,61.5459446209257],[-147.95459542611346,61.54621175262623],[-147.95572313020818,61.546260516919745],[-147.9556716695944,61.546527649034516],[-147.95679938667945,61.546576404673424],[-147.95674793468694,61.54684353720233],[-147.95900339833125,61.54694102209836],[-147.95895196445593,61.54720815545825],[-147.9606435856035,61.54728124594162],[-147.9605921650984,61.54754837992377],[-147.96115604530866,61.54757273909055],[-147.96110462867833,61.54783987327844],[-147.963360177242,61.54793728809787],[-147.9633087787311,61.54820442311621],[-147.96556436025296,61.548301802479216],[-147.96551297986238,61.5485689383277],[-147.96607688217276,61.548593277706324],[-147.96602550565802,61.54886041376038],[-147.96715332239307,61.548909086129356],[-147.96710195450297,61.54917622259708],[-147.9687937003937,61.54924921476351],[-147.96874234587727,61.549516351852915],[-147.96987019032932,61.549565002372326],[-147.9698188444384,61.54983213987521],[-147.97038277272134,61.54985646194052],[-147.9703314307073,61.55012359964896],[-147.9708953646111,61.55014791965404],[-147.97084402647417,61.550415057567925],[-147.97197190639542,61.55046369118906],[-147.9719205768849,61.55073082951646],[-147.97248452290236,61.55075514313256],[-147.9724331972693,61.55102228166536],[-147.97299714890775,61.551046593221],[-147.97294582715236,61.551313731959254],[-147.9735097844118,61.55133804145441],[-147.9734584665342,61.551605180398184],[-147.97402242941467,61.551629487832855],[-147.97391980054397,61.55216376612864],[-147.9744837737952,61.55218807171076],[-147.97443246280227,61.552455211062906],[-147.97499644167473,61.55247951458442],[-147.97494513456016,61.55274665414194],[-147.9755091190539,61.55277095560283],[-147.97535520673145,61.553572374884645],[-147.97591920634673,61.553596674700614],[-147.97561138667513,61.555199514446514],[-147.97617541566433,61.55522381324098],[-147.97586759312483,61.55682665414893],[-147.97643165149094,61.55685095192186],[-147.97638034943532,61.55711809227291],[-147.97694441342412,61.55714238798486],[-147.97689311524832,61.55740952854144],[-147.97802125534272,61.55745811357446],[-147.97796996579834,61.55772525454438],[-147.97909811888073,61.55777383091763],[-147.97904683796813,61.558040972300766],[-147.98130317359215,61.55813809865147],[-147.98125191081516,61.55840524086337],[-147.98294418593244,61.558478062425664],[-147.98289293654014,61.55874520525838],[-147.98345703473913,61.55876947478214],[-147.98340578922813,61.55903661782036],[-147.9845339977417,61.559085150476186],[-147.98448276086432,61.559352293927304],[-147.98504687117887,61.559376557059295],[-147.98499563818322,61.559643700715824],[-147.98555975412035,61.559667961786346],[-147.98550852500662,61.55993510564828],[-147.98607264656638,61.55995936465729],[-147.98602142133473,61.56022650872466],[-147.98658554851713,61.560250765672116],[-147.98653432716767,61.56051790994476],[-147.98709845997283,61.56054216483073],[-147.98704724250575,61.56080930930866],[-147.98761138093363,61.56083356213304],[-147.9875601673491,61.56110070681638],[-147.98812431139982,61.56112495757904],[-147.98802189112612,61.56165924735439],[-147.98858604555255,61.56168349626279],[-147.98853483886361,61.56195064135477],[-147.98909899891302,61.561974888201455],[-147.98899659243136,61.562509178793924],[-147.989560762857,61.56253342378635],[-147.98945836240208,61.56306771478534],[-147.99058672487627,61.56311619879196],[-147.9905355328508,61.56338334470322],[-147.9910997201461,61.56340758350985],[-147.9910485320044,61.563674729626584],[-147.9921769187113,61.563723200846596],[-147.99212573920724,61.563990347375935],[-147.99268993861878,61.56401457978921],[-147.99263876299895,61.564281726523944],[-147.99545979686732,61.564402855585506],[-147.9954086441476,61.56467000335479],[-147.99766550590365,61.56476686658256],[-147.99761437133122,61.56503401517878],[-147.99874281693107,61.565082433589936],[-147.9986916909983,61.56534958259859],[-147.99925591985564,61.56537378860702],[-147.99920479780852,61.56564093782083],[-147.9997690322889,61.56566514176679],[-147.9997179141276,61.565932291185845],[-148.0008463952031,61.565980692683354],[-148.00079528568233,61.56624784251458],[-148.00135953227746,61.566272040066075],[-148.00125732013993,61.56680634013704],[-148.00182157711296,61.56683053583297],[-148.00161716143631,61.56789913678025],[-148.00218143829787,61.56792333103485],[-148.00207923475938,61.568457631911194],[-148.0026435219999,61.568481824310155],[-148.0025413244986,61.56901612559317],[-148.00310562211834,61.56904031613641],[-148.00285013694662,61.570376070346796],[-148.00341445921353,61.57040025965537],[-148.00326117195786,61.571201712780834],[-148.00382550936146,61.571225900440766],[-148.00377441662906,61.571493051685934],[-148.00885353513402,61.57171064033587],[-148.00890458505904,61.57144348722806],[-148.01285502585756,61.5716125942723],[-148.0128040092284,61.57187974882801],[-148.01619016369787,61.57202461042925],[-148.01613917474234,61.57229176622333],[-148.0172679093462,61.57234003567574],[-148.01731888878803,61.572072879468536],[-148.01901198292137,61.572145266001115],[-148.01906294722627,61.571878109172445],[-148.02132039916955,61.571974591940695],[-148.02137134358088,61.57170743428438],[-148.02475751892845,61.57185208909274],[-148.02480843393272,61.57158493019635],[-148.0270658824449,61.57168132050623],[-148.02711677755624,61.571414160782986],[-148.02824549748885,61.571462341904265],[-148.02829638222147,61.57119518176686],[-148.0294250960996,61.5712433533951],[-148.02947597045366,61.57097619284365],[-148.0311690334849,61.571048432641064],[-148.03121989270386,61.57078127146956],[-148.03234859619974,61.57082941957144],[-148.0323994450407,61.5705622579861],[-148.03296379332818,61.570586328425705],[-148.03301463654822,61.570319166632686],[-148.03414332620187,61.570367300289476],[-148.03424499102297,61.56983297587438],[-148.03480932763236,61.569857038885544],[-148.03486015399045,61.56958987646955],[-148.03542448670706,61.56961393700466],[-148.03547530744487,61.56934677438107],[-148.0360396362686,61.56937083244009],[-148.03609045138623,61.569103669608836],[-148.03665477631714,61.56912772519195],[-148.03670558581476,61.56886056215313],[-148.03726990685274,61.5688846152602],[-148.03732071073054,61.56861745201385],[-148.03844934588386,61.56866555100613],[-148.03850013938563,61.568398387346356],[-148.0396287684792,61.56844647684676],[-148.03967955160525,61.56817931277372],[-148.04588702099,61.568443640454134],[-148.04583629018447,61.56871080678978],[-148.05204391621265,61.56897486205095],[-148.052094594695,61.56870769345491],[-148.056044923138,61.56887558416456],[-148.0560955674617,61.568608414129855],[-148.05778856400755,61.568680332622876],[-148.05783919320015,61.568413161970966],[-148.0584035223463,61.56843713005651],[-148.05835289791057,61.568704300913616],[-148.05891723267393,61.56872826693418],[-148.0589678523528,61.56846109587189],[-148.06009651494657,61.5685090206922],[-148.06014712425153,61.568241849218126],[-148.06353310413164,61.56838556796432],[-148.06358368403556,61.5681183952586],[-148.0697913418507,61.56838166511001],[-148.06984186856874,61.568114490149085],[-148.0749208958021,61.56832968659286],[-148.0748704118984,61.568596863395925],[-148.0765634506946,61.568668555293236],[-148.076512980205,61.56893573270862],[-148.07707733294347,61.56895962567166],[-148.07702686635352,61.56922680329019],[-148.0764625088576,61.569202910122556],[-148.0759072674157,61.572141861584804],[-148.0764716772492,61.5721657570027],[-148.07556296204353,61.57697495364239],[-148.0761274583995,61.57699885047252],[-148.07577402737382,61.578869094933786],[-148.07633855790917,61.57889299092543],[-148.07613659748023,61.57996170283881],[-148.07557204790254,61.579937806028525],[-148.07511754386624,61.58234240592481],[-148.07455295229727,61.582318505001],[-148.07440142121092,61.58312003766562],[-148.0738368162161,61.58309613385638],[-148.0737357816741,61.583630488551215],[-148.07317116801477,61.583606582061094],[-148.07307012051302,61.58414093634201],[-148.07250549818906,61.58411702717096],[-148.07245496838758,61.58438420410501],[-148.07189034216083,61.58436029245775],[-148.071789270456,61.58489464591304],[-148.07122463556445,61.58487073158463],[-148.07107300727532,61.58567226114511],[-148.07163765645362,61.58569617608809],[-148.07153657615507,61.58623052953283],[-148.07210123571772,61.586254442614035],[-148.07205069904185,61.586521619539745],[-148.07261536422652,61.58654553055422],[-148.07256483145397,61.58681270768375],[-148.07369417392658,61.586860523307706],[-148.0736436498203,61.58712770084585],[-148.0747730052553,61.587175507793],[-148.0747224898157,61.58744268573979],[-148.07528717358477,61.58746658601066],[-148.07523666204918,61.58773376416114],[-148.07636604169028,61.58778155829755],[-148.076315538822,61.588048736856535],[-148.07688023469404,61.58807263072195],[-148.07682973573017,61.5883398094847],[-148.07739443722429,61.588363701283136],[-148.077343942165,61.58863088024972],[-148.07847335725612,61.5886786574406],[-148.07837238361532,61.58921301618964],[-148.07893710197592,61.58923690178681],[-148.07888661863126,61.58950408136455],[-148.07832189550697,61.58948019556279],[-148.07827140653998,61.58974737493506],[-148.07770667951064,61.58972348665679],[-148.07765618492115,61.58999066582346],[-148.07709145398675,61.58996677506866],[-148.07699045270363,61.590501132989885],[-148.07586097435595,61.59045334384593],[-148.07581046289806,61.59072052239575],[-148.0752457202488,61.590696624211176],[-148.07519520316777,61.590963802555386],[-148.07463045661365,61.59093990189409],[-148.07452941034575,61.59147425817009],[-148.07396465512267,61.59145035482738],[-148.07391412593552,61.591717532759276],[-148.07334936680758,61.591693626939744],[-148.07329883199677,61.59196080466582],[-148.07273406896405,61.591936896369575],[-148.07258244508105,61.592738428928136],[-148.07201766861468,61.59271451774522],[-148.07196712083652,61.59298169505804],[-148.07253190206745,61.593005606445864],[-148.07217807690003,61.59487584904678],[-148.07274289234502,61.59489975959687],[-148.07249015811507,61.596235648168964],[-148.0730549982469,61.59625955747144],[-148.07249895969613,61.599198514516864],[-148.07193406713776,61.59917460296013],[-148.07163070092324,61.600777669172984],[-148.07219562208203,61.60080158195952],[-148.07189225350245,61.60240464937814],[-148.07132730374042,61.60238073536163],[-148.07117559353438,61.603182268447185],[-148.07061063033007,61.60315835154294],[-148.0705094763551,61.60369270652018],[-148.07107444909494,61.603716623834465],[-148.0710238755845,61.60398380152727],[-148.07158885395268,61.60400771677385],[-148.0715382843497,61.60427489467092],[-148.0721032683463,61.6042988078498],[-148.07205270265095,61.60456598595141],[-148.07318268276128,61.604613805900456],[-148.07313212574195,61.6048809844114],[-148.0742621188296,61.60492879567886],[-148.07421157048663,61.605195974599184],[-148.0753415765513,61.60524377718485],[-148.07524049635896,61.60577813584365],[-148.07580551021823,61.605802034136815],[-148.07550227761362,61.60740511132997],[-148.0749372351414,61.607381211807265],[-148.07468449380707,61.60871710842989],[-148.0752495601256,61.6087410089773],[-148.07499682113385,61.61007690661308],[-148.07556191216094,61.610100805911955],[-148.07546082008253,61.6106351653731],[-148.0760259215097,61.61065906280859],[-148.0759248355307,61.611193422677964],[-148.0764899473584,61.61121731825002],[-148.0764394078489,61.611484498389025],[-148.07700452530702,61.61150839189251],[-148.07690345324846,61.612042752579306],[-148.0774685811075,61.61206664421916],[-148.0773169808809,61.61286818586121],[-148.07788212391196,61.612892075842254],[-148.0776799973191,61.61396079884644],[-148.07824516029405,61.6139846873735],[-148.07819463126683,61.614251868328665],[-148.07875979987296,61.61427575478705],[-148.07870927475702,61.614542935946744],[-148.07927444899437,61.61456682033641],[-148.07922392778985,61.61483400170072],[-148.0797891076585,61.61485788402151],[-148.0797385903655,61.61512506559035],[-148.0803037758655,61.61514894584241],[-148.08025326248423,61.615416127615724],[-148.08081845361562,61.61544000579886],[-148.08071743381714,61.61597436975435],[-148.08128263535167,61.61599824607343],[-148.08123212893466,61.616265428255645],[-148.0823625441265,61.616313174482045],[-148.08231204639375,61.61658035707361],[-148.08287726005105,61.616604226980876],[-148.08282676623082,61.616871409776856],[-148.0833919855197,61.61689527761504],[-148.08334149561216,61.617162460615575],[-148.08390672053267,61.61718632638475],[-148.08375525997033,61.617987875999276],[-148.0843205000674,61.61801174010872],[-148.08427001626703,61.6182789235179],[-148.08483526199598,61.618302785558114],[-148.0847847821089,61.618569969171844],[-148.08535003346987,61.61859382914271],[-148.0852995574962,61.618861012961],[-148.0864300723413,61.618908726490204],[-148.0863796050541,61.61917591071757],[-148.08751013288145,61.61922361556005],[-148.0874092148218,61.619757984833086],[-148.08797448957006,61.619781834252514],[-148.08792403402495,61.62004901909339],[-148.08848931440534,61.6200728664433],[-148.08843886277455,61.620340051488746],[-148.09013472338864,61.62041158050751],[-148.0900842852192,61.620678766166535],[-148.0906495785814,61.62070260482911],[-148.09059914432683,61.62096979069252],[-148.0911644433212,61.62099362728541],[-148.09111401298165,61.62126081335328],[-148.0916793176082,61.62128464787646],[-148.09152803575958,61.62208620669325],[-148.09209335556613,61.6221100395557],[-148.0920429313402,61.62237722603237],[-148.09260825677922,61.622401056824984],[-148.09255783646893,61.62266824350608],[-148.09368849947037,61.622715898677484],[-148.09363808785005,61.62298308576743],[-148.09420342541247,61.623006910146024],[-148.09410260914572,61.62354128473477],[-148.09466795711512,61.62356510724787],[-148.09451674060185,61.62436666974445],[-148.0950821037532,61.62439049059636],[-148.09498129800286,61.62492486600296],[-148.0961120459794,61.62497250170091],[-148.09606165136685,61.62523968981308],[-148.09719241232554,61.625287316821726],[-148.09714202640515,61.62555450534272],[-148.09883818860266,61.62562592940954],[-148.09878781614995,61.62589311854354],[-148.0999186047874,61.625940723623856],[-148.09986824102774,61.62620791316637],[-148.1021298476942,61.62630309684864],[-148.10207950217895,61.6265702872082],[-148.10377573050687,61.62664165169866],[-148.10372539846136,61.626908842670744],[-148.1054216488297,61.62698018730154],[-148.10547196654807,61.62671299571712],[-148.10660279485955,61.62676054702274],[-148.10665310216973,61.62649335503047],[-148.11004557900603,61.62663595313069],[-148.1099953003506,61.62690314634671],[-148.11169156465516,61.626974415299884],[-148.11164129947147,61.6272416091278],[-148.11333758580727,61.627312858219874],[-148.11328733409596,61.62758005265948],[-148.11554908029441,61.62767502041702],[-148.11549884683245,61.62794221567184],[-148.1171951797922,61.6280134182156],[-148.11714495980408,61.62828061408169],[-148.11827586227284,61.62832807147734],[-148.11822565098265,61.628595267751066],[-148.11935656642478,61.628642716454365],[-148.1193063638329,61.628909913135615],[-148.12100275773776,61.62898106973941],[-148.1209525686214,61.62924826703171],[-148.12151803974268,61.62927198155329],[-148.12146785454854,61.62953917904952],[-148.1225988089088,61.62958660167478],[-148.12254863241415,61.62985379957833],[-148.12311411565312,61.629877507682004],[-148.12306394308115,61.63014470578933],[-148.12362943195174,61.63016841182137],[-148.1235792633026,61.63043561013256],[-148.1241447578048,61.63045931409311],[-148.1240945930786,61.630726512608135],[-148.12466009321255,61.630750214497],[-148.1246099324095,61.63101741321588],[-148.125740944795,61.63106481057518],[-148.12569079269286,61.631332009701225],[-148.12682181805005,61.6313793983668],[-148.12672153039435,61.63191379743371],[-148.1272870539095,61.63193748876043],[-148.1272369135785,61.63220468849795],[-148.12836797272638,61.632252064732526],[-148.1283178410975,61.632519264877075],[-148.12944891321666,61.632566632417436],[-148.12939879029022,61.632833832969055],[-148.13052987538038,61.63288119181489],[-148.13047976115675,61.63314839277352],[-148.13161085921757,61.633195742924734],[-148.1315607536972,61.63346294429021],[-148.13212630878616,61.63348661615614],[-148.1321764095281,61.63321941458729],[-148.133307512709,61.63326675108656],[-148.13335760304096,61.632999549111986],[-148.13392315113273,61.63302321374547],[-148.13397323583325,61.632756011568084],[-148.13510432501917,61.632803333602936],[-148.13515439931012,61.63253613101988],[-148.1357199404041,61.63255978842115],[-148.13577000906398,61.63229258563552],[-148.1363355462325,61.63231624055846],[-148.13638560926148,61.63204903757023],[-148.1380822115479,61.63211998807841],[-148.13813225938986,61.63185278448164],[-148.13926332228652,61.63190007303812],[-148.13931335971992,61.63163286903589],[-148.1410099461218,61.63170378419735],[-148.14105996836878,61.63143657958687],[-148.14219102067364,61.631483844579144],[-148.1422410325126,61.631216639563426],[-148.1428065551646,61.63124026844382],[-148.14285656137383,61.63097306322577],[-148.14398759967673,61.63102031375523],[-148.14403759547835,61.63075310813209],[-148.1451686276312,61.630800349155166],[-148.14521861302555,61.63053314312701],[-148.14578412560098,61.63055676002295],[-148.14588408428023,61.63002234756262],[-148.14644958815114,61.630045961778016],[-148.1465495338704,61.629511548914245],[-148.14711502903694,61.62953516044918],[-148.14721496179695,61.629000747182026],[-148.14778044825934,61.62902435603643],[-148.14803024138234,61.627688321863445],[-148.14859570480894,61.627711927429765],[-148.1487955048865,61.62664309928906],[-148.14936095005578,61.626666701769985],[-148.14951077685296,61.62586508006123],[-148.15459969266465,61.62607739454999],[-148.1546495902397,61.625810185492526],[-148.15521502480263,61.62583376441428],[-148.15526491675135,61.625566555154826],[-148.15583034738714,61.6255901315993],[-148.1558802337097,61.62532292213799],[-148.15644566041834,61.62534649610529],[-148.15649554111485,61.62507928644208],[-148.1570609638963,61.62510285793223],[-148.15711083896696,61.624835648067155],[-148.15824167752456,61.62488278381817],[-148.15829154219307,61.62461557354906],[-148.15885695796905,61.62463913781001],[-148.15890681701205,61.624371927339126],[-148.15947222886064,61.624395489123124],[-148.15952208227833,61.62412827845039],[-148.16065289896932,61.62417539478945],[-148.16070274198552,61.62390818371277],[-148.16126814682778,61.62393173826797],[-148.16131798421904,61.623664526989636],[-148.16244878689676,61.623711628871206],[-148.16249861388704,61.623444417189056],[-148.163629410406,61.623491509567295],[-148.16367922699553,61.623224297481514],[-148.1642446217512,61.62324784005647],[-148.1642944327164,61.62298062776905],[-148.16485982354408,61.62300416786709],[-148.16495943337804,61.622469742889756],[-148.16552481550167,61.62249328030906],[-148.16562441239188,61.6219588549294],[-148.16618978581164,61.621982389670094],[-148.16623957820914,61.62171517677889],[-148.1668049477009,61.62173870904299],[-148.16685473447487,61.62147149595034],[-148.16855083370865,61.62154207848863],[-148.16860060530792,61.62127486479069],[-148.1742542767333,61.62150999004512],[-148.17430399972767,61.62124277433009],[-148.18052308354044,61.62150114716198],[-148.18057275315334,61.621233929230385],[-148.18622650675155,61.62146857275978],[-148.18617688489985,61.6217357927048],[-148.18787304178707,61.62180614200904],[-148.1878234334195,61.62207336255823],[-148.18895421845392,61.622120251122595],[-148.1889046187946,61.62238747207475],[-148.18947001735518,61.62241091314576],[-148.18942042162791,61.62267813429965],[-148.19055123083558,61.62272501001933],[-148.1905016438172,61.62299223157607],[-148.19106705446433,61.6230156662246],[-148.19101747137842,61.62328288798302],[-148.19158288764663,61.62330632055777],[-148.19153330849338,61.623573542517796],[-148.19549127944344,61.62373750824895],[-148.1954417328855,61.6240047316167],[-148.1977034682427,61.6240983770736],[-148.19765393995016,61.624365601245735],[-148.20330838514278,61.62459955764121],[-148.20325890378192,61.624866783821865],[-148.20438981248947,61.624913548201015],[-148.20434033984142,61.625180774783686],[-148.20547126147434,61.625227530463434],[-148.20542179753951,61.62549475744817],[-148.20938008322918,61.62565833206262],[-148.20942951371842,61.625391103674026],[-148.2099949816924,61.62541446217466],[-148.21004440656193,61.625147233586404],[-148.21060987059965,61.62517058961142],[-148.21065928984967,61.62490336082345],[-148.21179021089387,61.62495006564694],[-148.21188902775805,61.62441560727147],[-148.21245447998663,61.62443895586961],[-148.212503882379,61.62417172648276],[-148.2136347798044,61.62421841645287],[-148.2136841718002,61.62395118666598],[-148.2153805099132,61.624021203956524],[-148.21542988673497,61.62375397356943],[-148.2159953296767,61.62377730791573],[-148.2161434407648,61.62297561615842],[-148.21670887021466,61.622998947628815],[-148.2167582341186,61.62273171684436],[-148.22637058209176,61.62312800034837],[-148.22641986393782,61.622860766163825],[-148.2275507348023,61.622907344125245],[-148.22760000625394,61.622640109541855],[-148.22873087091918,61.622686678003056],[-148.22878013197666,61.62241944302069],[-148.23047642093275,61.622489278049656],[-148.23052566681878,61.622222042468906],[-148.23165652076062,61.62226858737979],[-148.231705756253,61.62200135140035],[-148.2345328818902,61.62211767286442],[-148.23458209265664,61.621850435887595],[-148.2357129392227,61.62189694814822],[-148.2357621395962,61.62162971077316],[-148.2368929799583,61.62167621353418],[-148.23694216993906,61.62140897576079],[-148.23807300409658,61.621455469022365],[-148.23812218368485,61.62118823085081],[-148.2398184268692,61.621257953081596],[-148.23986759128783,61.6209907143126],[-148.24156382767424,61.62106041546931],[-148.24161297692356,61.62079317610299],[-148.24274379581092,61.62083963176675],[-148.2427929346686,61.620572392002636],[-148.2473162054608,61.620758122059655],[-148.2484470315211,61.62080453182291],[-148.24839794043837,61.6210717735791],[-148.24896335949998,61.62109497524713],[-148.248914272359,61.62136221720326],[-148.24947969703422,61.621385416795256],[-148.24943061383516,61.621652658951454],[-148.2505614752485,61.62169905170803],[-148.25051240076945,61.62196629426324],[-148.25107783750758,61.62198948742779],[-148.2510287669709,61.622256730182976],[-148.2515942093226,61.6222799212713],[-148.25154514272845,61.62254716422643],[-148.25211059069386,61.622570353238515],[-148.25206152804236,61.62283759639364],[-148.25262698162146,61.622860783329415],[-148.2525779229128,61.62312802668445],[-148.25370884213388,61.62317439412814],[-148.25365979214666,61.62344163788209],[-148.25422525778862,61.6234648183898],[-148.25417621174466,61.62373206234371],[-148.25474168300036,61.6237552407751],[-148.25469264089983,61.62402248492888],[-148.25582359547403,61.62406883536326],[-148.2557745620958,61.62433607991588],[-148.25690552956766,61.624382421646345],[-148.25685650491218,61.62464966659773],[-148.2574219946794,61.62467283424871],[-148.25737297396805,61.6249400793999],[-148.25793846934906,61.62496324497426],[-148.25788945258196,61.62523049032534],[-148.25845495357683,61.62525365382298],[-148.25840594075416,61.62552089937391],[-148.26010246308445,61.6255903768103],[-148.260053463765,61.62585762295862],[-148.26231552433865,61.62595022847756],[-148.2622665433026,61.626217475421925],[-148.26339758815388,61.62626376492531],[-148.26329964269783,61.6267982596119],[-148.26386517593394,61.62682140134736],[-148.2638162067346,61.627088648890926],[-148.26438174558456,61.62711178854946],[-148.2642838142437,61.627646284037404],[-148.26541491356534,61.62769255732181],[-148.26536595620414,61.627959805464585],[-148.26649706842133,61.628006070043284],[-148.26644811978676,61.62827331858439],[-148.26757924489925,61.62831957445712],[-148.26753030499168,61.62858682339657],[-148.26809587357866,61.62860994811769],[-148.26804693761798,61.628877197256855],[-148.26861251181896,61.62890031990071],[-148.2685635798053,61.629167569239506],[-148.26969474026865,61.62921380809672],[-148.26964581698292,61.62948105783371],[-148.27021140324527,61.629504174046865],[-148.27016248390697,61.629771423983556],[-148.2699667982212,61.63084042374242],[-148.2694011880541,61.63081730653689],[-148.26925440069598,61.63161905577378],[-148.2698200252069,61.631642173574704],[-148.26962431618676,61.632711173368975],[-148.27018996065735,61.63273428968779],[-148.26989640081396,61.63433779060911],[-148.2704620748099,61.634360905842605],[-148.2702174425973,61.635697157639626],[-148.26965174468916,61.63567404141372],[-148.2692602515391,61.637812042772694],[-148.26869451620112,61.63778892268217],[-148.26830293141862,61.63992692254343],[-148.26773715864607,61.639903798587795],[-148.2675902862392,61.64070554796401],[-148.26702449994886,61.64068242113578],[-148.26697553602742,61.64094967073212],[-148.26640974578723,61.640926541428655],[-148.2663118058729,61.64146104022854],[-148.2657460068987,61.64143790825095],[-148.26569703090556,61.64170515745446],[-148.26513122798156,61.64168202300147],[-148.26508224636947,61.64194927200774],[-148.2645164394957,61.641926135079316],[-148.26441846419866,61.64246063269878],[-148.26385264859064,61.6424374930961],[-148.26380365490544,61.64270474170939],[-148.26267201662486,61.64265845527602],[-148.2626230125355,61.64292570349322],[-148.26149136802582,61.642879407555],[-148.26144235353203,61.64314665537606],[-148.2608765277453,61.64312350379288],[-148.26077848668257,61.64365799904173],[-148.26021265216164,61.64363484478396],[-148.2601145981877,61.64416933964106],[-148.2595487549324,61.64414618270855],[-148.25935261781828,61.64521517164543],[-148.25878675625813,61.64519201164031],[-148.25863963029232,61.645993752762195],[-148.25920550620864,61.64601691336421],[-148.25915646733404,61.64628416060689],[-148.2597223488716,61.6463073191308],[-148.25962427818666,61.64684181401882],[-148.2601901701313,61.6468649706636],[-148.26014113832113,61.647132218308954],[-148.26070703588724,61.64715537287554],[-148.26065800802738,61.64742262072134],[-148.26122391121493,61.64744577320967],[-148.26117488730557,61.647713021256024],[-148.26174079611468,61.6477361716661],[-148.26169177615597,61.648003419912996],[-148.2622576905866,61.64802656824481],[-148.2622086745787,61.64829381669217],[-148.262774594631,61.64831696294568],[-148.2626765696817,61.64885146024297],[-148.2632425001421,61.64887460461699],[-148.26314448142455,61.64940910231853],[-148.26427636399742,61.649455385030066],[-148.26422736295913,61.649722634280984],[-148.2647933102851,61.64974577241955],[-148.26474431319846,61.65001302187107],[-148.26531026614634,61.650036157931105],[-148.2652612730115,61.650303407583],[-148.26582723158137,61.65032654156445],[-148.26577824239854,61.65059379141689],[-148.26691017161724,61.6506400529451],[-148.26686119117366,61.650907303196746],[-148.2674271618225,61.65093043074347],[-148.26737818533132,61.65119768119556],[-148.27586791700242,61.65154432408068],[-148.27581901148903,61.65181157751308],[-148.27921498541502,61.65195009237408],[-148.2791661077949,61.65221734699855],[-148.28256214044106,61.652355781056336],[-148.28251329071585,61.65262303687221],[-148.28421133264536,61.65269222374779],[-148.284162496452,61.65295948016013],[-148.2852945381439,61.65300559375179],[-148.28524571069477,61.65327285056226],[-148.28694379383975,61.65334200446136],[-148.28689497992366,61.65360926186805],[-148.28802704909126,61.65365535347491],[-148.28797824392024,61.65392261127956],[-148.28967636827693,61.653991732200645],[-148.28962757664016,61.654258990601285],[-148.2901936245447,61.65428202655075],[-148.290144836865,61.654549285151234],[-148.29071089039013,61.654572319020836],[-148.29066210666767,61.65483957782125],[-148.29122816581338,61.65486260961098],[-148.29117938604833,61.65512986861126],[-148.29174545081463,61.65515289832104],[-148.29169667500722,61.65542015752131],[-148.2922627453942,61.65544318515103],[-148.29221397354448,61.65571044455114],[-148.29278004955216,61.655733470100884],[-148.29273128166037,61.656000729700835],[-148.3006565000784,61.65632285098047],[-148.30060779840957,61.65659011335104],[-148.30230609504778,61.656659081843195],[-148.3023547823473,61.65639181887982],[-148.30688357157953,61.656575633043836],[-148.30693221973053,61.65630836850272],[-148.30976271600844,61.656423177331035],[-148.3097140918072,61.65669044285901],[-148.31028019834,61.656713397987666],[-148.3103288177512,61.65644613226245],[-148.315989880754,61.656675556280895],[-148.31594130924407,61.65694282397802],[-148.31820577679684,61.65703453058606],[-148.31815722362023,61.65730179907357],[-148.31928947194444,61.65734763910246],[-148.31924092752104,61.65761490798628],[-148.32037318873685,61.657660739296226],[-148.32032465306705,61.657928008576256],[-148.32145692717418,61.6579738311672],[-148.32140840025835,61.65824110084317],[-148.32197454334374,61.65826400891816],[-148.32192602039146,61.658531278793355],[-148.32249216909503,61.65855418478691],[-148.32244365010632,61.65882145486119],[-148.32357595957708,61.65886726040714],[-148.32352744934332,61.65913453087745],[-148.32465977170466,61.65918032770369],[-148.32461127022617,61.65944759856994],[-148.3257436054778,61.65949338667624],[-148.32569511275494,61.659760657938385],[-148.3262612864124,61.65978354877067],[-148.32621279765414,61.66005082023186],[-148.32677897692977,61.66007370898256],[-148.32682746089657,61.65980643732462],[-148.3302245251591,61.65994372080067],[-148.33027297955059,61.65967644796492],[-148.3308391550283,61.659699320373036],[-148.33079070542834,61.65996659340542],[-148.33305543476558,61.66005806103971],[-148.33310386519923,61.65979078722099],[-148.33423622523964,61.65983650697415],[-148.33428464526443,61.65956923276474],[-148.3348508217315,61.65959208902712],[-148.3348992361392,61.659324814623545],[-148.33659775611846,61.65939336915061],[-148.3365493560854,61.659660644143486],[-148.3382478978667,61.65972917875346],[-148.33819951138346,61.65999645433793],[-148.3404642644755,61.66008780270419],[-148.34051263179168,61.65982052633452],[-148.3427773789119,61.65991183745924],[-148.34282572623633,61.65964456030696],[-148.34395809515937,61.65969020180584],[-148.3440064320759,61.6594229242636],[-148.34570497726634,61.65949136883443],[-148.34575329898354,61.65922409070625],[-148.34688565698008,61.659269708635435],[-148.34693396829,61.659002430117404],[-148.34806631999808,61.65904803854037],[-148.34811462090096,61.6587807596328],[-148.3503793150324,61.65887194835283],[-148.35042759594515,61.658604668663706],[-148.35212611081278,61.65867303569173],[-148.35217437652744,61.658405755417334],[-148.35387288442666,61.65847410135132],[-148.35382463308707,61.65874138221325],[-148.35608934097056,61.65883247900942],[-148.35604110797564,61.65909976065689],[-148.35660729179463,61.65912252935529],[-148.3565590627693,61.659389811201],[-148.3576914424582,61.659435342153536],[-148.35764322219467,61.65970262439311],[-148.36160661054632,61.65986191232068],[-148.36165479726455,61.65959462871174],[-148.3690154201254,61.65989015038295],[-148.3689672957084,61.66015743653251],[-148.36953350800584,61.66018015321327],[-148.36948538756081,61.66044743956063],[-148.37005160547147,61.66047015415802],[-148.37009972112384,61.66020286761546],[-148.37066593506228,61.66022557973892],[-148.3707140451016,61.659958293003655],[-148.37241267746097,61.66002641511584],[-148.37246077230233,61.65975912779743],[-148.3735931883907,61.65980453075507],[-148.37364127282692,61.65953724304892],[-148.37477368260988,61.65958263650149],[-148.37482175664124,61.6593153484077],[-148.3759541601181,61.65936073235522],[-148.37600222374488,61.65909344387383],[-148.37713462091506,61.65913881831647],[-148.37718267413746,61.65887152944762],[-148.38341086442384,61.65912092381155],[-148.38345886410983,61.658853632801254],[-148.38402506334663,61.65887629114926],[-148.38412105067837,61.65834170874692],[-148.38468724114858,61.65836436442661],[-148.38483120163193,61.65756249025843],[-148.38539737854347,61.657585143075295],[-148.38544535894272,61.657317851496316],[-148.3860115318802,61.65734050183977],[-148.38605950666926,61.657073210068674],[-148.38662567563264,61.65709585793887],[-148.3866736448117,61.65682856597568],[-148.38723980980097,61.656851211372654],[-148.3872877733702,61.65658391921741],[-148.38785393438525,61.656606562141114],[-148.3879018923448,61.65633926979377],[-148.38846804938564,61.6563619102443],[-148.38851600173564,61.65609461770493],[-148.38908215480222,61.65611725568236],[-148.38913010154286,61.65584996295096],[-148.38969625063513,61.65587259845529],[-148.38979213208066,61.6553380126111],[-148.3903582724069,61.655360645447765],[-148.39040620711202,61.65509335233502],[-148.39153848063307,61.65513861078391],[-148.39158640493787,61.65487131728474],[-148.39215253813248,61.65489394289699],[-148.39220045682873,61.654626649205866],[-148.39333271608584,61.65467189320608],[-148.39338062438225,61.6544045991286],[-148.3939467504446,61.65442721751668],[-148.3939946531328,61.654159923247306],[-148.39456077522047,61.6541825391626],[-148.39460867230068,61.65391524470139],[-148.39574090934295,61.6539604693079],[-148.39578879602402,61.65369317446055],[-148.39805326073972,61.65378359555528],[-148.39810112743933,61.653516299933386],[-148.39923335511133,61.653561496421815],[-148.3992812114124,61.65329420041403],[-148.39984732168102,61.65331679504647],[-148.399895172375,61.65304949884696],[-148.40046127866825,61.653072091006855],[-148.4005091237553,61.65280479461579],[-148.40107522607306,61.6528273843031],[-148.4011230655534,61.65256008772045],[-148.40168916389567,61.65258267493525],[-148.4017369977694,61.65231537816107],[-148.40230309213612,61.65233796290349],[-148.40235092040342,61.65207066593774],[-148.40291701079457,61.65209324820765],[-148.40296483345563,61.6518259510504],[-148.40353091987112,61.65184853084792],[-148.40357873692608,61.65158123349917],[-148.4041448193659,61.65160381082439],[-148.40419263081492,61.65133651328414],[-148.40475870927904,61.6513590881371],[-148.40480651512226,61.65109179040531],[-148.40537258961064,61.65111436278596],[-148.40542038984825,61.650847064862816],[-148.4065525316882,61.65089220240145],[-148.40660032152974,61.65062490409283],[-148.40716638888114,61.65064746925089],[-148.40721417311744,61.65038017075095],[-148.4077802364929,61.65040273343677],[-148.4078280151241,61.650135434745536],[-148.40839407452353,61.65015799495933],[-148.40844184754982,61.64989069607661],[-148.4090079029732,61.64991325381835],[-148.40905567039474,61.6496459547444],[-148.40962172184203,61.64966851001409],[-148.40966948365894,61.64940121074881],[-148.41080157941536,61.649446314066076],[-148.41084933083755,61.6491790144157],[-148.4119814202694,61.649224108232765],[-148.41202916129717,61.64895680819742],[-148.4131612444038,61.64900189251433],[-148.41320897503735,61.64873459209417],[-148.4149070914288,61.64880220090239],[-148.41495480687823,61.648534899903815],[-148.417218954293,61.648625012313],[-148.4172666497684,61.648357710542506],[-148.4189647544961,61.6484252703484],[-148.41901243478804,61.64815796799991],[-148.4212765666427,61.64824801507306],[-148.42132422696136,61.64798071195344],[-148.42245628818327,61.648025721434415],[-148.42250393810923,61.64775841793047],[-148.4236359929999,61.64780341791222],[-148.42368363253345,61.64753611402427],[-148.42538170658938,61.64760359633097],[-148.42542933094074,61.64733629186572],[-148.42712739793274,61.647403753089684],[-148.4271750071022,61.64713644804725],[-148.42830704624123,61.64718141041957],[-148.42835464501914,61.646914104993414],[-148.43231677402918,61.647071400184444],[-148.43236433846562,61.64680409340926],[-148.43293035534933,61.64682655484531],[-148.43406239154874,61.64687147088327],[-148.43410994080426,61.646604163531606],[-148.4346759553297,61.646626617940505],[-148.43472349898474,61.64635931039855],[-148.43528950953058,61.64638176233631],[-148.43533704758525,61.646114454604096],[-148.4370350697145,61.64618179617028],[-148.43708259258915,61.64591448786197],[-148.43878060763907,61.645981808346924],[-148.43882811533408,61.64571449946281],[-148.44109212757763,61.6458042274453],[-148.44118710221954,61.64526960814285],[-148.44175309772453,61.645292034057896],[-148.44180057904157,61.6450247242179],[-148.4423665705661,61.645047147662225],[-148.4424140462841,61.6447798376322],[-148.44298003382812,61.64480225860588],[-148.44307497325735,61.644267638168344],[-148.44364095203125,61.64429005647876],[-148.4436884157427,61.64402274607124],[-148.4442543905361,61.644045161911045],[-148.4443018486491,61.643777851313594],[-148.4454337910836,61.64382267577406],[-148.4454812388089,61.64355536479405],[-148.44831108509908,61.64366738511853],[-148.44835850806876,61.64340007317864],[-148.4523202932951,61.643556804611414],[-148.45236768193044,61.64328949132757],[-148.4534996182582,61.643334250850636],[-148.45354699650696,61.643066937184884],[-148.4541129610927,61.643089313337235],[-148.45416033374457,61.642821999481846],[-148.45472629434835,61.642844373163925],[-148.45477366140344,61.64257705911901],[-148.4553396180252,61.642599430330975],[-148.4553869794837,61.64233211609646],[-148.4559529321234,61.642354484838286],[-148.45600028798546,61.64208717041415],[-148.45656623664306,61.64210953668594],[-148.45661358690884,61.641842222072334],[-148.4571795315843,61.641864585874124],[-148.457226876254,61.64159727107093],[-148.45779281694726,61.64161963240269],[-148.457840156021,61.64135231740999],[-148.45840609273205,61.641374676271845],[-148.45845342620999,61.6411073610897],[-148.4590193589388,61.64112971748157],[-148.45906668682107,61.64086240211003],[-148.45963261556759,61.64088475603196],[-148.45967993785442,61.640617440471026],[-148.46024586261856,61.640639791923135],[-148.4602931793101,61.640372476172665],[-148.46085910009188,61.64039482515501],[-148.46090641118823,61.64012750921521],[-148.46147232798756,61.64014985572773],[-148.46151963348896,61.63988253959862],[-148.46208554630584,61.63990488364143],[-148.4621328462124,61.63963756732295],[-148.46269875504677,61.63965990889597],[-148.46274604935866,61.63939259238818],[-148.46331195421047,61.63941493149159],[-148.46335924292788,61.63914761479446],[-148.46392514379707,61.639169951428244],[-148.46397242692015,61.638902634541886],[-148.46453832380672,61.638924968706085],[-148.4645856013356,61.63865765163039],[-148.4651514942395,61.638679983325105],[-148.46519876617438,61.63841266606017],[-148.46576465509557,61.63843499528525],[-148.4659064517021,61.6376330429306],[-148.4664723270642,61.637655369302685],[-148.4665668445319,61.63712073402881],[-148.46713271112336,61.63714305773976],[-148.467227215794,61.636608422092664],[-148.46779307361496,61.636630743142646],[-148.46793481021882,61.63582878911593],[-148.46850065448183,61.63585110731325],[-148.46916192915344,61.632108652805],[-148.469727707203,61.63213096604157],[-148.46982215256384,61.631596329339715],[-148.47038792184517,61.63161863991588],[-148.4705767837673,61.63054936577514],[-148.4711425347084,61.63057167330771],[-148.4713785700826,61.629235079728566],[-148.4719442978988,61.62925738402639],[-148.47199149777524,61.62899006512623],[-148.47312294624874,61.62903466650787],[-148.47317013574994,61.62876734722712],[-148.4737358564071,61.628789644310906],[-148.47383022342666,61.6282550053737],[-148.47439593531675,61.62827729979761],[-148.4745374654615,61.627475340835474],[-148.47510316379945,61.627497632408144],[-148.4753861736801,61.6258937133995],[-148.47595184411182,61.625916001546976],[-148.4760461647413,61.62538136151354],[-148.4766118264071,61.62540364700146],[-148.47670613425407,61.62486900659478],[-148.47727178715414,61.624891289423246],[-148.47736608221936,61.62435664864323],[-148.47849737129133,61.62440120670492],[-148.47854450805067,61.62413388593586],[-148.47911014900683,61.624156161360396],[-148.47915728017907,61.62388884040241],[-148.47972291715382,61.62391111335896],[-148.479770042739,61.623643792212015],[-148.481466944127,61.62371059684807],[-148.48151405455707,61.62344327513],[-148.48264531659333,61.62348779978818],[-148.48269241665272,61.62322047769011],[-148.48382367233003,61.62326499285953],[-148.483870762019,61.622997670381686],[-148.48556763719847,61.623064425487456],[-148.48561471173323,61.62279710243878],[-148.48674595629424,61.62284159407734],[-148.48679302045917,61.6225742706491],[-148.48735863915826,61.62259651286248],[-148.48740569773756,61.62232918924557],[-148.48853692797243,61.622373666460504],[-148.48858397618235,61.62210634246418],[-148.48914958771803,61.62212857746572],[-148.48919663034272,61.621861253280805],[-148.48976223789586,61.62188348581492],[-148.48980927493545,61.62161616144148],[-148.49037487850597,61.62163839150815],[-148.49042190996065,61.621371066946274],[-148.49098750954855,61.621393294545506],[-148.49103453541844,61.62112596979511],[-148.49216572742978,61.621170417782274],[-148.49221274293146,61.620903092652604],[-148.49277833535479,61.62092531304064],[-148.49287235438865,61.62039066240687],[-148.4934379380456,61.620412880136776],[-148.49357894624126,61.61961090363132],[-148.49414451634868,61.61963311851263],[-148.49423850824334,61.61909846713911],[-148.49480406958486,61.61912067936268],[-148.49485105954847,61.61885335348862],[-148.49541661690725,61.61887556324517],[-148.49546360128753,61.61860823718279],[-148.49602915466352,61.61863044447225],[-148.4960761334606,61.61836311822162],[-148.49720723304702,61.61840752559005],[-148.4972542014782,61.61814019896048],[-148.49781974768845,61.61816239903965],[-148.49786671053684,61.61789507222178],[-148.49843225276408,61.61791726983402],[-148.4984792100298,61.61764994282793],[-148.49904474827406,61.617672137973216],[-148.49909169995732,61.61740481077891],[-148.49965723421843,61.61742700345746],[-148.49970418031938,61.617159676074934],[-148.5002697105974,61.61718186628655],[-148.50031665111618,61.61691453871585],[-148.500882177411,61.61693672646077],[-148.50092911234785,61.61666939870199],[-148.50149463465942,61.61669158398015],[-148.5015884925702,61.61615692808843],[-148.50215400611611,61.6161791107095],[-148.5022009290903,61.6159117825767],[-148.50276643865303,61.6159339627311],[-148.50286027263954,61.615399306091504],[-148.50342577343673,61.61542148358906],[-148.50351959466303,61.61488682657772],[-148.50408508669491,61.61490900141837],[-148.50417889516177,61.61437434403546],[-148.50474437842846,61.61439651621942],[-148.50483817413667,61.61386185846481],[-148.50540364863832,61.61388402799215],[-148.5054974315886,61.61334936986586],[-148.5060628973254,61.61337153673662],[-148.50620355141749,61.61256954899314],[-148.50733445659705,61.61261387476513],[-148.50738133013488,61.61234654514132],[-148.50907767954632,61.61241301615864],[-148.50912453794194,61.612145685966674],[-148.51082088019072,61.61221213592937],[-148.5108677234444,61.61194480516935],[-148.51199861270274,61.611989093384345],[-148.51204544559616,61.6117217622465],[-148.51317632848182,61.61176604097745],[-148.51322315101524,61.6114987094619],[-148.5137885888728,61.611520845223374],[-148.5138354058277,61.61125351352019],[-148.5144008397013,61.61127564681572],[-148.5145412714396,61.61047365114941],[-148.51510669176704,61.61049578159925],[-148.5152002993788,61.60996111745289],[-148.5157657109414,61.609983245247136],[-148.51585930580384,61.60944858072978],[-148.51642470860176,61.60947070586847],[-148.5164715000571,61.60920337342321],[-148.51703689887108,61.60922549609623],[-148.51708368474914,61.6089581634633],[-148.51821447520572,61.60900240160213],[-148.51826125072606,61.60873506859184],[-148.51939203480734,61.60877929724788],[-148.51943879997023,61.60851196386028],[-148.52056957767553,61.60855618303352],[-148.52061633248124,61.60828884926873],[-148.52174710380996,61.608333058959424],[-148.52179384825877,61.60806572481745],[-148.52292461321022,61.60810992502565],[-148.52297134730233,61.60784259050667],[-148.52410210587593,61.607886781232494],[-148.52414882961165,61.6076194463366],[-148.52584495909733,61.60768571478828],[-148.52589166769658,61.607418379325985],[-148.52702241510292,61.60746254653588],[-148.52706911334633,61.6071952106969],[-148.5281998543725,61.60723936842485],[-148.52824654226032,61.60697203220917],[-148.52881190918558,61.60699410747015],[-148.52885859149833,61.60672677106728],[-148.5299893181728,61.60677091438315],[-148.53003599013041,61.60650357760375],[-148.53173207176124,61.60656977494152],[-148.5317787285839,61.60630243759633],[-148.5329094440829,61.60634655739769],[-148.532956090551,61.60607921967623],[-148.53465215541547,61.60614538174262],[-148.53469878674926,61.60587804345574],[-148.53752555350061,61.60598826710621],[-148.53747894606752,61.606255606338664],[-148.53860966788372,61.60629968024693],[-148.53865626575643,61.60603234063622],[-148.54091769978783,61.606120460387565],[-148.5409642777464,61.60585312002313],[-148.54209498996022,61.60589716586635],[-148.54214155756546,61.60562982512629],[-148.5432722633903,61.60567386148869],[-148.54331882064244,61.60540652037308],[-148.5444495200777,61.60545054725491],[-148.544496066977,61.60518320576378],[-148.54506141310333,61.60520521560226],[-148.5451079544301,61.60493787392463],[-148.5462386394997,61.604981886396864],[-148.54628517047414,61.60471454434379],[-148.5474158491526,61.604758547335656],[-148.54746236977493,61.60449120490746],[-148.5480277055223,61.604513202801165],[-148.54807422057272,61.604245860186424],[-148.54920488488332,61.60428984876938],[-148.5492513895821,61.6040225057795],[-148.54981671814522,61.60404449646877],[-148.54986321727247,61.603777153292555],[-148.55099386721398,61.60382112746702],[-148.5510403559901,61.60355378391568],[-148.55160567736831,61.60357576740086],[-148.5516521605733,61.603308423663265],[-148.55221747796318,61.60333040468417],[-148.55226395559714,61.60306306076032],[-148.55339458319133,61.60310701559826],[-148.55344105047487,61.60283967129951],[-148.55400636067907,61.602861645116576],[-148.55405282239198,61.60259430063154],[-148.55574874341144,61.6026602078638],[-148.5557951899949,61.60239286281575],[-148.55805640997258,61.60248070651357],[-148.55810283664738,61.60221336071416],[-148.56375589411175,61.6024328087842],[-148.5638022722007,61.60216546110456],[-148.56775942595215,61.602318938037904],[-148.5677130813212,61.60258628703413],[-148.5699743485152,61.602673938826854],[-148.5699280222149,61.602941288577206],[-148.57275464785232,61.60305080305499],[-148.57270834466374,61.603318153747146],[-148.5749696784844,61.60340572511759],[-148.57492339362844,61.603673076563396],[-148.57661941660928,61.60373873175913],[-148.5765731453065,61.60400608377044],[-148.57883453943148,61.60409359292112],[-148.5787882864631,61.604360945685556],[-148.58048435466756,61.604426554215145],[-148.5804381152538,61.60469390754487],[-148.58326493524277,61.60480321051479],[-148.583218718946,61.605070564784704],[-148.58604558251187,61.60517981179422],[-148.58599938933344,61.60544716700381],[-148.58656476918753,61.605469009765315],[-148.58651858000374,61.605736365164844],[-148.5870839654255,61.605758205837716],[-148.58703778023656,61.60602556142704],[-148.587603171226,61.60604740001133],[-148.587556990032,61.60631475579057],[-148.58812238658916,61.606336592286134],[-148.58807620939032,61.60660394825528],[-148.5892070144264,61.60664761479296],[-148.58916084600446,61.606914971139204],[-148.58972625448334,61.606936801181284],[-148.589680090057,61.60720415771737],[-148.59420342443377,61.60737871761163],[-148.59434180059353,61.60657664351782],[-148.59490720658053,61.60659845270057],[-148.59495332561468,61.60633109448732],[-148.5955187276053,61.606352901206826],[-148.59561095375474,61.6058181844137],[-148.59617634696747,61.605839988483055],[-148.59631466595886,61.60503791275114],[-148.59688004561252,61.60505971398331],[-148.59697224478597,61.60452499646733],[-148.59753761566213,61.60454679504941],[-148.59762980213392,61.60401207716943],[-148.59819516423278,61.604033873101585],[-148.59828733800367,61.60349915485769],[-148.59885269132536,61.60352094814],[-148.59894485239613,61.60298622953209],[-148.59951019694086,61.60300802016461],[-148.59964841832127,61.60220594171086],[-148.60021374930864,61.602227729506744],[-148.6006283280736,61.599821492596185],[-148.60119361682408,61.59984327643441],[-148.60137783454613,61.59877383712338],[-148.6019431049621,61.5987956179387],[-148.6020351995604,61.59826089792396],[-148.60146993870322,61.598239117482294],[-148.6016080890594,61.59743703803862],[-148.60217333557898,61.597458817919915],[-148.60221937935088,61.59719145792327],[-148.6027846218752,61.597213235342316],[-148.60283066008438,61.5969458751613],[-148.60339589861343,61.5969676501181],[-148.60344193126,61.59670028975272],[-148.6040071657937,61.5967220622474],[-148.60405319287784,61.596454701697596],[-148.60461842341616,61.59647647173009],[-148.60466444493804,61.59620911099597],[-148.6052296714809,61.596230878566416],[-148.6053217026172,61.59569615673188],[-148.60588692038598,61.59571792165356],[-148.60602494688052,61.594915838359384],[-148.60659015109684,61.594937600445824],[-148.6067281562085,61.59413551661279],[-148.60729334687295,61.59415727586406],[-148.60738533680959,61.59362255294716],[-148.60795051870068,61.59364430955001],[-148.60804249594995,61.59310958626923],[-148.60860766906782,61.593131340223756],[-148.60879159506274,61.59206189294363],[-148.6093567498522,61.59208364387681],[-148.60949467179884,61.59128155788114],[-148.61005981303828,61.59130330597986],[-148.61015174753587,61.59076858162115],[-148.610716880003,61.59079032707193],[-148.61094667867167,61.58945351528226],[-148.6115117880357,61.58947525752574],[-148.6115577406461,61.58920789498819],[-148.61212284601535,61.58922963477035],[-148.61216879306699,61.588962272048555],[-148.61329899659762,61.58900574441547],[-148.6133449333139,61.58873838132316],[-148.61673553400507,61.58886874270794],[-148.61678144127927,61.58860137850021],[-148.6173465393526,61.58862309724925],[-148.6173924410689,61.58835573285749],[-148.61795753514664,61.58837744914543],[-148.61800343130514,61.58811008456982],[-148.61856852138732,61.5881317983966],[-148.61861441198815,61.58786443363711],[-148.61917949807471,61.5878861450029],[-148.61922538311808,61.58761878005943],[-148.61979046520895,61.58764048896428],[-148.6198822234003,61.58710575871178],[-148.62044729671908,61.58712746496955],[-148.62049316986733,61.5868600996606],[-148.62105823919038,61.58688180345743],[-148.62110410678173,61.58661443796466],[-148.62279930510505,61.58667953514832],[-148.6228451575872,61.58641216909967],[-148.62397528415178,61.58645555547609],[-148.6240211263013,61.586188189057694],[-148.6279765604126,61.586339968417704],[-148.62802236834864,61.58607260070038],[-148.62858742870702,61.5860942741811],[-148.62863323108732,61.5858269062802],[-148.62976334458983,61.585870246045694],[-148.62980913663844,61.58560287777545],[-148.63037418978243,61.5856245440603],[-148.63046576198983,61.58508980715522],[-148.63103080636083,61.58511147079385],[-148.6310765865199,61.584844102158876],[-148.63164162689392,61.58486576333704],[-148.63173317532338,61.58433102570252],[-148.6322982069246,61.584352684234645],[-148.6323439751952,61.58408531523512],[-148.63347403118237,61.58412862510398],[-148.63356554628461,61.583593886369044],[-148.6341305658948,61.58361553752024],[-148.63417631750244,61.58334816797047],[-148.63474133311553,61.583369816661495],[-148.63478707916917,61.583102446928415],[-148.63591710317942,61.583145737115444],[-148.63596283890374,61.582878367013485],[-148.63652784730075,61.58290000850956],[-148.63657357747144,61.5826326382243],[-148.63713858187114,61.582654277260346],[-148.63718430648836,61.58238690679177],[-148.63887931002915,61.5824518096959],[-148.63892501954246,61.58218443867325],[-148.63949001750302,61.582206068240005],[-148.63953572146326,61.58193869703417],[-148.6406657101667,61.58198194897331],[-148.64071140379886,61.581714577398984],[-148.6418413860617,61.581757819869175],[-148.64188706936605,61.5814904479264],[-148.64245205688826,61.581512065564375],[-148.6425434116149,61.58097732131482],[-148.6431083903641,61.58099893630768],[-148.64324540230064,61.58019681939415],[-148.6438103675021,61.5802184315568],[-148.6439016953585,61.579683686588204],[-148.6444666517874,61.57970529610597],[-148.64460362342157,61.57890317811381],[-148.64516856630362,61.57892478480164],[-148.64525986729376,61.578390039113934],[-148.64582480140373,61.5784116431572],[-148.64587044595956,61.57814427013137],[-148.64643537607182,61.5781658717151],[-148.6464810150769,61.57789849850641],[-148.6487407241928,61.5779848813577],[-148.6487863433247,61.57771750741079],[-148.64935126777,61.57773909725277],[-148.6493968813516,61.57747172312306],[-148.64996180179875,61.57749331050577],[-148.65005301708592,61.57695856188275],[-148.65061792876085,61.57698014662123],[-148.6508003309294,61.57591064866102],[-148.6502354383498,61.575889064662476],[-148.65055464569357,61.57401744460837],[-148.6511195048595,61.57403902731232],[-148.6511650980327,61.57377165284232],[-148.65172995320114,61.573793233087294],[-148.65177554082578,61.57352585843448],[-148.65234039199672,61.573547436220586],[-148.6523859740729,61.57328006138488],[-148.65295082124624,61.573301636712046],[-148.6529963977742,61.57303426169354],[-148.65356124094995,61.57305583456192],[-148.6536068119298,61.57278845936069],[-148.65417165110787,61.572810029770224],[-148.65426278119665,61.5722752790043],[-148.65482761160433,61.57229684677025],[-148.6549187290477,61.57176209564304],[-148.65548355068518,61.57178366076541],[-148.655529103472,61.57151628502017],[-148.6560939211118,61.571537847683985],[-148.65618501481617,61.571003095829994],[-148.65731463333034,61.5710462135971],[-148.65736016947585,61.570778837303685],[-148.65792497512248,61.570800392591764],[-148.65797050572124,61.570533016115775],[-148.6591001097933,61.57057611950105],[-148.6591456300732,61.570308742657836],[-148.65971042849844,61.57033029075511],[-148.65975594323197,61.57006291372938],[-148.66032073765925,61.5700844593682],[-148.660457262899,61.569282327749235],[-148.6610220437843,61.56930387056063],[-148.66106754587761,61.56903649317372],[-148.66163232276494,61.5690580335268],[-148.6617233150864,61.568523278390096],[-148.66228808320403,61.56854481610043],[-148.6623335734324,61.56827743835056],[-148.66289833755204,61.56829897360275],[-148.66294382223512,61.56803159567035],[-148.66350858235677,61.56805312846434],[-148.6635540614947,61.567785750349586],[-148.66468357451538,61.567828808747485],[-148.66472904333682,61.56756143026592],[-148.6652937962357,61.56758295587003],[-148.6653392595124,61.567315577206],[-148.66590400841307,61.56733710035201],[-148.66594946614518,61.56706972150561],[-148.667078956723,61.56711276060813],[-148.66712440413937,61.5668453813951],[-148.6682538882663,61.56688841103438],[-148.66829932536714,61.56662103145473],[-148.6694288030425,61.566664051631044],[-148.66938337548433,61.56693143157934],[-148.67051286579283,61.56697444302964],[-148.6705582838083,61.56670706271303],[-148.6728172546085,61.56679305759341],[-148.67286265276618,61.56652567654207],[-148.67512161683456,61.56661163430791],[-148.67516699513482,61.566344252522285],[-148.67629647225718,61.566387217395395],[-148.67634184024303,61.566119835243704],[-148.68029500107264,61.56627013939234],[-148.68024966648667,61.56653752283148],[-148.68476764900953,61.5667091640531],[-148.6847223518256,61.566976548964654],[-148.6864166223006,61.5670408774579],[-148.6863713386617,61.567308262922595],[-148.68693610179903,61.56732970138991],[-148.6868455417546,61.56786447269303],[-148.68741031520605,61.56788590925395],[-148.68736503880072,61.568153295092344],[-148.68792981779438,61.56817472956288],[-148.68788454539117,61.568442115587104],[-148.6884493299271,61.56846354796755],[-148.6884040615262,61.568730934177474],[-148.68896885160441,61.56875236446766],[-148.68892358720595,61.56901975086334],[-148.68948838282648,61.56904117906324],[-148.68944312243062,61.56930856564478],[-148.69000792359353,61.56932999175432],[-148.68996266720043,61.569597378521536],[-148.69165708962547,61.56966164375728],[-148.6916118467808,61.56992903107725],[-148.69217666056778,61.569950448458115],[-148.69213142172643,61.570217835963845],[-148.69834447665477,61.57045327908671],[-148.6982992895475,61.570720668611955],[-148.69999378953867,61.57078483316779],[-148.69994861598258,61.57105222324504],[-148.70107829603216,61.571094988611605],[-148.70116862328283,61.570560207726686],[-148.70173345491344,61.57058158663249],[-148.70177861261323,61.57031419601014],[-148.7023434402388,61.57033557245879],[-148.7023885923973,61.57006818165563],[-148.70295341601775,61.570089555646994],[-148.7029985626352,61.56982216466297],[-148.70356338225048,61.56984353619723],[-148.703608523327,61.569576145032364],[-148.7041733389371,61.56959751410954],[-148.70421847447284,61.56933012276389],[-148.70478328607774,61.5693514893839],[-148.70482841607284,61.56908409785748],[-148.7059580320397,61.569126823909485],[-148.70600315172146,61.56885943201927],[-148.70882718120336,61.568966206439505],[-148.7088722762536,61.56869881363674],[-148.71113149455482,61.56878419150954],[-148.71117656974667,61.56851679797771],[-148.71230617395207,61.56855947290454],[-148.71235123883162,61.56829207900924],[-148.7146104373486,61.56837740084414],[-148.7146554823705,61.568110006220216],[-148.71578507668073,61.56815265312834],[-148.71583011139091,61.567885258141374],[-148.71695969921961,61.56792789558834],[-148.71700472361832,61.567660500238276],[-148.7181343049648,61.5677031282243],[-148.71817931905235,61.5674357325114],[-148.7243920186837,61.567670021838026],[-148.72443697950555,61.56740262412026],[-148.7250017701984,61.567423909323814],[-148.72504672548274,61.56715651142599],[-148.72561151216743,61.567177794173176],[-148.72565646191444,61.56691039609541],[-148.72622124459093,61.56693167638638],[-148.7262661888008,61.56666427812858],[-148.72739574690172,61.56670683152413],[-148.72744068080192,61.566439432904154],[-148.7280054562262,61.56646070600875],[-148.72805038458964,61.56619330720884],[-148.7286151560055,61.5662145778573],[-148.72866007883232,61.56594717887744],[-148.72922484623976,61.56596844706987],[-148.72926976353006,61.56570104791017],[-148.73152882170888,61.565786097212104],[-148.73157371914564,61.565518697326155],[-148.73778613962352,61.56575239330777],[-148.73783098379965,61.56548499142222],[-148.73839574910306,61.56550622268613],[-148.738440587744,61.56523882062103],[-148.7390053490375,61.5652600494292],[-148.7390501821434,61.56499264718464],[-148.73961493942699,61.565013873537104],[-148.739659766998,61.56474647111298],[-148.7402245202716,61.56476769500979],[-148.7402693423079,61.56450029240624],[-148.74083409157151,61.564521513847325],[-148.74087890807323,61.5642541110644],[-148.7414436533268,61.564275330049924],[-148.7414884642941,61.56400792708751],[-148.74205320553764,61.564029143617375],[-148.7420980109707,61.563761740475584],[-148.74266274820405,61.56378295454995],[-148.74270754810306,61.563515551228846],[-148.74327228132628,61.5635367628477],[-148.74331707569135,61.563269359347146],[-148.7438818049044,61.56329056851055],[-148.7439265937357,61.563023164830675],[-148.7444913189385,61.56304437153867],[-148.74453610223617,61.56277696767951],[-148.74510082342871,61.562798171932016],[-148.74514560119295,61.56253076789357],[-148.74740447449014,61.56261556144007],[-148.74796919471763,61.562636754142396],[-148.74787968614686,61.563171564037376],[-148.74844441667943,61.56319275482892],[-148.7483549146083,61.56372756509639],[-148.76077938871876,61.56419319520974],[-148.76073474153623,61.56446060433567],[-148.76242903081868,61.56452401462292],[-148.76247366368298,61.5642566049538],[-148.7636031841215,61.564298866746796],[-148.76364780668132,61.56403145671805],[-148.76477732061016,61.56407370905327],[-148.76486654436255,61.563538888279275],[-148.76543129291989,61.563560010674124],[-148.76547589888546,61.56329260010991],[-148.7660406434289,61.563313720049905],[-148.7660852438634,61.563046309307246],[-148.76664998439287,61.563067426792365],[-148.76673917344155,61.56253260495269],[-148.76730390518472,61.5625537198022],[-148.76734849379918,61.562286308705154],[-148.7679132215284,61.56230742110002],[-148.76795780461234,61.56204000982456],[-148.7696519780324,61.56210333282368],[-148.7696074092652,61.562370744641555],[-148.77130160382393,61.562434047718554],[-148.7712570486159,61.56270146008108],[-148.7718217864235,61.56272255673972],[-148.77173268327908,61.56325738183377],[-148.7722974313895,61.56327847657988],[-148.77225288345338,61.56354588931138],[-148.77338239149248,61.56358807234321],[-148.77333785234424,61.563855485438474],[-148.77616165956124,61.56396090412676],[-148.77611714352017,61.56422831812754],[-148.77668191200823,61.56424939522378],[-148.7766373999831,61.56451680940769],[-148.7777669487766,61.56455895713921],[-148.7777224455407,61.56482637168669],[-148.77941678872736,61.56488957676996],[-148.77937229905444,61.56515699186151],[-148.78050187450927,61.56519911757409],[-148.7804573936265,61.56546653302916],[-148.7815869816545,61.5655086500061],[-148.78154250956226,61.56577606582451],[-148.78210730948453,61.565797121082184],[-148.78206284140953,61.56606453708352],[-148.78319245307043,61.56610664113709],[-148.78314799378657,61.56637405750181],[-148.78371280552523,61.56639510629759],[-148.783668350259,61.56666252284532],[-148.7847979855525,61.56670461397478],[-148.78475353907808,61.566972030885765],[-148.7853183626329,61.56699307321945],[-148.78527392017654,61.56726049031331],[-148.78583874926144,61.56728153055302],[-148.78579431082335,61.567548947829785],[-148.78635914543835,61.56756998597538],[-148.7863147110186,61.567837403435064],[-148.78687955116376,61.56785843948667],[-148.7868351207626,61.56812585712926],[-148.78739996643796,61.568146891086705],[-148.78735554005547,61.56841430891221],[-148.78792039126105,61.56843534077542],[-148.78787596889742,61.56870275878388],[-148.7884408256333,61.56872378855295],[-148.78835198818848,61.569258624938314],[-148.78891685522944,61.5692796527933],[-148.78887244014848,61.56954707117013],[-148.78943731271988,61.56956809693086],[-148.78939290165832,61.56983551549072],[-148.78995777976021,61.56985653915699],[-148.7898689649208,61.57039137664517],[-148.79043385332838,61.57041239839732],[-148.79038944955073,61.57067981732563],[-148.79095434348898,61.570700836983264],[-148.79086554321822,61.57123567520856],[-148.79143044746263,61.57125669295187],[-148.79138605096975,61.57152411224875],[-148.791950960745,61.57154512789747],[-148.79190656827245,61.571812547377306],[-148.79247148357857,61.5718335609315],[-148.7924270951265,61.57210098059415],[-148.798641265851,61.57233198154114],[-148.79868560176874,61.572064559898934],[-148.80094530374456,61.57214849128246],[-148.8009009869308,61.572415913643844],[-148.80316072007426,61.57249980935063],[-148.80311642161112,61.57276723243398],[-148.80368136155752,61.57278820085349],[-148.803637067117,61.573055624119384],[-148.8047669588231,61.57309755449324],[-148.80472267318171,61.57336497812138],[-148.80528762494143,61.573385940075745],[-148.8052433433231,61.5736533638865],[-148.80580830061268,61.57367432374558],[-148.80576402301753,61.573941747738836],[-148.80632898583707,61.57396270550273],[-148.80628471226524,61.57423012967854],[-148.80684968061476,61.57425108534716],[-148.80680541106645,61.57451850970543],[-148.807370384946,61.574539463278754],[-148.80732611942136,61.574806887819584],[-148.8084560789937,61.57484878850039],[-148.80841182226987,61.57511621340336],[-148.8095417944083,61.57515810534337],[-148.8094975464857,61.57542553060825],[-148.81062753118988,61.57546741380727],[-148.81053905219514,61.57600226506408],[-148.811104055231,61.57602320361003],[-148.81083862884566,61.57762775852964],[-148.8114036613001,61.57764869587726],[-148.81135942571248,61.57791612188724],[-148.81192446369755,61.57793705713905],[-148.81188023213522,61.57820448333159],[-148.812445275651,61.57822541648766],[-148.8124010481141,61.578492842862644],[-148.8135311469597,61.57853470270793],[-148.81348692822667,61.5788021294448],[-148.81405198355645,61.57882305613397],[-148.8140077688493,61.57909048305335],[-148.8151378913227,61.579132329964374],[-148.81509368542007,61.5793997572456],[-148.81565875256368,61.5794206774675],[-148.81561455068731,61.57968810493123],[-148.8190049980139,61.57981357955591],[-148.8189608240576,61.58008100809834],[-148.82065607220667,61.580143715230584],[-148.8206119118353,61.580411144313786],[-148.8211770008337,61.58043204231949],[-148.82113284448977,61.58069947158498],[-148.82282813033038,61.58076215248692],[-148.82278398757234,61.58102958229294],[-148.8261746082096,61.58115488373295],[-148.82613049337604,61.58142231461646],[-148.82726071582076,61.58146406391686],[-148.82730482109562,61.58119663267547],[-148.83013036644468,61.581300965210076],[-148.83008628506698,61.58156839734586],[-148.83517235696695,61.581756054156614],[-148.83521639532864,61.58148862041195],[-148.83804199316614,61.58159279365626],[-148.83808600688027,61.581325359021776],[-148.84034647951523,61.58140865594198],[-148.84039047336185,61.58114122059664],[-148.8426509388577,61.581224480393146],[-148.84269491283715,61.58095704433728],[-148.84326002630266,61.58097785341906],[-148.8438251405164,61.58099866022516],[-148.843913067112,61.580463787409755],[-148.8444781725148,61.58048459158354],[-148.84456608655887,61.57994971842475],[-148.8451311831509,61.579970519966274],[-148.84517513427153,61.579703083213346],[-148.8457402268322,61.57972388230111],[-148.8457841724256,61.579456445373275],[-148.84804453102902,61.57953961825581],[-148.84860962254893,61.579560405787575],[-148.84856570085208,61.57982784360669],[-148.8525213958715,61.579973293861556],[-148.85256528411236,61.5797058547955],[-148.8542605788445,61.57976815595131],[-148.85430445200012,61.579500716354545],[-148.856564836311,61.579583751992416],[-148.85652098227342,61.57985119230108],[-148.8621720430775,61.58005862388346],[-148.86212823609083,61.58032606597368],[-148.86269335105277,61.58034679679381],[-148.86264954810045,61.580614239065206],[-148.8632146685878,61.58063496778723],[-148.86317086967,61.580902410239815],[-148.86373599568276,61.58092313686392],[-148.86360460879732,61.581725464775104],[-148.86416974989606,61.58174618965657],[-148.86403837064339,61.58254851813162],[-148.86460352682883,61.58256924127039],[-148.8645597370345,61.582836684279904],[-148.86512489874588,61.582857405320475],[-148.86508111298699,61.58312484851124],[-148.86621144820688,61.58316628412008],[-148.8661676712644,61.58343372766951],[-148.86729801902638,61.583475154529935],[-148.8672542509007,61.58374259843808],[-148.86781943068013,61.5837633086321],[-148.86777566659052,61.584030752721375],[-148.86890603794618,61.58407216663649],[-148.86886228267403,61.584339611084445],[-148.8694274742502,61.58436031480555],[-148.86938372301455,61.58462775943445],[-148.87051411796352,61.584669160403806],[-148.87047037554592,61.584936605391306],[-148.87103557891868,61.5849573026394],[-148.87099184053807,61.5852247478079],[-148.87212225907996,61.58526613583095],[-148.87207852951806,61.58553358135786],[-148.8732089606006,61.58557496063152],[-148.87316523985777,61.58584240651687],[-148.8748609064082,61.5859044588887],[-148.87481719926672,61.58617190530971],[-148.87594765691748,61.58621326253158],[-148.87590395859596,61.58648070931093],[-148.8770344287861,61.586522057782716],[-148.8769907392849,61.586789504920205],[-148.8775559802777,61.586810175919155],[-148.877512294815,61.58707762323752],[-148.87807754133365,61.587098292137455],[-148.8780338599096,61.58736573963673],[-148.87916436474217,61.58740707096231],[-148.8791206921394,61.58767451881979],[-148.8796859504533,61.58769518124535],[-148.8796422818896,61.58796262928357],[-148.88077281031252,61.588003947660376],[-148.8807291505707,61.58827139605657],[-148.8812944206797,61.58829205200763],[-148.88125076497738,61.58855950058473],[-148.8818160406123,61.5885801544366],[-148.88177238894966,61.588847603194516],[-148.88233767011053,61.588868254947094],[-148.88216307516078,61.58993805072431],[-148.88159777486769,61.58991739826318],[-148.88142314889456,61.59098719339146],[-148.8808578302112,61.59096653794527],[-148.88046483523357,61.59337357560898],[-148.8798994742387,61.59335291629148],[-148.87963741542248,61.59495760717473],[-148.8790720264645,61.59493694451701],[-148.87894097266206,61.595739289478544],[-148.8795063759745,61.59575995266809],[-148.87946269467096,61.5960274011735],[-148.88002810351216,61.59604806226348],[-148.87994074824397,61.59658295964048],[-148.88050616739912,61.59660361880789],[-148.88046249343466,61.59687106767951],[-148.8810279181188,61.59689172474729],[-148.88094057752957,61.597426622856496],[-148.88150601252812,61.597447278001745],[-148.8814186785355,61.597982176480976],[-148.8819841238488,61.59800282970359],[-148.88189679645328,61.59853772855297],[-148.88246225208167,61.5985583798529],[-148.88237493128375,61.599093279072335],[-148.88294039722754,61.59911392844952],[-148.88285308302778,61.59964882803916],[-148.88341855928726,61.59966947549352],[-148.8833312516862,61.60020437545332],[-148.8838967382617,61.60022502098477],[-148.8838530881325,61.600492471147824],[-148.8844185802378,61.60051311457921],[-148.88424399143364,61.60158291597998],[-148.88480950342895,61.60160355784252],[-148.8845476266438,61.60320826112723],[-148.88511316810497,61.60322890177524],[-148.88506952415972,61.60349635251401],[-148.88563507115157,61.60351699106171],[-148.88559143125048,61.60378444198161],[-148.8895503145131,61.60392884928523],[-148.88950670738217,61.60419630144857],[-148.89120339714304,61.604258156661146],[-148.8911598036328,61.60452560935936],[-148.89342208619328,61.604608051797854],[-148.89337851109235,61.60487550520786],[-148.89394408837614,61.604896110300345],[-148.89390051732107,61.605163563891324],[-148.89446610013508,61.60518416688304],[-148.8944225331261,61.60545162065492],[-148.8955537105566,61.60549282015901],[-148.89551015238212,61.605760274288784],[-148.89607574699863,61.60578087080108],[-148.8960321928706,61.606048325111715],[-148.8977289955363,61.60611010151273],[-148.89768545503193,61.606377556357835],[-148.89881667009453,61.60641872958986],[-148.8987731384258,61.60668618479255],[-148.89990436603173,61.60672734926697],[-148.89986084319904,61.60699480482728],[-148.90042646290286,61.60701538382444],[-148.90038294411767,61.60728283956547],[-148.9015141953269,61.607323991079625],[-148.90147068537837,61.60759144717823],[-148.9020363168838,61.6076120196951],[-148.90199281098316,61.60787947597457],[-148.90255844801877,61.607900046390135],[-148.90251494616624,61.608167502850414],[-148.90308058873205,61.608188071164655],[-148.90299359238256,61.608722984451155],[-148.90355924526804,61.6087435508406],[-148.90321126854656,61.610883205571106],[-148.90377696049111,61.610903771094854],[-148.9036899684808,61.611438685173994],[-148.90425567074678,61.61145924877268],[-148.90421217842038,61.61172670599528],[-148.90477788621766,61.61174726749239],[-148.9047343979407,61.612014724895936],[-148.90586582533868,61.61205584140855],[-148.9058223459019,61.61232329916942],[-148.906953785844,61.61236440692223],[-148.90691031524773,61.61263186504041],[-148.90747604112036,61.61265241567589],[-148.90743257457424,61.61291987397494],[-148.90856403812262,61.612960968764014],[-148.90852058041767,61.61322842742032],[-148.90908631809342,61.613248971573775],[-148.909042864439,61.61351643041083],[-148.91017435159335,61.61355751223559],[-148.91013090678075,61.61382497142981],[-148.91069665625938,61.61384550910104],[-148.91065321549775,61.61411296847606],[-148.9112189705077,61.61413350404526],[-148.9111755337972,61.614400963601106],[-148.91174129433855,61.614421497068136],[-148.9116109941409,61.6152238762915],[-148.9121767697967,61.61524440800902],[-148.91208990888134,61.615779327866285],[-148.91265569486055,61.61579985765787],[-148.9125254123131,61.6166022380065],[-148.913091213408,61.616622766048465],[-148.9130477892043,61.61689022635005],[-148.91361359583124,61.61691075228949],[-148.91352675478848,61.61744567325886],[-148.91409257173976,61.61746619727233],[-148.91404915490094,61.617733657939986],[-148.91461497738442,61.617754179851],[-148.91452815107226,61.61828910155264],[-148.91509398388055,61.6183096215375],[-148.91505057440745,61.61857708257138],[-148.91561641274814,61.61859760045367],[-148.91557300732805,61.61886506166836],[-148.9161388512011,61.61888557744806],[-148.91609544983422,61.61915303884357],[-148.91722714938481,61.619194063919124],[-148.9171837568642,61.61946152567151],[-148.9188813261147,61.61952304672233],[-148.91892470425626,61.619255584441596],[-148.91949055735859,61.61927608672482],[-148.919533929968,61.619008624272574],[-148.92123147933034,61.61907011692132],[-148.92127483682188,61.618802653945714],[-148.93315776777175,61.619232524532435],[-148.9332010238701,61.61896505786976],[-148.93489859760905,61.61902638538857],[-148.93485535589053,61.61929385257791],[-148.94164577466486,61.61953895965921],[-148.9416025897316,61.61980642895826],[-148.94330022537002,61.61986765497858],[-148.94325705408204,61.62013512480828],[-148.94382293889345,61.62015552909902],[-148.94377977166357,61.62042299910875],[-148.94491155308106,61.62046380120369],[-148.9448683947034,61.62073127156861],[-148.94600018865088,61.62077206489785],[-148.94595703912591,61.621039535617925],[-148.94652294199682,61.621059929039106],[-148.94647979653064,61.621327399939204],[-148.94930934588436,61.62142933373453],[-148.94935246737933,61.621161861959],[-148.95274792208897,61.621284106252546],[-148.95279101408346,61.62101663343192],[-148.95845011606616,61.6212201898425],[-148.95840707201583,61.621487664411475],[-148.9601048313028,61.621548687415626],[-148.96006180090274,61.621816162513674],[-148.96119365368364,61.621856833469835],[-148.9611506321397,61.622124308922096],[-148.96228249744303,61.62216497111071],[-148.96223948475554,61.62243244691724],[-148.96450324333816,61.622513744641815],[-148.9644602490976,61.6227812211515],[-148.96672403858483,61.62286248310583],[-148.96676701364507,61.6225950058981],[-148.96733295805313,61.622615315513904],[-148.9673759275859,61.62234783813675],[-148.96794186793124,61.622368145298815],[-148.9679848319367,61.62210066775213],[-148.9685507682193,61.62212097246061],[-148.968937368168,61.61971367319374],[-148.9695032620313,61.619733974053545],[-148.96954620912672,61.61946649620751],[-148.97011209892767,61.61948679461393],[-148.97015504049705,61.61921931659848],[-148.97185269990794,61.61928019762026],[-148.9718956263632,61.619012719086804],[-148.97529093616978,61.61913441855009],[-148.97524803847966,61.6194018981287],[-148.97694571763608,61.61946271761502],[-148.97690283359796,61.61973019772098],[-148.9786005337151,61.61979099721746],[-148.97855766332958,61.62005847785054],[-148.98025538440578,61.62011925735678],[-148.98021252767353,61.62038673851681],[-148.98191026970727,61.62044749803223],[-148.9818674266289,61.620714979719075],[-148.9835651896185,61.62077571924326],[-148.98352236019463,61.62104320145679],[-148.98522014413854,61.621103920989334],[-148.98517732836984,61.62137140372942],[-148.99027076275365,61.62155344080874],[-148.99022798941223,61.62182092511756],[-148.99532152600392,61.62200277913234],[-148.9952787950928,61.6222702650083],[-148.99641070971765,61.62231065228519],[-148.99636798766954,61.62257813851317],[-148.99919781095156,61.62267906768246],[-148.99915511215428,61.622946554782544],[-149.00028705615378,61.622986910840645],[-149.0002443662206,61.623254398292495],[-149.00137632272256,61.62329474557924],[-149.00133364165393,61.6235622333828],[-149.002465610658,61.62360257189793],[-149.00242293845423,61.62387006005319],[-149.00355491996012,61.623910389796556],[-149.0035122566216,61.62417787830355],[-149.00521024872322,61.624238356341266],[-149.0051675990468,61.62450584537287],[-149.00629960700917,61.62454615301296],[-149.00625696619886,61.6248136423961],[-149.00852101003136,61.624894231012654],[-149.008478387681,61.62516172109339],[-149.01583667274966,61.62542338443932],[-149.0158792327409,61.625155892110755],[-149.02097345875686,61.62533681640833],[-149.02101597484983,61.62506932253073],[-149.02554418666028,61.625229987723685],[-149.02558666365215,61.62496249247108],[-149.0357752232458,61.6253234525795],[-149.03573283260522,61.625590950933095],[-149.04252539333652,61.625831182697574],[-149.04256772640628,61.62556368227997],[-149.04539796673401,61.625663681093044],[-149.0454402750939,61.625396179821756],[-149.04657236667873,61.6254361630441],[-149.04661466472217,61.625168661434714],[-149.04718070679857,61.625188649454316],[-149.0472229993234,61.62492114767866],[-149.0483550760437,61.62496111653464],[-149.04839735825254,61.62469361442111],[-149.04896339289638,61.624713595257546],[-149.049005669587,61.62444609297788],[-149.04957170015396,61.62446607136279],[-149.04961397132652,61.62419856891685],[-149.05074602502728,61.624238518504036],[-149.05078828588458,61.62397101572035],[-149.05192033287216,61.624010955845016],[-149.05196258341445,61.62374345272364],[-149.05366064490514,61.62380334529728],[-149.0537028803354,61.62353584166676],[-149.05540093391363,61.623595713207585],[-149.05544315423222,61.62332820906827],[-149.0571411998958,61.62338805957648],[-149.05718340510305,61.62312055492836],[-149.05944745687026,61.623200323003196],[-149.0594896421693,61.62293281767534],[-149.06062166277323,61.62297268769133],[-149.0606638377588,61.622705182026486],[-149.06122984434197,61.62272511344346],[-149.06127201381156,61.62245760761283],[-149.0624040195399,61.62249746326516],[-149.06244617869655,61.62222995709762],[-149.0630121778416,61.62224988133298],[-149.06309648440515,61.621714868671916],[-149.06366247467471,61.62173479028515],[-149.06370462208187,61.621467283791716],[-149.06427060827298,61.621487202954185],[-149.0643127501649,61.621219696295015],[-149.0648787322775,61.621239613006644],[-149.06492086865438,61.62097210618181],[-149.0654868466884,61.62099202044278],[-149.0655289775504,61.620724513452295],[-149.06609495150582,61.6207444252625],[-149.0661370768531,61.62047691810652],[-149.0667030467299,61.620496827466006],[-149.0667451665626,61.62022932014438],[-149.06731113236077,61.62024922705317],[-149.06735324667906,61.61998171956603],[-149.0679192083985,61.62000162402427],[-149.0679613172026,61.619734116371546],[-149.06852727484326,61.619754018379204],[-149.06861148070567,61.61921900274811],[-149.0691774294713,61.6192389021343],[-149.06921952652988,61.61897139415603],[-149.0697854712167,61.61899129109167],[-149.06982756276165,61.61872378294787],[-149.0703935033697,61.61874367743311],[-149.07043558940114,61.61847616912386],[-149.0710015259304,61.6184960611587],[-149.0710856862494,61.61796104421466],[-149.0716516139038,61.61798093362834],[-149.07169368819166,61.617713424993525],[-149.07225961176724,61.61773331195687],[-149.07230168054218,61.61746580315673],[-149.07286760003888,61.61748568766983],[-149.0729517258464,61.61695066974419],[-149.07351763646847,61.61697055163622],[-149.07355969350132,61.61670304251072],[-149.07412560004448,61.616722921952565],[-149.07420970236888,61.616187903376265],[-149.07477560003764,61.61620778019728],[-149.07485968990468,61.61567276130097],[-149.0742938018267,61.61565288482135],[-149.07441994563905,61.614850357029184],[-149.07385407266318,61.614830478782366],[-149.0738961239625,61.61456296969964],[-149.07333025649822,61.61454308934421],[-149.07337231187586,61.614275580437635],[-149.07280644992318,61.61425569797378],[-149.07318495922442,61.611848119589354],[-149.07261914113866,61.611828236382934],[-149.07295558347292,61.60968816843151],[-149.07238980445393,61.60966828431188],[-149.07260008159156,61.608330742865256],[-149.07373159241362,61.60837050711861],[-149.07377363610553,61.60810299850332],[-149.07433938779812,61.608122877041126],[-149.07438142598073,61.607855368260424],[-149.0749471735966,61.60787524434879],[-149.07498920627012,61.60760773540265],[-149.0755549498092,61.60762760904148],[-149.07559697697377,61.60736009992993],[-149.07672845661426,61.6073998400303],[-149.0767704734773,61.607132330582765],[-149.07790194639566,61.60717206122704],[-149.07794395295736,61.6069045514435],[-149.07907541915299,61.606944272631814],[-149.07911741541363,61.60667676251242],[-149.09099788248918,61.60709328109321],[-149.0910397773853,61.60682576740319],[-149.099525946168,61.60712266285147],[-149.09956776845442,61.606855146617775],[-149.10692251544995,61.607112039050534],[-149.10696427471183,61.6068445206167],[-149.11431907963552,61.60710102571524],[-149.11436077587186,61.60683350508469],[-149.11832107163264,61.606971462506166],[-149.11827940895128,61.60723898432112],[-149.1188451731222,61.60725868357764],[-149.1188035145247,61.60752620556712],[-149.11936928419917,61.60754590271383],[-149.11878605641758,61.61129121350346],[-149.11935189392287,61.61131091073873],[-149.11881026300995,61.614788702489456],[-149.11937616356627,61.614808399644254],[-149.11837602937334,61.62122894480269],[-149.11894204576745,61.62124864373843],[-149.11860861515984,61.62338882753963],[-149.11917467065072,61.62340852554908],[-149.11896627742289,61.62474614145846],[-149.11953235761845,61.62476583803385],[-149.11944900495178,61.625300884776664],[-149.12001509545615,61.62532057941035],[-149.11993174954605,61.62585562651494],[-149.12049785035947,61.62587531920671],[-149.12037284056436,61.62667789041496],[-149.12093895648678,61.626697581333936],[-149.12085562267072,61.62723262917381],[-149.12142174890306,61.62725231815074],[-149.12125509194598,61.62832241457792],[-149.12182123808876,61.628342101951105],[-149.12148792847887,61.630482296442715],[-149.12262029970393,61.63052166705419],[-149.12257864240763,61.63078919173077],[-149.12314483388656,61.63080887378464],[-149.123103180681,61.63107639863636],[-149.12423557537153,61.631115756240135],[-149.12419393105796,61.63138328143601],[-149.12476013426954,61.63140295698601],[-149.12438534670454,61.63381068554183],[-149.12495159384028,61.633830360332915],[-149.12474337768148,61.635167988365595],[-149.12417710653503,61.63514831272908],[-149.12388554046566,61.63702099104699],[-149.12331923641125,61.63700131194521],[-149.12311092960596,61.6383389386532],[-149.12254460224668,61.63831925642441],[-149.12246126494395,61.6388543068122],[-149.12189492868862,61.63883462196369],[-149.1218115789361,61.63936967203766],[-149.1212452337846,61.63934998456934],[-149.12120355303855,61.639617509446374],[-149.12007085526113,61.639578127327255],[-149.12002916419684,61.63984565187181],[-149.11946281157105,61.639825957220935],[-149.119421114992,61.640093481602435],[-149.1188547582737,61.64007378450083],[-149.11881305617965,61.6403413087192],[-149.11824669536884,61.640321609166875],[-149.1182049877597,61.64058913322204],[-149.11763862285642,61.64056943121897],[-149.11759690973196,61.640836955110935],[-149.11703054073632,61.640817250657015],[-149.1169888220964,61.64108477438574],[-149.11642244900835,61.641065067480994],[-149.11633899998563,61.641600114618285],[-149.1157726180012,61.64158040509319],[-149.1157308876181,61.641847928501626],[-149.11516450154127,61.64182821652568],[-149.11508102903113,61.642363263022176],[-149.11451463405768,61.64234354842579],[-149.11447289193038,61.64261107151388],[-149.11390649286452,61.64259135446634],[-149.11382299686488,61.64312640032212],[-149.11325658890223,61.64310668065399],[-149.1131730804448,61.64364172619553],[-149.11260666358513,61.64362200390672],[-149.1124396189037,61.64469209438636],[-149.11187318353706,61.64467236913759],[-149.11174787813042,61.64547493655416],[-149.11118142906093,61.645455208514726],[-149.11113965436175,61.64572273082976],[-149.11057320119968,61.645703000339],[-149.11053142098254,61.6459705224907],[-149.1099649637279,61.64595078954845],[-149.10992317799258,61.646218311536735],[-149.10935671664538,61.64619857614303],[-149.10931492539183,61.64646609796792],[-149.1087484599521,61.64644636012278],[-149.1087066631801,61.646713881784144],[-149.1081401936479,61.64669414148741],[-149.1080983913573,61.646961662985376],[-149.10753191773267,61.646941920237126],[-149.10749010992325,61.647209441571576],[-149.10692363220622,61.6471896963717],[-149.10688181887787,61.6474572175426],[-149.10631533706848,61.6474374698911],[-149.10623169866017,61.64797251191223],[-149.10566520795265,61.6479527616391],[-149.10491224731982,61.65276813791321],[-149.10434567080745,61.65274838229998],[-149.10409460369164,61.6543535071654],[-149.103527999048,61.654333748250224],[-149.1034861472218,61.65460126891365],[-149.1023529304614,61.65456174389634],[-149.10231106830534,61.654829264226215],[-149.10117784478652,61.65478972973938],[-149.10113597230028,61.65505724973557],[-149.1005693568047,61.65503747889863],[-149.10052747879595,61.655304998731204],[-149.09996085920704,61.65528522544174],[-149.09991897567565,61.6555527451107],[-149.0993523519934,61.65553296936873],[-149.0993104629392,61.65580048887408],[-149.09874383516367,61.65578071067952],[-149.0987019405865,61.65604823002124],[-149.0981353087177,61.65602844937407],[-149.0980515078021,61.656563487736435],[-149.09748486703185,61.65654370446653],[-149.09740105363935,61.6570787425144],[-149.09683440396736,61.65705895662164],[-149.0967924913899,61.65732647548504],[-149.0962258376247,61.65730668713953],[-149.0961839195234,61.65757420583913],[-149.09561726166498,61.65755441504081],[-149.09553341369897,61.658089452119114],[-149.09496674693867,61.65806965869773],[-149.0949248170737,61.65833717707625],[-149.09435814622017,61.658317381201975],[-149.09427427472576,61.65885241763807],[-149.09370759497017,61.65883261914053],[-149.09366565334045,61.65910013719798],[-149.09309896949168,61.659080336247406],[-149.09305702233712,61.659347854141],[-149.09249033439514,61.65932805073753],[-149.09240642832015,61.65986308620348],[-149.09183973147586,61.65984328017651],[-149.0917977725551,61.66011079774886],[-149.09123107161767,61.66009098926873],[-149.0911891071715,61.66035850667727],[-149.09062240214092,61.66033869574398],[-149.09053846148115,61.66087373023953],[-149.08997174754805,61.66085391668266],[-149.08992977133417,61.66112143376974],[-149.08936305330798,61.66110161775959],[-149.0892790891117,61.66163665161246],[-149.08871236218278,61.66161683297845],[-149.08867037420012,61.66188434974418],[-149.0881036431781,61.661864528656785],[-149.08806164966902,61.66213204525863],[-149.08749491455393,61.66211222171784],[-149.08741091576573,61.66264725459983],[-149.0868441717477,61.662627428435094],[-149.08680216646837,61.66289494471535],[-149.08623541835726,61.66287511609709],[-149.0861934075509,61.66314263221328],[-149.0856266553468,61.66312280114153],[-149.0855426219626,61.66365783305237],[-149.0849758608553,61.66363799935635],[-149.08493383827718,61.66390551515097],[-149.0843670730769,61.663885679001375],[-149.08432504497117,61.66415319463177],[-149.08375827567792,61.66413335602861],[-149.0836742076935,61.66466838696781],[-149.08310742949683,61.66464854574014],[-149.0830653896179,61.66491606104889],[-149.0824986073283,61.66489621736747],[-149.0824565619211,61.6651637325121],[-149.0818897755386,61.66514388637692],[-149.08184772460308,61.66541140135729],[-149.08128093412768,61.665391552768256],[-149.08123887766365,61.6656590675844],[-149.0806720830954,61.66563921654155],[-149.0806300211027,61.66590673119348],[-149.08006322244165,61.66588687769672],[-149.08002115492013,61.66615439218437],[-149.07945435216627,61.666134536233706],[-149.07937020534706,61.66666956488717],[-149.07880339368947,61.66664970631158],[-149.07876131439153,61.6669172204773],[-149.07819449864118,61.66689735944764],[-149.07815241381383,61.66716487344905],[-149.07758559397072,61.66714500996537],[-149.07754350361378,61.66741252380248],[-149.076976679678,61.66739265786467],[-149.0769345837913,61.66766017153744],[-149.0763677557629,61.667640303145426],[-149.07632565434628,61.66790781665376],[-149.07575882222525,61.667887945807664],[-149.07571671527856,61.66815545915164],[-149.07514987906492,61.66813558585121],[-149.07510776658802,61.66840309903087],[-149.07454092628186,61.66838322327617],[-149.07449880827454,61.66865073629138],[-149.07393196387585,61.668630858082366],[-149.07388984033798,61.66889837093311],[-149.07332299184685,61.66887849026974],[-149.07328086277823,61.66914600295605],[-149.0727140101947,61.66912611983834],[-149.0726718755952,61.66939363236014],[-149.07210501891922,61.66937374678809],[-149.07206287878867,61.66964125914532],[-149.07149601802033,61.66962137111881],[-149.07141172597738,61.67015639551085],[-149.07084485630483,61.670136504858604],[-149.0703389858541,61.67334664971892],[-149.07090591327554,61.67336654242599],[-149.07086375753923,61.673634054712686],[-149.07143069049334,61.673653945307436],[-149.07138853885036,61.67392145777208],[-149.07252241654362,61.673961232453365],[-149.0724802738072,61.674228745267186],[-149.07361416400494,61.674268511156484],[-149.0735720301755,61.674536024319465],[-149.07470593287738,61.67457578141654],[-149.0746638079553,61.67484329492862],[-149.07579772316092,61.67488304323315],[-149.07575560714662,61.67515055709429],[-149.07632257064162,61.67517042799209],[-149.07628045872178,61.67543794203115],[-149.07741439749609,61.675477677317794],[-149.07737229448466,61.675745191705786],[-149.07793926976393,61.675765056094505],[-149.07785507121204,61.67630008523297],[-149.0784220568379,61.676319947680035],[-149.07837996129768,61.67658746243064],[-149.07894695245633,61.67660732276487],[-149.07877858236424,61.677677382519875],[-149.0793455934986,61.67769724125431],[-149.07926141376885,61.67823227151512],[-149.07982843525093,61.67825212830756],[-149.0797863491226,61.67851964361936],[-149.080353376138,61.67853949829869],[-149.0803112941057,61.6788070137884],[-149.08087832665444,61.6788268663548],[-149.08083624871836,61.67909438202236],[-149.08140328680048,61.67911423247575],[-149.0814453599217,61.678846716637246],[-149.08314646403394,61.67890625378033],[-149.08318852199227,61.678638737436096],[-149.08488961812384,61.678698253510575],[-149.08493166091966,61.678430736660665],[-149.09400420565663,61.67874780582092],[-149.09404617069663,61.67848028624777],[-149.09461320602247,61.67850008348539],[-149.0946551655309,61.67823256374872],[-149.09578922870213,61.67827215103104],[-149.09583117786428,61.678004630960515],[-149.09753226354874,61.67806399424249],[-149.09757419755002,61.67779647366775],[-149.09984230256111,61.67787559205258],[-149.09988421658696,61.67760807080357],[-149.10158528841615,61.6776673850991],[-149.1016271872818,61.677399863346366],[-149.1033282511057,61.67745915657515],[-149.1033701348115,61.67719163431885],[-149.10450417130733,61.67723115137765],[-149.1044622972312,61.67749867397427],[-149.1055963462169,61.6775381822372],[-149.10555448105566,61.677805705181086],[-149.10612151143587,61.67782545605659],[-149.10607965037477,61.67809297917753],[-149.1066466862849,61.67811272793898],[-149.10660482932414,61.678380251237066],[-149.10773891291902,61.67841974224784],[-149.10769706487397,61.67868726589305],[-149.1093982100717,61.6787464857884],[-149.10935637575827,61.6790140099507],[-149.11105754183197,61.6790732097985],[-149.1110157212507,61.679340734477584],[-149.1115827828526,61.679360463361824],[-149.11154096637281,61.67962798821794],[-149.11437630917098,61.679726599224914],[-149.11441810157223,61.67945907351958],[-149.11555223405654,61.67949850159322],[-149.1155940161127,61.679230975555484],[-149.11672814181975,61.67927039415269],[-149.11676991353107,61.67900286778272],[-149.1184710929945,61.67906197803779],[-149.11851284954565,61.67879445116582],[-149.1224822595383,61.67893229395982],[-149.12244053669704,61.67919982201878],[-149.12357466988314,61.67923918545531],[-149.1235329559611,61.67950671386042],[-149.12466710162846,61.67954606849873],[-149.12462539662602,61.679813597250046],[-149.1257595547743,61.679852943090026],[-149.12571785869181,61.68012047218737],[-149.12628494365023,61.680140141850345],[-149.12611817146455,61.681210258989104]]]},"id":"globalwatershed","properties":{}}],"bbox":[-149.12628494365023,61.439624257882116,-147.1264495169593,62.228127149797814]}