{"type":"FeatureCollection","features":[{"type":"Feature","geometry":{"type":"Point","coordinates":[-149.6369394614713,61.225005688050196]},"id":"globalwatershedpoint","properties":{}},{"type":"Feature","geometry":{"type":"Polygon","coordinates":[[[-149.63783354041936,61.22463062585826],[-149.63727428255723,61.22461301905226],[-149.63720069708697,61.225148316861926],[-149.63664143046597,61.225130707504455],[-149.63660463211193,61.22539835625849],[-149.6360453614213,61.225380744498146],[-149.63608216446474,61.225113095892986],[-149.63496363432193,61.22507786590835],[-149.63492682189974,61.225345514215746],[-149.6321304839477,61.22525739906628],[-149.6320936474586,61.22552504662757],[-149.63153437703977,61.225507416686966],[-149.63149753524084,61.22577506409792],[-149.6309382607531,61.22575743175433],[-149.63090141364418,61.22602507901493],[-149.63034213508763,61.22600744426832],[-149.63030528266853,61.2262750913786],[-149.62974600004316,61.22625745422892],[-149.62970914231374,61.22652510118882],[-149.6280312840939,61.226472175768805],[-149.62806815589204,61.22620452925634],[-149.6275088757503,61.22618688309092],[-149.62754575161685,61.22591923672632],[-149.62363084084566,61.22579565150276],[-149.6235939321533,61.226063296822694],[-149.62303465698258,61.22604563262584],[-149.6229977429792,61.2263132777951],[-149.6224384637408,61.226295611194956],[-149.6224015444262,61.22656325621356],[-149.62184226112018,61.226545587210126],[-149.62180533649416,61.22681323207805],[-149.61789033794375,61.22668948489791],[-149.61785337986893,61.226957128718475],[-149.61673480507673,61.22692175179672],[-149.61669783700032,61.22718939531688],[-149.6161385458486,61.22717170332546],[-149.6160645984484,61.22770699006275],[-149.6155052985402,61.22768929551825],[-149.61546831921618,61.227956938735325],[-149.61490901524104,61.22793924178727],[-149.61487203060432,61.22820688485333],[-149.61431272256237,61.228189185501584],[-149.6142757326128,61.22845682841679],[-149.61371642050403,61.228439126661485],[-149.61367942524146,61.228706769425635],[-149.61200147858452,61.22865365018624],[-149.61196446862883,61.22892129250005],[-149.60413405945624,61.22867313238784],[-149.60409698321803,61.22894077260239],[-149.60297835394366,61.228905284793406],[-149.60294126770114,61.229172924706624],[-149.60182263154573,61.22913742758127],[-149.60178553529866,61.229405067193056],[-149.60066689226286,61.22936956075143],[-149.60062978601093,61.229637200061774],[-149.60007046074057,61.22961944330977],[-149.6000333491736,61.22988708246856],[-149.59947401983834,61.2298693233123],[-149.5992513091664,61.23147515733631],[-149.59869195231465,61.231457395025025],[-149.59858057446542,61.23226031156875],[-149.5980212041672,61.23224254655269],[-149.59783553845506,61.233580740015555],[-149.59727614532778,61.233562971994004],[-149.59701615421602,61.23543644173755],[-149.59645672887484,61.235418670409814],[-149.59623382679422,61.23702450066915],[-149.59679328028665,61.23704227289858],[-149.5967561324413,61.23730991142132],[-149.59731559125177,61.23732768154643],[-149.59727844747277,61.2375953202182],[-149.59839737635562,61.23763085400511],[-149.5983602413355,61.23789849297622],[-149.59891971140783,61.23791625663804],[-149.5988825804545,61.238183895758254],[-149.5994420558449,61.2382016573155],[-149.59933067330894,61.23900457511986],[-149.59877118384068,61.238986813111886],[-149.59873405038476,61.239254452227534],[-149.5981745568494,61.23923668781452],[-149.59784028535012,61.24164543845319],[-149.59839982112388,61.2416632042185],[-149.598288400106,61.24246612152931],[-149.59772885025134,61.24244835531323],[-149.59769170396652,61.242715994264486],[-149.5965725967477,61.242680454766734],[-149.59653544044926,61.24294809341634],[-149.59597588308517,61.2429303201346],[-149.5959387214667,61.24319795863282],[-149.59426003905048,61.243144624806696],[-149.59422286272397,61.243412262852694],[-149.59142504775798,61.24332332729033],[-149.5914622475539,61.24305568999661],[-149.5903431353427,61.24302010028772],[-149.59038034389923,61.24275246329403],[-149.58982079342783,61.24273466520765],[-149.58985800605097,61.242467028363365],[-149.58929846090032,61.24244922817258],[-149.58937289365244,61.241913954782035],[-149.5888133585159,61.24189615263749],[-149.58885057864467,61.241628516091176],[-149.58829104882864,61.241610711842306],[-149.5883282730235,61.24134307544549],[-149.58776874852802,61.24132526909232],[-149.58780597678884,61.24105763284503],[-149.58724645761382,61.24103982438772],[-149.58728368994042,61.240772188289824],[-149.58616466285872,61.240736564912126],[-149.58620190394393,61.240468929114336],[-149.58564239603731,61.24045111419404],[-149.5856796411879,61.240183478545795],[-149.5851201386017,61.24016566152139],[-149.58515738781753,61.23989802602272],[-149.58459789055178,61.239880206894206],[-149.58463514383266,61.2396125715451],[-149.58407565188728,61.23959475031265],[-149.58415016595117,61.23905947991226],[-149.57855537488683,61.23888114659621],[-149.5785180712444,61.239148780288744],[-149.57739911118657,61.239113086268155],[-149.57736179753076,61.23938071965753],[-149.57680231375244,61.23936286911419],[-149.57676499477546,61.23963050235151],[-149.57620550693346,61.23961264940259],[-149.57616818263514,61.23988028248761],[-149.5756086907295,61.23986242713307],[-149.57557136110967,61.240130060065844],[-149.57501186514045,61.240112202305546],[-149.57497453019894,61.24037983508614],[-149.57441503016614,61.24036197492004],[-149.57434034901038,61.240897240175535],[-149.57378084022125,61.24087937745255],[-149.5737061471629,61.241414642400954],[-149.57314662961724,61.24139677712109],[-149.57310927745112,61.24166440944246],[-149.57254975584186,61.241646541756644],[-149.57247504023516,61.2421818060935],[-149.5719155098692,61.242163935850655],[-149.57184078235795,61.242699199880526],[-149.57128124323512,61.24268132708043],[-149.57124387384175,61.242948958942435],[-149.5673270847648,61.2428237851472],[-149.5673644870112,61.24255615434394],[-149.56568588665306,61.24250247506293],[-149.565648470327,61.24277010541202],[-149.56452939718756,61.24273430764778],[-149.56449197084456,61.24300193769295],[-149.56393243052753,61.24298403527706],[-149.5638201336343,61.243786924951195],[-149.56326057986792,61.243769019826104],[-149.56311082307116,61.24483953876933],[-149.56255125116118,61.244821630783406],[-149.5624763595895,61.245356889945114],[-149.5619167789229,61.24533897940121],[-149.56184187543903,61.245874238255325],[-149.56128228601557,61.24585632515329],[-149.5612448286328,61.246123954427105],[-149.5606852351465,61.24610603891854],[-149.5606477724383,61.246373668039624],[-149.5600881748892,61.24635575012443],[-149.56005070685544,61.24662337909277],[-149.55949110524352,61.24660545877096],[-149.55945363188405,61.24687308758664],[-149.55889402620937,61.24685516485798],[-149.55885654752404,61.247122793520866],[-149.557737328681,61.24708694099509],[-149.5576998399752,61.24735456935354],[-149.55714022680692,61.2473366395563],[-149.55710273277487,61.24760426776199],[-149.55654311554403,61.247586335557884],[-149.55650561618555,61.24785396361066],[-149.55594599489223,61.24783602899975],[-149.55590849020717,61.24810365689973],[-149.55534886485134,61.24808571988183],[-149.55531135483955,61.24835334762903],[-149.55475172542123,61.24833540820407],[-149.55471421008255,61.24860303579838],[-149.5541545766018,61.24858509396656],[-149.55411705593608,61.248852721407864],[-149.55355741839293,61.24883477716907],[-149.55351989240003,61.249102404457446],[-149.5529602507945,61.2490844578116],[-149.55292271947425,61.249352084947084],[-149.5523630738064,61.24933413589402],[-149.5523255371586,61.249601762876495],[-149.55176588742845,61.24958381141643],[-149.55161571573004,61.250654318728024],[-149.55217538424077,61.2506722707958],[-149.5521003039856,61.25120752474898],[-149.55265998251983,61.25122547486511],[-149.55262244613863,61.251493101992],[-149.55318213000103,61.25151105000458],[-149.55295692660172,61.25311681365553],[-149.55239721456454,61.25309886473168],[-149.5523221323111,61.25363411897011],[-149.55176241151452,61.253616167486946],[-149.55172486474237,61.25388379445277],[-149.5511651398825,61.25386584056211],[-149.5510900350468,61.25440109418684],[-149.55053030142733,61.25438313773675],[-149.55049274336355,61.25465076439567],[-149.54993300568074,61.254632805537966],[-149.54989544228738,61.25490043204393],[-149.54933570054132,61.254882470778654],[-149.5492605624618,61.25541772348369],[-149.54870081195588,61.25539975965859],[-149.54862566194964,61.255935012055794],[-149.54806590268373,61.255917045670955],[-149.54802832203364,61.25618467171602],[-149.54746855870442,61.25616670292344],[-149.54739338610986,61.25670195470662],[-149.54683361402041,61.25668398335416],[-149.54675842949717,61.257219234829364],[-149.54619864864736,61.25720126091686],[-149.54616105073796,61.25746888650094],[-149.5456012658248,61.257450910180516],[-149.54556366258436,61.25771853561148],[-149.5450038736079,61.25770055688319],[-149.5449662650362,61.257968182161015],[-149.54440647199647,61.25795020102466],[-149.5443688580934,61.25821782614944],[-149.54380906099044,61.25819984260504],[-149.54377144175587,61.258467467576665],[-149.54265184005786,61.25843149341592],[-149.54261421079408,61.25869911808216],[-149.5414946022387,61.258663134593455],[-149.54145696294552,61.25893075895416],[-149.54089715492208,61.25891276367365],[-149.54085951029677,61.259180387881194],[-149.53862026576022,61.25910838359104],[-149.53858260170978,61.25937600718817],[-149.53634334854254,61.25930396619415],[-149.53638103138314,61.2590363432069],[-149.53470161227057,61.2589822892321],[-149.53473930856813,61.258714666701316],[-149.5330599092673,61.2586605928815],[-149.53309761902122,61.25839297080747],[-149.52693992222186,61.258194528116746],[-149.526902160799,61.258462148511185],[-149.52634236930177,61.25844409457905],[-149.52630460254522,61.25871171481969],[-149.52518501206657,61.25867559988262],[-149.5251472352789,61.258943219816565],[-149.52458743629762,61.25892515881147],[-149.52454965417581,61.25919277859155],[-149.52287024696233,61.25913858158266],[-149.5228324501116,61.259406200902994],[-149.52059323062576,61.25933390603115],[-149.5205554143485,61.259601524738656],[-149.5166367719155,61.25947492079268],[-149.5165610716853,61.26001015606138],[-149.5160012587806,61.25999206045378],[-149.51592554660297,61.260527295412174],[-149.51480590391856,61.260491096816644],[-149.5147680374773,61.26075871398796],[-149.51364838795143,61.26072250606247],[-149.5136105114766,61.2609901229263],[-149.5096917253724,61.260863323053734],[-149.50965381537577,61.2611309388432],[-149.50853415855912,61.2610946896985],[-149.50849623852812,61.261362305180036],[-149.50793640638113,61.26134417707044],[-149.50789848101317,61.26161179239761],[-149.50733864480793,61.26159366187853],[-149.50730071410283,61.26186127705123],[-149.50618103421553,61.26182500893847],[-149.50562119523136,61.26180687149815],[-149.5060006144272,61.25913072432984],[-149.5054408230558,61.259112586168996],[-149.50551670861307,61.25857735702966],[-149.5060764905908,61.25859549488348],[-149.50619030003963,61.25779265070569],[-149.50563053215183,61.2577745133124],[-149.505706411313,61.25723928416198],[-149.50514665345764,61.25722114482005],[-149.50529842289035,61.25615068711974],[-149.50473868445926,61.256132546136435],[-149.50481457473003,61.25559731758638],[-149.50425484633044,61.25557917465453],[-149.5046722487405,61.2526354192336],[-149.50523192549053,61.252653560476695],[-149.50553540471816,61.25051264612171],[-149.50609504455016,61.25053078388171],[-149.50624675004332,61.24946032605992],[-149.50568712898817,61.249442188913626],[-149.5058767699429,61.248104117374076],[-149.5053171729962,61.2480859787401],[-149.5053551039632,61.24781836458158],[-149.5036763310396,61.24776393561051],[-149.5037142754479,61.24749632191113],[-149.50259510608288,61.247460024962855],[-149.50263305923852,61.247192411569195],[-149.50039474695762,61.24711979122841],[-149.50043271824666,61.24685217844776],[-149.49931357533168,61.246815855055445],[-149.4993515553671,61.246548242580644],[-149.49823242439845,61.246511910476485],[-149.49827041317988,61.24624429830757],[-149.4971512941579,61.246207957491634],[-149.49718929168495,61.245940345628696],[-149.49662973782728,61.24592217199228],[-149.49666773940686,61.24565456028174],[-149.49610819088235,61.24563638454428],[-149.49614619651427,61.245368772986026],[-149.4955866533229,61.24535059514768],[-149.49566267205063,61.24481537233431],[-149.49510313888487,61.244797192548766],[-149.4951791644355,61.24426197003708],[-149.49461964129506,61.24424378830447],[-149.49469567366813,61.2437085660944],[-149.4941361605527,61.24369038241481],[-149.49417418047048,61.24342277146139],[-149.49361467268778,61.243404585681],[-149.49369071998538,61.24286936407722],[-149.49313122222728,61.242851176349994],[-149.49316924960686,61.24258356569963],[-149.49260975718133,61.242565375871706],[-149.49268581940177,61.2420301548742],[-149.49212633700037,61.24201196309947],[-149.49224043959967,61.24120913205311],[-149.49168097191355,61.24119093848555],[-149.49175704649156,61.24065571808796],[-149.4911975888288,61.24063752257379],[-149.49138778751404,61.23929947232126],[-149.49082835394708,61.23928127532231],[-149.49086639645222,61.23901366542081],[-149.49030696821688,61.23899546632152],[-149.4904211059586,61.23819263706909],[-149.48986169243585,61.238174436177246],[-149.49001388587942,61.237103997766695],[-149.4894544917587,61.23708579523641],[-149.4894925432072,61.236818185783484],[-149.48893315441757,61.23679998115308],[-149.4890092647714,61.236264762550206],[-149.48844988600266,61.236246555973565],[-149.48848794490775,61.23597894682348],[-149.48792857146995,61.23596073814683],[-149.48796663442357,61.23569312914898],[-149.48740726631667,61.235674918372254],[-149.4874453333187,61.2354073095267],[-149.48688597054263,61.23538909665009],[-149.48692404159294,61.23512148795678],[-149.4858053273438,61.23508505574968],[-149.4858434071316,61.23481744736272],[-149.48528405565855,61.23479922803226],[-149.4853221394942,61.23453161979754],[-149.484762793352,61.23451339836726],[-149.48483896847708,61.23397818220079],[-149.48427963235477,61.2339599588248],[-149.48431772364398,61.233692350892966],[-149.4837583928523,61.23367412541724],[-149.4838345828837,61.23313890985643],[-149.4832752621115,61.23312068243507],[-149.48331336085346,61.232853074806066],[-149.48275404541175,61.23283484528503],[-149.48279214820062,61.232567237808425],[-149.48223283808937,61.2325490061877],[-149.48227094492503,61.23228139886339],[-149.48171164014423,61.23226316514314],[-149.4817878612669,61.231727950797314],[-149.48122856650485,61.2317097151317],[-149.48126668079163,61.231442108110144],[-149.48070739135989,61.231423870345075],[-149.48078362738391,61.230888656604826],[-149.4802243479705,61.23087041689449],[-149.48026246970755,61.23060281017583],[-149.47914392218314,61.23056632430276],[-149.47918205265395,61.230298717890605],[-149.47862278454298,61.23028047172797],[-149.47866091905942,61.23001286546814],[-149.47754239414002,61.22997636669074],[-149.47758053738968,61.22970876073759],[-149.47590276889207,61.22965399613301],[-149.47594092556216,61.229386390640904],[-149.47258543404584,61.22927680151374],[-149.47262361819807,61.22900919694601],[-149.47150513554473,61.22897264951822],[-149.4715433284285,61.22870504525753],[-149.47098409275398,61.22868676831801],[-149.47102228968174,61.228419164209775],[-149.4704630593377,61.22840088517139],[-149.47050126030933,61.22813328121572],[-149.46938281092562,61.22809671668778],[-149.46942102062792,61.22782911303926],[-149.4688618015883,61.22781082754975],[-149.46924391008778,61.22513479249964],[-149.46868473855722,61.22511650630245],[-149.46887579210807,61.22377848947359],[-149.46943494020877,61.22379677489807],[-149.469702355359,61.22192355016847],[-149.46914324005672,61.221905265825555],[-149.4692578509565,61.22110245565897],[-149.4686987503528,61.221084169526755],[-149.46881336951793,61.22028135980437],[-149.46825428361205,61.22026307188292],[-149.4685217386082,61.21838985020295],[-149.46796268613667,61.21837156111042],[-149.46823014240152,61.2164983404037],[-149.46767112336036,61.2164800501404],[-149.46770933350882,61.21621244732782],[-149.46659130672353,61.21617586035254],[-149.46662952559564,61.21590825784678],[-149.4660705178515,61.215889961135],[-149.46610874076356,61.21562235878163],[-149.46554973834623,61.215604059971895],[-149.46558796529806,61.21533645777084],[-149.46502896820752,61.21531815686325],[-149.465067199199,61.215050554814496],[-149.4645082074352,61.215032251809106],[-149.46454644246617,61.21476464991265],[-149.4639874560291,61.21474634480957],[-149.46402569509937,61.21447874306533],[-149.463466713989,61.214460435864545],[-149.46350495709842,61.21419283427266],[-149.46294598131468,61.21417452497415],[-149.46298422846314,61.21390692353472],[-149.46242525800602,61.213888612138526],[-149.46246350919336,61.213621010851305],[-149.4619045440628,61.21360269735756],[-149.46194279928883,61.2133350962227],[-149.46138383948485,61.213316780631324],[-149.4614220987494,61.21304917964886],[-149.46086314427194,61.21303086196001],[-149.46090140757488,61.21276326112993],[-149.46034245842392,61.212744941343544],[-149.46038072576508,61.212477340665835],[-149.45982178194058,61.21245901878198],[-149.45986005331983,61.2121914182566],[-149.45930111482173,61.21217309427533],[-149.4593393902389,61.21190549390239],[-149.4587804570672,61.21188716782374],[-149.45881873652215,61.21161956760314],[-149.4582598086768,61.211601239427175],[-149.45829809216934,61.21133363935898],[-149.45773916965032,61.21131530908566],[-149.45781574406587,61.21078010925164],[-149.45669791968842,61.21074344256814],[-149.4567745102527,61.21020824334375],[-149.45621560839402,61.210189906933714],[-149.45629220574295,61.20965470800917],[-149.45573331389176,61.209636369656835],[-149.4558099180248,61.209101171032195],[-149.4552510361808,61.20908283073767],[-149.45532764709742,61.2085476324128],[-149.45420990406797,61.20851094568776],[-149.45424821792113,61.208243346831395],[-149.45313048683295,61.20820665140857],[-149.45316880940297,61.20793905285962],[-149.45260994950715,61.20792070192535],[-149.4526866020737,61.207385505129935],[-149.45212775218428,61.20736715225391],[-149.45228106829904,61.20629675925224],[-149.4517222377765,61.206278404744346],[-149.45176056987282,61.20601080664255],[-149.45231939571514,61.20602916099545],[-149.45243437409326,61.20522636620955],[-149.45299318654028,61.20524471784578],[-149.4531847808724,61.2039067257091],[-149.4526259918243,61.20388837484771],[-149.4526643134358,61.20362077656746],[-149.45210552971213,61.20360242360938],[-149.45222050471557,61.20279962921786],[-149.45166173567497,61.2027812744732],[-149.45173839181106,61.20224607850887],[-149.45117963277374,61.20222772182269],[-149.4512179645534,61.20196012399158],[-149.45065921084014,61.20194176520895],[-149.45069754665374,61.20167416753011],[-149.44846255696797,61.20160071050601],[-149.4485009108518,61.20133311344463],[-149.4473834292384,61.201296371734536],[-149.4474217918343,61.2010287749807],[-149.44686305667454,61.20101040090373],[-149.44690142330347,61.20074280430234],[-149.4463426934679,61.20072442812914],[-149.44638106412975,61.20045683168009],[-149.4458223396183,61.20043845341092],[-149.44586071431297,61.200170857114244],[-149.4453019951256,61.200152476748926],[-149.4453403738529,61.19988488060471],[-149.4447816599896,61.19986649814329],[-149.44482004274934,61.19959890215151],[-149.4442613342101,61.19958051759401],[-149.44429972100215,61.199312921754704],[-149.4437410177869,61.19929453510131],[-149.44377940861114,61.199026939414495],[-149.44322071071983,61.19900855066507],[-149.44325910557606,61.19874095513064],[-149.4421417210874,61.19870417118889],[-149.4421801246533,61.19843657596218],[-149.4410627521049,61.19839978332645],[-149.4411011643801,61.19813218840758],[-149.43998380377224,61.198095387077956],[-149.4400222247564,61.197827792466974],[-149.43946355009967,61.19780938858088],[-149.43950197511492,61.197541794122415],[-149.4389433057822,61.19752338814066],[-149.43898173482836,61.1972557938347],[-149.4384230708196,61.197237385757305],[-149.43846150389658,61.19696979160391],[-149.43734418717355,61.19693296900689],[-149.43738262895835,61.19666537516143],[-149.43682397624414,61.19664696064191],[-149.4368624220593,61.19637936694896],[-149.43630377466903,61.196360950333954],[-149.43638067371293,61.195825763250454],[-149.43582203632346,61.195807344695346],[-149.435860489552,61.19553975130486],[-149.4353018574863,61.19552133065429],[-149.43534031474468,61.195253737416344],[-149.4347816880027,61.1952353146704],[-149.43482014929074,61.194967721584995],[-149.43426152787248,61.19494929674379],[-149.43429999319008,61.19468170381097],[-149.43374137709546,61.19466327687434],[-149.43381831514225,61.19412809131105],[-149.43325970904766,61.19410966243482],[-149.433375125293,61.19330688453431],[-149.4339337173589,61.19332531294399],[-149.43412604144504,61.19198734893955],[-149.43356747275868,61.191968921307556],[-149.4336059403105,61.191701328653195],[-149.43416450432116,61.19171975612969],[-149.4343568089972,61.19038179203547],[-149.43379826836374,61.19036336533651],[-149.43383673203337,61.19009577266402],[-149.4343952679916,61.190114199207535],[-149.43458755326049,61.18877623502236],[-149.43402904067713,61.188757809256394],[-149.4344905154429,61.18554669676369],[-149.43393205959805,61.18552827061307],[-149.4339705162984,61.18526067804058],[-149.43341206577406,61.185242249795216],[-149.43345052650136,61.18497465737511],[-149.4323336367407,61.18493779444511],[-149.43237210616837,61.18467020233273],[-149.43181366693204,61.18465176764812],[-149.43189061319342,61.184116583724986],[-149.431332183951,61.184098147101295],[-149.4313706607845,61.18383055529054],[-149.4308122368625,61.18381211657233],[-149.43085071772217,61.18354452491385],[-149.42973388116604,61.183507641038666],[-149.4297723707248,61.18324004968822],[-149.42921395809074,61.1832216045312],[-149.4292524516753,61.182954013333124],[-149.42869404436158,61.18293556608171],[-149.4287325419717,61.18266797503603],[-149.4276157386324,61.18263107409482],[-149.4276542449408,61.18236348335709],[-149.42709584891523,61.18234502966725],[-149.4271343592488,61.18207743908206],[-149.42657596854357,61.18205898329798],[-149.4266144829022,61.18179139286522],[-149.42549771278001,61.18175447485875],[-149.42553623583603,61.181486884734156],[-149.42497785641913,61.18146842251184],[-149.42501638349978,61.18120083253973],[-149.42110777843263,61.181071535079255],[-149.42114633757146,61.18080394619455],[-149.41947124485515,61.18074849971779],[-149.41950981736193,61.1804809112975],[-149.41895145909237,61.18046242479505],[-149.41899003562258,61.18019483652729],[-149.4184316826737,61.18017634793109],[-149.4184702632272,61.179908759815895],[-149.41791191559895,61.17989026912591],[-149.41795050017552,61.17962268116352],[-149.4173921578679,61.17960418837976],[-149.4174307464674,61.17933660056985],[-149.41687240948036,61.17931810569255],[-149.4169110021027,61.17905051803532],[-149.4163526704362,61.1790320210642],[-149.4163912670811,61.178764433559685],[-149.41527461503821,61.178727433180875],[-149.41531322037704,61.17845984598496],[-149.41475490000067,61.17844134257723],[-149.4148321180737,61.177906168487496],[-149.41427380768903,61.17788766314221],[-149.41435103250768,61.17735248935101],[-149.41379273211447,61.17733398206852],[-149.413831348221,61.17706639532375],[-149.41327305314806,61.17704788594787],[-149.41335029275504,61.17651271276042],[-149.41279200767315,61.176494201447305],[-149.41286925402432,61.1759590285582],[-149.41231097893314,61.175940515307964],[-149.41234960580522,61.17567292901436],[-149.40955826344484,61.175580329803246],[-149.4095969130197,61.17531274428715],[-149.40848038996432,61.17527568916965],[-149.40851904822998,61.17500810396252],[-149.40796079234747,61.174989573186096],[-149.4080381162693,61.17445440307378],[-149.40747987037705,61.174435870360675],[-149.40755720103897,61.17390070054686],[-149.4069989651367,61.17388216589703],[-149.4070763025382,61.17334699638177],[-149.40651807662562,61.17332845979535],[-149.40655674902092,61.173060875188604],[-149.4059985284281,61.17304233650938],[-149.40607588060755,61.172507167598035],[-149.405517670004,61.1724886269823],[-149.4055950289215,61.171953458369224],[-149.4050368283069,61.1719349158171],[-149.40507551145956,61.171667331661574],[-149.4045173161645,61.17164878701677],[-149.40459468985725,61.17111361900753],[-149.40403650455067,61.17109507242649],[-149.40407519509054,61.17082748857279],[-149.40351701510335,61.170808939899125],[-149.4035557096617,61.1705413561983],[-149.4029975349938,61.170522805431936],[-149.40303623357053,61.17025522188392],[-149.4019198955239,61.17021811391732],[-149.4019586027875,61.16995053067843],[-149.40140043940877,61.16993197347828],[-149.4014391506903,61.16966439039218],[-149.40088099263085,61.169645831099494],[-149.40095842257873,61.169110665229375],[-149.40040027450692,61.16909210400087],[-149.4005164285529,61.16828935563744],[-149.39995829513657,61.168270792629556],[-149.4003454796691,61.165594966074764],[-149.39978739358065,61.16557640238309],[-149.4002519851325,61.162365411897355],[-149.39969395569673,61.162346847835096],[-149.40000366867915,61.16020618845614],[-149.3994456772223,61.16018762339728],[-149.39956182285357,61.15938487653553],[-149.3990038460441,61.15936630969786],[-149.399081282543,61.1588311454167],[-149.39852331571495,61.158812576643925],[-149.3988330730082,61.15667192061338],[-149.39827514415063,61.15665335084445],[-149.39835258629742,61.15611818711008],[-149.3977946674196,61.15609961540614],[-149.39794956256375,61.15502928851538],[-149.39739166299387,61.15501071518956],[-149.3974691159905,61.15447555203311],[-149.39691122639942,61.15445697677249],[-149.39702741500628,61.1536542324769],[-149.39646954005752,61.15363565543807],[-149.39658573679927,61.15283291157551],[-149.3960278764921,61.15281433275856],[-149.3960666121014,61.15254675161941],[-149.39495090276634,61.15250958755549],[-149.3949896470516,61.152242006725395],[-149.39331610192093,61.15218624424196],[-149.393354859545,61.15191866387765],[-149.3927970171335,61.151900072044555],[-149.39283577876958,61.15163249183267],[-149.39227794167238,61.15161389790865],[-149.39235547231704,61.151078737785774],[-149.39179764519704,61.151060141927516],[-149.39183641420541,61.15079256201655],[-149.39016295074194,61.1507367614267],[-149.39020173308728,61.150469181981656],[-149.3896439178984,61.150450577446776],[-149.38972148995987,61.14991541885766],[-149.38916368474776,61.149896812388725],[-149.38920247446364,61.14962923324467],[-149.3886446745656,61.149610624685124],[-149.38868346829224,61.149343045693605],[-149.387567879776,61.14930582214583],[-149.38760668217552,61.14903824346365],[-149.38704889355733,61.14901962847551],[-149.38708769996725,61.148752049945884],[-149.38597213401087,61.148714813541176],[-149.38601094909305,61.14844723532109],[-149.3854531717549,61.14842861390458],[-149.38549199084704,61.148161035837056],[-149.3849342188229,61.14814241233012],[-149.3849730419249,61.14787483441523],[-149.38441527521476,61.14785620881791],[-149.38445410232637,61.14758863105561],[-149.38389634093022,61.14757000336796],[-149.38393517205134,61.14730242575837],[-149.3833774159691,61.147283795980364],[-149.38333858018632,61.14755137343297],[-149.38278082009475,61.147532741250735],[-149.38281966053918,61.147265163955026],[-149.38114639816413,61.14720925439594],[-149.38118525194085,61.14694167756685],[-149.38062750378248,61.146923036709765],[-149.380666361568,61.146655460033436],[-149.38010861872374,61.1466368170861],[-149.3801474805179,61.1463692405626],[-149.37958974298778,61.14635059552511],[-149.37962860879043,61.14608301915425],[-149.3785131450111,61.14604572265215],[-149.37855201948327,61.14577814659118],[-149.37687884269488,61.14572218545596],[-149.37691773049718,61.14545460986202],[-149.37636001086827,61.145435951813226],[-149.376321118405,61.14570352725015],[-149.3729747863866,61.14559153082619],[-149.372935865304,61.145859105315395],[-149.37237814092754,61.14584043122271],[-149.3724170666711,61.1455728568907],[-149.37130162920147,61.145535502278825],[-149.37134056361293,61.14526792825712],[-149.37078285051984,61.145249247737965],[-149.37082178893814,61.14498167386918],[-149.37026408115977,61.144962991260336],[-149.37030302358474,61.14469541754461],[-149.3697453211211,61.144676732846115],[-149.36978426755255,61.144409159283214],[-149.36922657040358,61.14439047249521],[-149.36930447062505,61.143855325671076],[-149.36818909693136,61.143817945983706],[-149.3682280553814,61.143550372879815],[-149.3671126936255,61.14351298451957],[-149.36715166074163,61.14324541172622],[-149.36603631092376,61.143208014693435],[-149.3660752867056,61.1429404422105],[-149.3649599488262,61.14290303650533],[-149.36499893327334,61.14263546433302],[-149.3622106233334,61.14254191153838],[-149.36217161558676,61.14280948292292],[-149.36161395090392,61.14279076546593],[-149.36157493784222,61.14305833668841],[-149.36101726915464,61.14303961682695],[-149.36097825077775,61.143307187887274],[-149.3604205780855,61.14328846562133],[-149.36038155439326,61.14355603651943],[-149.35982387769633,61.14353731184903],[-149.3597848486886,61.143804882584995],[-149.35922716798706,61.14378615550997],[-149.35918813366368,61.14405372608375],[-149.35863044895757,61.14403499660411],[-149.35859140931834,61.14430256701568],[-149.35691834515367,61.14424636462233],[-149.3569573987735,61.14397879468414],[-149.3563997166905,61.14396005621704],[-149.3564387743145,61.14369248643211],[-149.35588109754755,61.143673745876086],[-149.3559201591756,61.14340617624447],[-149.35536248772468,61.14338743359941],[-149.35540155335661,61.14311986412122],[-149.35484388722168,61.143101119387104],[-149.35492202583686,61.14256598073284],[-149.35213375160313,61.14247222493982],[-149.3521728432245,61.14220465639547],[-149.34603874895095,61.141998197676934],[-149.34607789116916,61.14173063086667],[-149.34384734978534,61.1416554882012],[-149.343886509983,61.1413879220191],[-149.34221362482748,61.14133154190505],[-149.3422527983447,61.141063976193124],[-149.33946469287184,61.14096996519582],[-149.33950388902582,61.14070240027094],[-149.3383886607614,61.14066478046271],[-149.33834945528974,61.140932345070844],[-149.33667660385464,61.14087589803412],[-149.33663738374796,61.14114346216231],[-149.3355221434331,61.14110581925471],[-149.33548291334992,61.14137338306129],[-149.33436766635245,61.14133573085041],[-149.33432842629253,61.14160329433526],[-149.33377079912324,61.14158446470138],[-149.3337315537453,61.14185202802306],[-149.33261629206595,61.1418143616984],[-149.3325770367108,61.14208192469818],[-149.33201940220087,61.142063088007326],[-149.33198014152737,61.1423306508439],[-149.33030722797648,61.14227412681565],[-149.33026795266613,61.14254168917156],[-149.32859503107395,61.14248514444767],[-149.32863432036166,61.1422175825679],[-149.32807668580958,61.142198729992096],[-149.3281159790965,61.141931168266446],[-149.32644309337667,61.14187459753574],[-149.32648239998045,61.141607036281805],[-149.3259247773861,61.14158817503723],[-149.3259640879886,61.141320613937474],[-149.3254064707132,61.141301750605194],[-149.32544578531426,61.141034189659585],[-149.3243305620615,61.14099645657315],[-149.32436988531956,61.14072889594063],[-149.3226970693689,61.14067227993904],[-149.32273640594204,61.14040471977847],[-149.31883322445597,61.14027253826142],[-149.31887259297676,61.14000497920912],[-149.31775741353158,61.139967193161674],[-149.3177180356943,61.14023475189577],[-149.31660284957763,61.140196956544465],[-149.3165634617625,61.14046451495564],[-149.31600586503797,61.14044561375118],[-149.31596647190312,61.140713171998414],[-149.31373607298752,61.140637544079816],[-149.31369666055767,61.140905101685505],[-149.3131390578248,61.140886188930516],[-149.31309964007468,61.14115374637213],[-149.31254203334535,61.141134831211446],[-149.31250261027483,61.14140238848906],[-149.31194499954904,61.141383470922584],[-149.31190557115795,61.14165102803616],[-149.31134795643575,61.141632108063945],[-149.31130852272398,61.14189966501349],[-149.3096356685552,61.141842891139724],[-149.3095962202053,61.14211044760652],[-149.30903859881522,61.1420915183295],[-149.30907805182375,61.141823962022215],[-149.30796282034845,61.14178609704767],[-149.30800228201142,61.14151854105449],[-149.30744467192625,61.14149960535694],[-149.30748413758494,61.14123204951835],[-149.30636892871962,61.14119417170286],[-149.3064084030322,61.14092661617849],[-149.3058508042521,61.140907674060564],[-149.30589028255997,61.140640118690925],[-149.30533268910096,61.140621174486185],[-149.30537217140406,61.140353619271295],[-149.30425699579126,61.140315724441635],[-149.30433597704032,61.139780614635484],[-149.30322082271178,61.139742711458695],[-149.30326032165726,61.13947515686749],[-149.3027027501456,61.13945620206919],[-149.30274225308557,61.13918864763281],[-149.30218468689495,61.13916969074785],[-149.3022241938292,61.138902136466214],[-149.30166663295955,61.138883177494684],[-149.30170614388794,61.138615623367784],[-149.30114858833923,61.13859666230966],[-149.30122761752054,61.13806155436053],[-149.30067007195007,61.13804259137549],[-149.30070959020276,61.13777503755329],[-149.30015204995308,61.13775607248168],[-149.3001915721994,61.137488518814244],[-149.29907650300515,61.13745058225193],[-149.29915556413513,61.13691547554124],[-149.29859803984758,61.13689650421032],[-149.29867710763634,61.13636139779937],[-149.29811959332622,61.13634242454175],[-149.29827773956524,61.135272212299526],[-149.29772024454522,61.13525323743488],[-149.2977993229947,61.13471813160344],[-149.2972418379512,61.134699154812374],[-149.2974790853049,61.13309383815702],[-149.29803654241235,61.133112813989634],[-149.29819467541634,61.13204260214693],[-149.29875211456493,61.132061575094994],[-149.29879164150134,61.131794021962094],[-149.2982342070082,61.131775049173754],[-149.29843185501335,61.130437284231846],[-149.29787444445984,61.13041830999637],[-149.29791397672514,61.1301507571524],[-149.29512695718796,61.13005585308941],[-149.29516651206387,61.12978830103916],[-149.29126474518478,61.12965534215524],[-149.29130433197935,61.12938779121899],[-149.2879600142111,61.12927373984487],[-149.28799962826804,61.12900618986334],[-149.28409798704268,61.12887302887736],[-149.28405834040515,61.129140577738276],[-149.28350096109426,61.129121545598224],[-149.2834613091369,61.12938909429374],[-149.28290392583722,61.129370059748126],[-149.2828642685598,61.129637608278266],[-149.28174949464875,61.12959953213001],[-149.28170982739664,61.12986708033455],[-149.28115243678536,61.12984803873198],[-149.28111276421285,61.130115586771055],[-149.280555369613,61.13009654276267],[-149.28051569171993,61.13036409063632],[-149.27995829313153,61.130345044222054],[-149.27991860991776,61.130612591930266],[-149.27936120734083,61.13059354311017],[-149.27932151880617,61.13086109065296],[-149.27876411224076,61.13084203942693],[-149.27872441838508,61.13110958680416],[-149.27816700783123,61.131090533172234],[-149.27804790830132,61.13189317479192],[-149.27749048444915,61.13187411843322],[-149.27745077861786,61.132141665469106],[-149.2768933507772,61.13212260670443],[-149.27693306126352,61.13185505982893],[-149.2713588660839,61.13166435027683],[-149.27131910904808,61.13193189554712],[-149.26908943103948,61.131855548206886],[-149.26904965471655,61.132123092829396],[-149.26849223222862,61.13210400021975],[-149.26845245058306,61.13237154467636],[-149.267895024108,61.13235244966033],[-149.26781544950325,61.132887538236524],[-149.26725801438604,61.13286844065342],[-149.26717842779917,61.133403528887555],[-149.26494865677012,61.13332711481197],[-149.2649088438536,61.133594658278106],[-149.2626790648975,61.13351820762822],[-149.26275872730346,61.13298312197784],[-149.26220129354616,61.132964004022924],[-149.26224112840117,61.132696461350896],[-149.2616836999676,61.13267734131141],[-149.26172353880875,61.13240979879501],[-149.26116611569887,61.13239067667078],[-149.2612059585261,61.13212313431022],[-149.26064854073985,61.13210401010146],[-149.26068838755293,61.13183646789658],[-149.25845874171642,61.13175994924975],[-149.258498606479,61.1314924076837],[-149.25571158751362,61.13139670965607],[-149.25575147487922,61.13112916889027],[-149.25463668128828,61.13109087428311],[-149.25467657729294,61.130823333834286],[-149.25300440589234,61.13076587556604],[-149.25304431518987,61.130498335595604],[-149.2519295469139,61.130460019178685],[-149.2518896283081,61.13072755882663],[-149.2507748534042,61.13068923310559],[-149.25073492481994,61.13095677242572],[-149.24962014328867,61.1309184374004],[-149.24958020472567,61.13118597639252],[-149.24790802349446,61.13112845652964],[-149.24786807029827,61.131395995032406],[-149.24619588114027,61.13133845447633],[-149.2461559133105,61.13160599248949],[-149.2450411145844,61.13156762056853],[-149.24500113677507,61.131835158253516],[-149.2444437337643,61.13181596876337],[-149.24440375062952,61.132083506281504],[-149.24328893731283,61.132045120241706],[-149.243248944198,61.13231265743145],[-149.2426915338922,61.13229346088176],[-149.24265153545156,61.13256099790464],[-149.23986447072352,61.13246498066562],[-149.23990449243635,61.132197444450874],[-149.23488786014707,61.13202447341092],[-149.2348477965454,61.132292008169784],[-149.234290391665,61.132272777776244],[-149.23425032273653,61.13254031236791],[-149.23369291387448,61.13252107956708],[-149.23365283961897,61.13278861399152],[-149.23253801460436,61.13275014132964],[-149.23249793036732,61.133017675424966],[-149.23082568392903,61.132959949105086],[-149.2307855850557,61.13322748270916],[-149.22967074815355,61.13318898694444],[-149.22963063929814,61.13345652021925],[-149.22851579578023,61.13341801514856],[-149.2284756769424,61.1336855480938],[-149.2273608268094,61.133647033716905],[-149.22732069798892,61.13391456633274],[-149.2267632692783,61.13389530561382],[-149.22680340275332,61.133627773160086],[-149.22624597937093,61.13360851035787],[-149.22632625360868,61.13307344575866],[-149.22576884020893,61.133054181035206],[-149.22580898097144,61.132786648889706],[-149.22525157289977,61.132767382082974],[-149.22529171764265,61.13249985009428],[-149.22473431489902,61.13248058120427],[-149.22477446362214,61.13221304937231],[-149.22421706620656,61.13219377839908],[-149.22429737093884,61.13165871504351],[-149.22373998350525,61.13163944214933],[-149.22382029484916,61.13110437909656],[-149.22326291739714,61.13108510428141],[-149.2233432353522,61.13055004153148],[-149.2227858678815,61.13053076479548],[-149.22286619244716,61.1299957023482],[-149.22230883495746,61.129976423691446],[-149.22234900088242,61.12970889262186],[-149.22179164872023,61.12968961188216],[-149.22183181862422,61.12942208096945],[-149.2212744717895,61.12940279814679],[-149.2213146456724,61.129135267390815],[-149.2207573041651,61.1291159824853],[-149.22079748202674,61.128848451886135],[-149.22024014584682,61.128829164897745],[-149.2204812267722,61.12722398216139],[-149.2199239191831,61.12720469390165],[-149.22012482467144,61.12586704228113],[-149.220682108999,61.125886329729255],[-149.22076245716988,61.12535126871759],[-149.2213197328676,61.12537055359627],[-149.2214402361118,61.124567961550234],[-149.22199749852803,61.124587243697306],[-149.22255970167484,61.12084181121139],[-149.22311689964778,61.12086108884289],[-149.22323734061618,61.12005849553705],[-149.22379452531104,61.120077770437426],[-149.22399522353425,61.11874011400339],[-149.2234380620908,61.118720839913685],[-149.223478204365,61.11845330877181],[-149.22236389279894,61.11841475418332],[-149.2224040436995,61.11814722336023],[-149.21961829982487,61.118050798422786],[-149.21965847330083,61.11778326840496],[-149.21854418976844,61.117744683043966],[-149.2185843718697,61.11747715334495],[-149.2174701003334,61.1174385593311],[-149.2175504811115,61.11690350056498],[-149.2169933556538,61.116884200516324],[-149.21707374303335,61.11634914205176],[-149.21651662754874,61.11632984008344],[-149.21655682487622,61.116062311004846],[-149.21599971471522,61.116043006954634],[-149.2160399160174,61.115775478032624],[-149.21548281118,61.11575617190062],[-149.21552301645673,61.1154886431351],[-149.21496591694293,61.11546933492133],[-149.2150463347706,61.114934277697685],[-149.21448924522915,61.11491496756446],[-149.21452945777986,61.11464743910629],[-149.2139723735618,61.11462812689142],[-149.21409302111203,61.1138255419691],[-149.21465009138433,61.113844853696754],[-149.2151727668528,61.11036698297687],[-149.2146157570042,61.11034767336034],[-149.21489718296365,61.108474974463505],[-149.2143402063198,61.10845566373972],[-149.21438041197771,61.10818813546437],[-149.213266470007,61.1081495076107],[-149.21330668428413,61.10788197965416],[-149.21274971895727,61.10786266252427],[-149.21278993720654,61.10759513472401],[-149.21167601787,61.1075564940582],[-149.21171624473783,61.10728896657693],[-149.21115929072815,61.10726964304113],[-149.21119952156772,61.10700211571618],[-149.21008562486574,61.10696346223873],[-149.2101258643233,61.10669593523289],[-149.20956892163102,61.1066766052913],[-149.20960916505987,61.106409078441885],[-149.20849529099283,61.106370412153346],[-149.20853554303906,61.106102885622875],[-149.20797861166432,61.106083549275915],[-149.20801886768152,61.10581602290194],[-149.20690501624975,61.10577734380282],[-149.20694528088364,61.10550981774793],[-149.20638836082665,61.10549047499578],[-149.20642862943112,61.105222949097495],[-149.20587171469532,61.10520360426452],[-149.20599253039362,61.10440102702077],[-149.20543563027027,61.10438168043236],[-149.20551617998305,61.1038466292311],[-149.2049592898261,61.10382728072467],[-149.20503984612773,61.10329222982421],[-149.20448296593685,61.10327287939984],[-149.20464408901466,61.102202778175645],[-149.2040872280795,61.10218342615869],[-149.2045303119078,61.099240649070296],[-149.2050871217539,61.09925999929809],[-149.20520793468225,61.0984574231098],[-149.2057647312719,61.098476770606794],[-149.2059660494295,61.09713914268782],[-149.2065228234761,61.09715848712894],[-149.20660333672663,61.096623435592186],[-149.20716010216145,61.09664277746547],[-149.2073211019902,61.095572673666126],[-149.20676435512803,61.09555333244313],[-149.2068448602792,61.09501828083064],[-149.20628812337776,61.09499893768993],[-149.20640888997107,61.094196360711294],[-149.2058521676727,61.094177015815646],[-149.20589242649652,61.09390949030597],[-149.20533570951565,61.09389014333021],[-149.20541623442327,61.09335509261689],[-149.20485952740222,61.09333574372369],[-149.20489979348582,61.09306821852003],[-149.20434309178214,61.09304886754683],[-149.20442363120839,61.092513817445486],[-149.20386693946412,61.09249446455502],[-149.20390721280657,61.09222693965739],[-149.20279384062772,61.09218822747428],[-149.20283412257882,61.091920702895486],[-149.20227744214424,61.09190134360278],[-149.20231772806184,61.09163381918027],[-149.20176105294442,61.091614457807886],[-149.20180134282842,61.091346933541416],[-149.2006880039034,61.09130820439474],[-149.2007686002114,61.09077315649359],[-149.19965528255486,61.0907344190282],[-149.1996955889784,61.09046689539329],[-149.19858228330747,61.09042814928409],[-149.19862259833795,61.09016062596832],[-149.19695265882442,61.090102490475346],[-149.19699298710267,61.089834967641494],[-149.19532306759706,61.08977681245639],[-149.19528272539534,61.09004433480165],[-149.19472608227147,61.090024945092594],[-149.1948471207709,61.08922237852586],[-149.19429049224644,61.08920298706328],[-149.19437119047944,61.08866794297867],[-149.19381457191298,61.08864854959958],[-149.19389527672192,61.088113505814626],[-149.19333866811317,61.08809411051927],[-149.19345973417495,61.08729154528145],[-149.19290314016396,61.0872721482328],[-149.19298385677016,61.086737105033905],[-149.19242727271615,61.086717706069194],[-149.19250799589656,61.086182663169765],[-149.1919514217992,61.08616326228889],[-149.1919917870146,61.08589574099229],[-149.19143521823372,61.085876338032385],[-149.19147558741238,61.085608816892076],[-149.19091902394794,61.0855894118532],[-149.19095939708973,61.085321890869274],[-149.19040283894176,61.08530248375152],[-149.1904432160465,61.08503496292401],[-149.18988666321496,61.08501555372728],[-149.18992704428248,61.084748033056115],[-149.18937049676728,61.08472862178045],[-149.1894108817975,61.08446110126578],[-149.18885433959863,61.084441687911415],[-149.18889472859135,61.084174167553],[-149.18833819170877,61.0841547521198],[-149.18837858466384,61.08388723191787],[-149.18782205309753,61.08386781440594],[-149.18786245001476,61.08360029436039],[-149.1873059237647,61.08358087476974],[-149.187346324644,61.083313354880616],[-149.18400720920013,61.0831967912383],[-149.18404763723603,61.0829292723214],[-149.18349112500533,61.0829098373648],[-149.1835315570025,61.08264231860448],[-149.18241854385164,61.08260344229257],[-149.18245898444863,61.08233592385201],[-149.18190248352852,61.08231648249678],[-149.18198337196637,61.081781445921955],[-149.1814268810012,61.08176200265158],[-149.18146732884188,61.081494484517336],[-149.18091084319298,61.081475039168694],[-149.18095129499414,61.08120752119095],[-149.17983833500688,61.081168624095405],[-149.17987879540664,61.08090110643762],[-149.17876584740804,61.08086220070253],[-149.17880631640602,61.080594683364566],[-149.17769338039645,61.080555768990045],[-149.17773385799228,61.08028825197208],[-149.17717739564296,61.080268791586015],[-149.17750122909263,61.07812865650387],[-149.17805765434073,61.07814811558268],[-149.17813859664562,61.07761308141682],[-149.17869501329736,61.077632537927535],[-149.1787759436154,61.077097503407344],[-149.1793323516709,61.07711695735005],[-149.17941327000275,61.07658192247565],[-149.17996966946222,61.07660137385036],[-149.18001012297432,61.07633385623942],[-149.18056651847473,61.07635330520954],[-149.1806069666722,61.076085787428454],[-149.1811633582135,61.07610523399409],[-149.18120380109644,61.075837716042834],[-149.18176018867862,61.0758571602039],[-149.1818006262472,61.075589642082534],[-149.1829133941707,61.07562852335453],[-149.1845825511363,61.075686828453534],[-149.18454213675156,61.075954347390955],[-149.18676770739975,61.0760320567982],[-149.1867273108855,61.0762995763813],[-149.1900657149847,61.076416074232284],[-149.19002534561605,61.07668359478672],[-149.1905817533044,61.07670300341365],[-149.1905413878965,61.076970524124135],[-149.19109780089843,61.07698993067268],[-149.19105743945144,61.077257451539374],[-149.191613857767,61.07727685600942],[-149.19157350028112,61.07754437703221],[-149.19435562518862,61.0776413665767],[-149.19431529021412,61.077908888407066],[-149.19487172186118,61.07792827975464],[-149.1948313908484,61.07819580174106],[-149.1959442654453,61.07823457803739],[-149.19590394303225,61.078502100342554],[-149.1970168296075,61.07854086799858],[-149.19693620130585,61.07907591323994],[-149.19804910913513,61.07911467258094],[-149.19800880324706,61.07938219551694],[-149.198565262813,61.07940157198784],[-149.19852496088762,61.07966909507985],[-149.1990814257671,61.079688469471925],[-149.19904112780458,61.079955992719945],[-149.19959759799767,61.07997536503316],[-149.19951700932344,61.08051041183425],[-149.20007348946856,61.08052978223116],[-149.20003319875707,61.080797305784344],[-149.20058968421594,61.08081667410236],[-149.20050911004452,61.08135172151398],[-149.2010656054559,61.0813710879155],[-149.2009850378614,61.08190613562573],[-149.20154154322557,61.08192550011082],[-149.20142070068727,61.082728072114016],[-149.20197722064367,61.08274743484534],[-149.20193694308657,61.08301495899571],[-149.20249346835726,61.08303431964774],[-149.2024531947644,61.0833018439541],[-149.20300972534935,61.083321202526854],[-149.20296945572088,61.08358872698923],[-149.20630868123808,61.08370483232231],[-149.20626843877184,61.083972357753204],[-149.2073815286201,61.08401104192072],[-149.20734129475872,61.08427856766994],[-149.21123716294343,61.084413892772005],[-149.21127736432655,61.0841463658861],[-149.21239046630802,61.08418500969871],[-149.21243065773785,61.08391748248158],[-149.21465685122476,61.0839947425542],[-149.21469702342208,61.08372721468167],[-149.21581011492623,61.08376583094188],[-149.2158502771708,61.083498302738406],[-149.21640681929293,61.0835176073435],[-149.21644697622472,61.08325007897125],[-149.21756005320873,61.08328868113135],[-149.2176002001883,61.083021152428316],[-149.21815673505006,61.0830404499834],[-149.21831729768212,61.08197033445742],[-149.21887381465888,61.08198962912235],[-149.21895408266008,61.08145457099576],[-149.21951059103102,61.0814738630948],[-149.2195908470636,61.08093880461779],[-149.2201473468289,61.08095809415105],[-149.2202275908936,61.0804230353237],[-149.2207840820534,61.08044232229107],[-149.2208241984383,61.080174792705485],[-149.22138068563157,61.0801940772693],[-149.22142079670542,61.079926547515164],[-149.2219772799321,61.07994582967535],[-149.22201738569498,61.07967829975254],[-149.2231303448872,61.079716857023904],[-149.22317044070064,61.07944932677078],[-149.2265093065694,61.079564943812706],[-149.22654937387892,61.0792974125821],[-149.2271058492356,61.07931667408135],[-149.22714591123506,61.07904914268225],[-149.2277023826245,61.07906840177819],[-149.22774243931397,61.078800870210806],[-149.22829890673611,61.078820126903274],[-149.2283790088243,61.07828506342524],[-149.22893546764064,61.078304317552636],[-149.2290155577675,61.07776925372483],[-149.22957200797816,61.07778850528724],[-149.22961204739676,61.077520973201736],[-149.23016849364015,61.07754022236092],[-149.23024856118818,61.07700515784665],[-149.23136143713484,61.07704364879391],[-149.23140146062644,61.076776116203646],[-149.23195789496776,61.076795358153376],[-149.2319979131507,61.076527825394805],[-149.233110774569,61.0765663022466],[-149.23315078280544,61.07629876915832],[-149.23482006604695,61.07635646714002],[-149.2348600596992,61.076088933560605],[-149.23652933505846,61.07614661088432],[-149.23656931412688,61.075879076813976],[-149.2382385816017,61.07593673347986],[-149.2382785460866,61.075669198918824],[-149.2438427681411,61.075861240494056],[-149.2438826855773,61.07559370431377],[-149.24443910682498,61.07561289598178],[-149.24455884120687,61.074810286917945],[-149.24511524920976,61.07482947586109],[-149.24519505951187,61.07429440279649],[-149.24575145890813,61.07431358917592],[-149.24591105293888,61.073243442322784],[-149.24646743445385,61.073262625816525],[-149.24654721818365,61.07272755202806],[-149.24710359109253,61.072746732958315],[-149.2471434773177,61.07247919589301],[-149.24769984625775,61.07249837442096],[-149.24773972717753,61.072230837188016],[-149.2482960921487,61.07225001331364],[-149.2483359677633,61.07198247591299],[-149.24944869043588,61.07202082111847],[-149.24948855610842,61.07175328338927],[-149.2500449138097,61.07177245246915],[-149.25008477417737,61.07150491457222],[-149.25175383737724,61.071562407881494],[-149.25179368316648,61.071294869495354],[-149.25457544533293,61.07139064604801],[-149.25461526727022,61.07112310685112],[-149.25628431866656,61.07118054540535],[-149.25632412602613,61.07091300571954],[-149.2596622190033,61.07102782134991],[-149.25962243946526,61.07129536199965],[-149.26073515173107,61.07133361626744],[-149.26069538080068,61.071601157231754],[-149.26125174257024,61.071620281164265],[-149.26121197561065,61.07188782228251],[-149.26510655911017,61.072021628176806],[-149.26506682394546,61.072289170411736],[-149.27396892574697,61.07259460260729],[-149.27400858671155,61.07232705780789],[-149.27734689093876,61.072441445986286],[-149.27730725780032,61.07270899174605],[-149.27842004046502,61.07274710352736],[-149.27838041593813,61.073014649600665],[-149.27949321053435,61.07305275273595],[-149.2794535946194,61.07332029912265],[-149.28000999755125,61.073339347487966],[-149.2799703856105,61.073606894028146],[-149.28108320274146,61.073644984354004],[-149.28104359941327,61.073912531207554],[-149.28160001361235,61.07393157316808],[-149.2815604142588,61.074199120174974],[-149.28267325392412,61.07423719769097],[-149.28263366318367,61.074504745011275],[-149.28430294157224,61.07456184495265],[-149.28426336408378,61.0748293927459],[-149.28537622893595,61.074867448484916],[-149.28533666006146,61.075134996591274],[-149.2858930981208,61.075154021257994],[-149.2858535332219,61.07542156951772],[-149.28640997658295,61.07544059210252],[-149.28637041565983,61.07570814051563],[-149.28692686432262,61.07572716101847],[-149.28688730737542,61.07599470958485],[-149.28800021596734,61.07603274418472],[-149.28796066763522,61.07630029306412],[-149.29018651132745,61.0763763360012],[-149.29026557021703,61.07584123695895],[-149.29137847748197,61.075879244338424],[-149.29141799665527,61.07561169448857],[-149.29253089729139,61.075649692581976],[-149.29257040652465,61.07538214240664],[-149.29312685319698,61.07540113793128],[-149.29316635712934,61.075133587590045],[-149.29427924318222,61.07517157159499],[-149.29431873717505,61.0749040209284],[-149.29543161659757,61.07494199564767],[-149.29547110065116,61.074674444655855],[-149.29602753671617,61.074693428493475],[-149.29606701546942,61.07442587733584],[-149.3005184906895,61.074577666060854],[-149.30047904904632,61.07484521849295],[-149.3010354910627,61.07486418215517],[-149.30099605339743,61.07513173474018],[-149.30155250071357,61.075150696319945],[-149.3015130670265,61.075418249057854],[-149.30262597291915,61.07545616581031],[-149.30258654784942,61.07572371886037],[-149.3048123861189,61.07579952610042],[-149.3047729789454,61.076067079780664],[-149.31200708657985,61.07631320765566],[-149.31196773905876,61.07658076339655],[-149.3125242181343,61.07659968077583],[-149.311973348555,61.08034546271886],[-149.31252989325208,61.08036438008035],[-149.31233314599382,61.0817021598464],[-149.31288971455493,61.08172107576],[-149.3127716722088,61.08252374402272],[-149.31332825535316,61.082542658170695],[-149.31324956644087,61.08307777063295],[-149.31380615952753,61.08309668285636],[-149.3137668187237,61.08336423923728],[-149.31432341711138,61.08338314937714],[-149.31428408028972,61.08365070591081],[-149.31484068397845,61.083669613967096],[-149.31480135113918,61.083937170653435],[-149.31535796012892,61.08395607662614],[-149.3153186312722,61.084223633465314],[-149.315875245563,61.084242537354356],[-149.31583592068895,61.08451009434629],[-149.31639254028093,61.08452899615167],[-149.31631389783925,61.085064110434814],[-149.31687052737453,61.08508301031523],[-149.31683120980716,61.08535056760656],[-149.31738784464372,61.08536946540321],[-149.31734853105954,61.08563702284729],[-149.31790517119742,61.085655918560185],[-149.31786586159657,61.085923476156964],[-149.31842250703582,61.08594236978595],[-149.31838320141847,61.08620992753541],[-149.3189398521591,61.086228819080574],[-149.31890055052543,61.08649637698275],[-149.31945720656748,61.08651526644396],[-149.3194179089176,61.08678282449896],[-149.3199745702611,61.08680171187616],[-149.31993527659517,61.08706927008379],[-149.3204919432402,61.08708815537703],[-149.32045265355836,61.087355713737274],[-149.3210093255049,61.08737459694654],[-149.32097003980735,61.08764215545953],[-149.32152671705543,61.08766103658464],[-149.3214874353423,61.08792859525038],[-149.32204411789198,61.08794747429139],[-149.32200484016343,61.08821503310976],[-149.32256152801472,61.088233910066606],[-149.32252225427092,61.088501469037574],[-149.32307894742385,61.088520343910304],[-149.32303967766495,61.08878790303395],[-149.32359637611955,61.08880677582244],[-149.32355711034566,61.08907433509871],[-149.32467051851663,61.08911207426434],[-149.32463126137145,61.08937963385184],[-149.3257446814621,61.08941736436299],[-149.32570543294602,61.08968492426165],[-149.32626214862208,61.08970378631141],[-149.32618365890323,61.090238906408075],[-149.3267403845248,61.09025776653185],[-149.32650492744054,61.09186312763196],[-149.32706168158467,61.09188198646361],[-149.3269831999148,61.092417107100594],[-149.32753996400567,61.092435964006135],[-149.3274614889931,61.09297108493677],[-149.32801826303108,61.09298993991614],[-149.3279397946763,61.09352506114044],[-149.3284965786617,61.09354391419355],[-149.32845734814236,61.09381147495546],[-149.32901413743048,61.0938303259238],[-149.32893568370838,61.09436544774718],[-149.3294924829443,61.09438429678916],[-149.32945325974174,61.09465185785056],[-149.33056686947694,61.09468954952151],[-149.33052765490717,61.09495711089396],[-149.33108446540643,61.0949759535229],[-149.33104525482446,61.09524351504792],[-149.33160207062656,61.095262355592],[-149.3315628640325,61.095529917269715],[-149.33211968513754,61.09554875572863],[-149.33208048253158,61.09581631755905],[-149.33319413600483,61.09585398806354],[-149.33315494203273,61.096121550204735],[-149.33482544110882,61.096178039611196],[-149.33478626041676,61.09644560222152],[-149.3370136202995,61.096520890655306],[-149.33697445753398,61.09678845389275],[-149.34421351009507,61.09703289545685],[-149.34425261246213,61.096765330164935],[-149.34536631340433,61.096802902591335],[-149.34540540582344,61.096535336977816],[-149.34596225263186,61.096554119667964],[-149.34604042621146,61.096018988108426],[-149.34659726438332,61.09603776823936],[-149.34667542604942,61.09550263634161],[-149.3472322555849,61.09552141391338],[-149.3475448388731,61.0933808848334],[-149.34810163189985,61.09339965889957],[-149.3482188258875,61.092596959927356],[-149.34877560563405,61.09261573127689],[-149.3488537223943,61.09208059828485],[-149.3494104935059,61.09209936707569],[-149.34944954625888,61.09183180041327],[-149.3500063133805,61.09185056680336],[-149.35004536083392,61.09158299997756],[-149.3506021239655,61.09160176396679],[-149.35064116611954,61.09133419697755],[-149.35119792526106,61.091352958566],[-149.35123696211585,61.09108539141338],[-149.35179371726727,61.09110415060093],[-149.35183274882303,61.090836583284975],[-149.3523894999843,61.09085534007192],[-149.35242852624108,61.09058777259259],[-149.35354202123762,61.09062527912186],[-149.35358103755118,61.09035771132155],[-149.35413778138627,61.09037646106409],[-149.3541767924013,61.090108893100556],[-149.35529027274484,61.09014638554107],[-149.3553292738171,61.08987881725686],[-149.35699948530348,61.089935038622244],[-149.35703847178888,61.08966746985984],[-149.3581519400929,61.08970493923995],[-149.35819091663618,61.08943737015695],[-149.35874764712418,61.089456101325055],[-149.35882558896188,61.08892096282696],[-149.35993903332124,61.08895841780467],[-149.35997799397185,61.088690848232254],[-149.36109143165584,61.0887282939233],[-149.36113038236516,61.08846072403047],[-149.36224381337317,61.088498160434995],[-149.36228275414146,61.08823059022193],[-149.3628394659808,61.08824930490244],[-149.3628784014523,61.08798173452638],[-149.36399181780132,61.08801915684403],[-149.36403074333225,61.087751586147796],[-149.3645874478418,61.08777029378501],[-149.3646263680763,61.08750272292595],[-149.36573976976513,61.087540131157105],[-149.36577868005955,61.08727255997797],[-149.36744877355378,61.08732865503142],[-149.36748766926462,61.0870610833752],[-149.36804436375655,61.08707977708351],[-149.36808325417158,61.08681220526446],[-149.3686399446718,61.08683089657274],[-149.3687565980743,61.08602818060996],[-149.36931327529567,61.08604686920427],[-149.3693910316845,61.08551172488625],[-149.36994770027087,61.08553041092374],[-149.36998657284434,61.08526283859903],[-149.37054323743905,61.085281522236706],[-149.3706209713447,61.08474637725615],[-149.37117762730455,61.084765058337204],[-149.37133306872536,61.08369476767863],[-149.37077643133745,61.083676087225385],[-149.37085415742482,61.083140942175135],[-149.37141078552727,61.0831596223146],[-149.37148849972365,61.0826244769273],[-149.37204511919228,61.08264315451027],[-149.37258898063575,61.078897133946626],[-149.37203242615504,61.07887845855999],[-149.37218781026476,61.07780816738563],[-149.37274434618024,61.07782684214487],[-149.37282202504656,61.0772916962084],[-149.37337855233085,61.07731036841177],[-149.3734173861466,61.07704279527778],[-149.37397390944076,61.07706146508212],[-149.3740127379648,61.07679389178536],[-149.37456925726877,61.07681255919063],[-149.3746080805012,61.076544985731175],[-149.37572111177937,61.076582313501575],[-149.37575992507954,61.07631473972269],[-149.37631643705362,61.07633340008782],[-149.37635524506254,61.076065826146284],[-149.37691175304627,61.07608448411253],[-149.37695055576413,61.07581691000829],[-149.37806356440103,61.0758542189009],[-149.37810235718732,61.07558664447747],[-149.3803283636996,61.075661234730276],[-149.38036713727328,61.075393659674404],[-149.38370613869083,61.07550547684942],[-149.3836673929612,61.07577305284431],[-149.38589342545725,61.075847553410036],[-149.38585469764163,61.07611513002461],[-149.38919379370134,61.0762268145448],[-149.38915509308265,61.0764943920915],[-149.3902681395744,61.07653160263952],[-149.3902294475894,61.076799180492856],[-149.3907859764492,61.07681778255958],[-149.39047645435429,61.07895840642539],[-149.39103302099474,61.07897700749967],[-149.39087826295085,61.08004731991758],[-149.39143484880776,61.080065919374235],[-149.3913961623177,61.0803334976204],[-149.39195275346535,61.08035209499088],[-149.3919140709691,61.08061967338743],[-149.39414046061208,61.08069404106823],[-149.3941017960371,61.08096162008373],[-149.39577160900205,61.081017372765515],[-149.3958102596496,61.0807497932817],[-149.39914987521502,61.08086123715832],[-149.39918849735992,61.080593656732596],[-149.4014149021158,61.08066790717433],[-149.40145350504343,61.08040032611911],[-149.4031233014774,61.0804559899353],[-149.4031618898306,61.08018840840687],[-149.41095428513236,61.0804479038302],[-149.4109928078436,61.08018032011624],[-149.41154940771094,61.080198838528396],[-149.41151088964233,61.080466422397855],[-149.41262410059915,61.08050345280515],[-149.41258559117034,61.080771036980146],[-149.41314220225982,61.08078954897528],[-149.41310369682836,61.08105713329988],[-149.41366031320612,61.0810756432079],[-149.41362181177212,61.08134322768241],[-149.4141784334382,61.0813617355032],[-149.41413993600182,61.0816293201276],[-149.4146965629563,61.081647825861026],[-149.41465806951766,61.0819154106352],[-149.4152147017605,61.08193391428137],[-149.41517621231984,61.08220149920529],[-149.4157328498511,61.0822200007641],[-149.4155404161864,61.08355792607661],[-149.41609707758016,61.08357642616963],[-149.41590465100415,61.08491435211918],[-149.41980146135774,61.08504379540721],[-149.4198399154548,61.08477620914097],[-149.4215099727743,61.08483165072496],[-149.4215484122944,61.0845640639873],[-149.42210509471246,61.08458253987401],[-149.42214352894413,61.08431495297558],[-149.42270020736245,61.08433342646419],[-149.42312289030917,61.08138996850681],[-149.42256626297035,61.08137149672528],[-149.42260468947114,61.0811039097599],[-149.42204806741955,61.08108543589079],[-149.42208649791925,61.080817849074926],[-149.4215298811549,61.080799373118246],[-149.4216067495075,61.08026419977998],[-149.4210501426732,61.080245721891075],[-149.4210885805259,61.079978135368755],[-149.4205319789787,61.07995965539239],[-149.42057042082976,61.079692069019586],[-149.41945722895383,61.07965510264947],[-149.41949567944573,61.07938751658146],[-149.41893908911706,61.07936903018765],[-149.41901599745214,61.078833858345206],[-149.4184594170529,61.078815370019484],[-149.41857478864821,61.07801261267895],[-149.4180182228202,61.07799412257653],[-149.41817206115772,61.07692377999679],[-149.41761551454206,61.07690528827327],[-149.41784628056033,61.075299775163074],[-149.4184027993267,61.07531826595489],[-149.4185566118827,61.074247923144796],[-149.4191131127289,61.07426641107316],[-149.41942066978385,61.072125723931904],[-149.41886420606332,61.07210723724546],[-149.4189410981652,61.07157206571222],[-149.41838464436955,61.07155357709421],[-149.4184999916108,61.070750820216055],[-149.4179435523798,61.070732329821766],[-149.418058907742,61.06992957335646],[-149.41750248307488,61.069911081185936],[-149.4177332042401,61.06830556902722],[-149.41828960107014,61.06832406026615],[-149.4183280477033,61.0680564747304],[-149.4188844405383,61.06807496357228],[-149.41892288188808,61.067807377875276],[-149.41947927072803,61.06782586432009],[-149.41951770679455,61.06755827846197],[-149.4200740916394,61.06757676250983],[-149.42011252242287,61.067309176490504],[-149.4206689032726,61.067327658141515],[-149.4207457536299,61.06679248577476],[-149.42130212584553,61.06681096487362],[-149.42134054541955,61.066543378526184],[-149.42245328250422,61.06658032968843],[-149.42249169215694,61.066312743024774],[-149.42304805702585,61.066331215088255],[-149.42308646139625,61.06606362826359],[-149.42419918378687,61.06610056535528],[-149.42423757823641,61.065832978214516],[-149.42535029392283,61.06586990602935],[-149.42538867845178,61.06560231857266],[-149.42594503262103,61.06562077896261],[-149.42602179047248,61.06508560372124],[-149.42657813600763,61.065104061559595],[-149.42673162544114,61.06403371038541],[-149.4272879530658,61.06405216536234],[-149.42744141366111,61.06298181347242],[-149.42799772337628,61.0630002655883],[-149.4284579878149,61.059789207480264],[-149.4279017337492,61.05977075722279],[-149.42813185909455,61.05816522876946],[-149.42757563349184,61.05814677719998],[-149.42769070140056,61.05734401335518],[-149.42824691309409,61.05736246446012],[-149.42836196131208,61.05655970009544],[-149.4289181597394,61.05657814849487],[-149.42903318826848,61.055775383610175],[-149.42958937343016,61.055793829304164],[-149.42974271726845,61.05472347541895],[-149.43029888452944,61.05474191825285],[-149.43037554332508,61.054206740963544],[-149.43093170195704,61.054225181246984],[-149.43100834891413,61.05369000362338],[-149.43156449891725,61.05370844135654],[-149.43160281679775,61.053440852380696],[-149.4321589628074,61.053459287718276],[-149.4321972754109,61.053191698581536],[-149.43330956008475,61.05322856222484],[-149.43334786277637,61.05296097277262],[-149.43446014074593,61.05299782714332],[-149.43449843352585,61.05273023737561],[-149.4350545688376,61.052748661045115],[-149.43509285634113,61.05248107111661],[-149.43564898765905,61.05249949239076],[-149.4356872698864,61.05223190230146],[-149.43679952517567,61.05226873781824],[-149.436837797492,61.05200114741358],[-149.4379500460753,61.05203797365827],[-149.4379883084809,61.05177038293842],[-149.4391005503577,61.05180719991111],[-149.4391388028528,61.051539608876084],[-149.44080715656807,61.0515948170662],[-149.44084539451816,61.05132722556172],[-149.44195762426082,61.051364019509286],[-149.44199585230098,61.05109642768991],[-149.44255196349792,61.05111482114824],[-149.44259018626315,61.0508472291682],[-149.44314629346553,61.05086562023153],[-149.443184510956,61.05059802809103],[-149.44374061416374,61.05061641675939],[-149.44377882637957,61.05034882445838],[-149.44544712593836,61.05040397655626],[-149.44540892762637,61.05067156931994],[-149.44707724684656,61.05072670171403],[-149.4470390617991,61.0509942949341],[-149.44870740067915,61.05104940762399],[-149.44866922889676,61.05131700130028],[-149.4503375874351,61.051372094285675],[-149.4503757453127,61.051104500147154],[-149.4509318614688,61.05112285983995],[-149.45089370822612,61.051390454132466],[-149.45200595172503,61.051427167103874],[-149.45196780711348,61.05169476169824],[-149.45252393445628,61.05171311497671],[-149.45248579384102,61.05198070971884],[-149.4530419264578,61.05199906091053],[-149.453003789839,61.052266655800516],[-149.45355992772974,61.052285004905215],[-149.45348366184663,61.05282019497471],[-149.45403980964682,61.05283854214639],[-149.4539635504801,61.05337373249923],[-149.45451970819002,61.05339207773792],[-149.45448158228436,61.053659673059116],[-149.45503774526853,61.053678016210725],[-149.45499962336007,61.05394561167973],[-149.45555579161854,61.05396395274432],[-149.45551767370742,61.054231548361095],[-149.45607384724022,61.05424988733852],[-149.45603573332662,61.054517483103155],[-149.45659191213375,61.05453581999346],[-149.4565538022178,61.05480341590584],[-149.45710998629932,61.05482175070899],[-149.45703377382472,61.05535694282311],[-149.45758996781692,61.055375275692924],[-149.4575518652585,61.05564287189483],[-149.45866426443007,61.055679531218665],[-149.45862617050625,61.05594712772208],[-149.45918237568566,61.055965454176075],[-149.45914428576026,61.05623305082728],[-149.4597004962142,61.05625137519396],[-149.45962432372258,61.05678656878575],[-149.4601805440878,61.05680489121882],[-149.46014246152177,61.05707248815943],[-149.46069868716168,61.05709080850497],[-149.46066060859465,61.057358405593355],[-149.4612168395093,61.05737672385142],[-149.46117876494134,61.05764432108748],[-149.46173500113073,61.05766263725802],[-149.46169693056203,61.05793023464185],[-149.46225317202624,61.057948548724724],[-149.46213897040528,61.05875134130167],[-149.46436399828517,61.05882457706413],[-149.46440204758048,61.05855697892981],[-149.46495830150678,61.0585752821133],[-149.46492025684884,61.05884288040123],[-149.4665890363636,61.05889777696449],[-149.4665510049808,61.059165375707245],[-149.46766353711797,61.05920196251614],[-149.4677015592257,61.0589343634664],[-149.4693703482957,61.0589892264086],[-149.4693323401007,61.059256825918936],[-149.47044487860632,61.05929339031354],[-149.47040687904996,61.05956099012485],[-149.4715194293773,61.05959754586056],[-149.4714434469061,61.06013274607906],[-149.4708871621485,61.06011446902509],[-149.4706211709824,61.061987668530726],[-149.47117748820736,61.06200594665861],[-149.4711014942787,61.06254114677156],[-149.47165782141735,61.0625594229646],[-149.4716198281368,61.062827023165674],[-149.47217616055065,61.06284529727055],[-149.47213817127232,61.06311289761923],[-149.47325084728695,61.06314943941045],[-149.4732128666498,61.063417040060074],[-149.47432555448756,61.06345357319119],[-149.47428758249202,61.063721174141705],[-149.4754002821526,61.06375769861235],[-149.47543824487013,61.06349009735518],[-149.47710728521412,61.06354486678808],[-149.4770693364137,61.063812468505056],[-149.4781820424337,61.06384897055787],[-149.47810616148217,61.064384174587246],[-149.4786625247242,61.064402422557436],[-149.4785866505086,61.06493762687014],[-149.47914302366502,61.06495587290482],[-149.47910509024325,61.065223475205755],[-149.4802178477418,61.065259960855684],[-149.48017992296366,61.06552756345724],[-149.48129269228332,61.06556404044575],[-149.4812547761491,61.06583164334778],[-149.48292394881247,61.06588634247544],[-149.48288604596246,61.06615394583103],[-149.48511163696415,61.066226847225664],[-149.4850737520389,61.06649445118767],[-149.48563015601653,61.06651267108432],[-149.48551651135222,61.06731548339513],[-149.48607292988513,61.06733370150863],[-149.4859971728824,61.06786890999341],[-149.48655360133077,61.06788712617081],[-149.4865157265178,61.06815473055771],[-149.4870721602414,61.06817294464581],[-149.48703428943435,61.068440549180046],[-149.48814716806646,61.068476970935734],[-149.48810930590614,61.068744575770175],[-149.49256088293336,61.068890174328665],[-149.49248523096352,61.06942538642581],[-149.49304169022707,61.069443576461154],[-149.49285257241516,61.070781607370215],[-149.49340905551875,61.07079979592696],[-149.49337123469618,61.07106740224491],[-149.4939277230751,61.071085588712016],[-149.49388990626028,61.07135319517715],[-149.4955593891241,61.07140774158227],[-149.49552158560053,61.0716753484999],[-149.49663458662772,61.071711701863244],[-149.4965967917542,61.07197930908069],[-149.49770980459868,61.07201565377951],[-149.49767201837554,61.07228326129674],[-149.49822853038964,61.07230143043508],[-149.4981907481752,61.072569038099225],[-149.49930378338706,61.072605369953585],[-149.4992282356271,61.073140585875926],[-149.499784763467,61.07315874874434],[-149.49974699327967,61.07342635684989],[-149.5003035263949,61.07344451762834],[-149.50026576021688,61.07371212588091],[-149.501378837631,61.07374844101509],[-149.5014165945242,61.07348083245749],[-149.5019731295381,61.07349898650826],[-149.50204863214148,61.07296376907178],[-149.50260515850346,61.07298192057501],[-149.50264290421387,61.07271431169622],[-149.50653857396105,61.072841308360836],[-149.50650086074657,61.07310891830624],[-149.50761392422024,61.07314518318912],[-149.50765162815006,61.0728775729392],[-149.50820815619244,61.07289570186447],[-149.50824585484804,61.07262809145689],[-149.50935890354364,61.0726643422755],[-149.50939659228294,61.07239673155797],[-149.50995311293602,61.07241485345121],[-149.5099907964015,61.072147242576115],[-149.51054731304396,61.072165362074664],[-149.51058499123573,61.07189775104199],[-149.51114150386755,61.0719158681458],[-149.5111791767858,61.071648256955584],[-149.5117356854069,61.07166637166476],[-149.51181102006532,61.07113114896377],[-149.5123675200338,61.071149261126294],[-149.51244284288353,61.07061403809916],[-149.5129993341995,61.07063214771511],[-149.51311229981553,61.06982931267739],[-149.51366877783758,61.06984741959472],[-149.5137064271393,61.069579807752525],[-149.5142629011508,61.069597912275356],[-149.51430054518016,61.06933030027564],[-149.51485701518104,61.06934840240422],[-149.51489465393814,61.069080790247035],[-149.5154511199284,61.06909888998122],[-149.51548875341345,61.06883127766653],[-149.51604521539304,61.0688493750065],[-149.51608284360614,61.06858176253435],[-149.51663930157503,61.06859985748001],[-149.5166769245164,61.068332244850495],[-149.5177898330631,61.06836842771101],[-149.51782744609164,61.06810081477218],[-149.51894034787728,61.06813698835984],[-149.51897795099333,61.06786937511182],[-149.52009084601727,61.0679055394266],[-149.5203915740096,61.065764630815245],[-149.5209479853401,61.065782708395],[-149.5210231517584,61.06524748088342],[-149.5215795544378,61.06526555591741],[-149.52169228542155,61.06446271415328],[-149.52224867480976,61.06448078649004],[-149.52239895541348,61.063410330119886],[-149.5229553268712,61.0634283996078],[-149.52306801679515,61.06262555681659],[-149.523624374963,61.06264362360759],[-149.52366193237262,61.06237600918094],[-149.52533099673263,61.062430195647416],[-149.52536853959433,61.06216258076031],[-149.52592489099956,61.062180638280466],[-149.52596242859272,61.061913023236215],[-149.5265187759874,61.061931078362846],[-149.52663137107527,61.06112823274187],[-149.52718770518058,61.06114628517203],[-149.5272252309797,61.06087866980223],[-149.5283378917979,61.06091476763392],[-149.52837540768994,61.06064715195563],[-149.53560770395376,61.060881567315214],[-149.53564515890733,61.06061394966357],[-149.5373141515018,61.06066799125807],[-149.53735159191,61.060400373147175],[-149.53902057623208,61.060454394111694],[-149.5390580020953,61.060186775541766],[-149.5418396319754,61.06027676489044],[-149.54180222930873,61.06054438421571],[-149.54235856180435,61.060562375511],[-149.54232116315046,61.0608299949818],[-149.54343383930026,61.060865971148736],[-149.54339644929888,61.06113359091594],[-149.54450913723355,61.06116955841725],[-149.54447175588498,61.06143717848086],[-149.54502810543147,61.0614551590196],[-149.54484121249294,61.06279326000983],[-149.54539758586523,61.062811239061205],[-149.54528545650703,61.063614100042294],[-149.5458418444263,61.06363207730444],[-149.5458044713614,61.06389969777144],[-149.54636086454727,61.06391767294246],[-149.54632349549664,61.06418529355483],[-149.54743629302777,61.06422123747232],[-149.54739893263212,61.06448885838109],[-149.54795533697737,61.06450682712744],[-149.54791798059634,61.064774448181645],[-149.54847439020824,61.06479241483667],[-149.54843703784204,61.06506003603632],[-149.54899345272062,61.0650780006],[-149.5489561043694,61.065345621945035],[-149.5495125245147,61.06536358441727],[-149.5494751801786,61.06563120590773],[-149.55058803162837,61.06566712442728],[-149.5505506959486,61.06593474621382],[-149.55110712725306,61.06595270226101],[-149.55103246329898,61.06648794611957],[-149.55158890451145,61.06650590022593],[-149.55155157623733,61.06677352229787],[-149.55210802271665,61.06679147431264],[-149.55203337357474,61.06732671874198],[-149.55258982996253,61.06734466881584],[-149.55255250909494,61.067612291173155],[-149.55310897074972,61.06763023915534],[-149.55303433642166,61.06816548415552],[-149.55359080798533,61.06818343019667],[-149.55351618043952,61.068718675476944],[-149.5540726619123,61.06873661957697],[-149.55399804114927,61.06927186513733],[-149.55455453253145,61.06928980729622],[-149.55447991855172,61.06982505313675],[-149.55503641984365,61.069842993354456],[-149.55496181264775,61.07037823947513],[-149.55551832384967,61.07039617775156],[-149.55544372343812,61.07093142415252],[-149.55600024455035,61.07094936048748],[-149.55592565092365,61.07148460716872],[-149.55648218194648,61.07150254156234],[-149.55644488883834,61.07177016504572],[-149.55700142512913,61.071788097347216],[-149.5569641360389,61.072055720975996],[-149.55752067759764,61.07207365118536],[-149.55748339252548,61.072341274959435],[-149.55803993935223,61.072359203076665],[-149.55796537661953,61.072894450910375],[-149.55852193335753,61.072912377085956],[-149.55848465569719,61.07318000114563],[-149.55904121770337,61.07319792522892],[-149.55900394406163,61.07346554943394],[-149.55956051133592,61.07348347142496],[-149.55952324171295,61.073751095775336],[-149.5600798142555,61.07376901567394],[-149.5600425486514,61.07403664016964],[-149.56059912646217,61.074054557975934],[-149.56056186487714,61.074322182617],[-149.5611184479562,61.07434009833092],[-149.5610811903904,61.07460772311724],[-149.56219436770954,61.074643548117194],[-149.56215711880702,61.07491117319926],[-149.5610439322001,61.07487534789848],[-149.56100667338526,61.075142972674556],[-149.55933688422726,61.07508921744955],[-149.55929961085587,61.07535684176905],[-149.55818641191968,61.07532099343655],[-149.55814912863542,61.0755886174497],[-149.55759252546068,61.075570689768476],[-149.55755523690735,61.07583831362593],[-149.55699862971358,61.07582038355108],[-149.55696133589103,61.076088007252714],[-149.55640472467823,61.07607007478429],[-149.55633012586915,61.07660532187108],[-149.5557735059931,61.07658738685834],[-149.55547504858825,61.078728373796174],[-149.55491839218064,61.07871043533488],[-149.55484376228515,61.07924568171719],[-149.55428709721312,61.079227740711225],[-149.55421245552506,61.07976298677174],[-149.55365578178842,61.07974504322108],[-149.55361845536066,61.08001266609305],[-149.55306177760454,61.07999472014841],[-149.55298711358103,61.080529965575664],[-149.55243042716012,61.080512017086185],[-149.55239308956413,61.08077963964136],[-149.55183639912372,61.08076168875779],[-149.55179905625624,61.0810293111572],[-149.55124236179643,61.08101135787937],[-149.55120501365735,61.08127898012296],[-149.5506483151781,61.08126102445094],[-149.55061096176723,61.08152864653869],[-149.55005425926865,61.08151068847247],[-149.5500169005858,61.081778310404225],[-149.5494601940679,61.08176034994375],[-149.54942283011297,61.08202797171955],[-149.54886611957573,61.08201000886483],[-149.54875401001473,61.08281287370947],[-149.54819728616636,61.082794908158455],[-149.54801040113577,61.08413301537802],[-149.54745365468327,61.084115046828764],[-149.54719195679155,61.085988395670256],[-149.54663517843957,61.08597042382031],[-149.54656039267755,61.086505665999944],[-149.54600360565868,61.086487691604304],[-149.545741803209,61.08836103802037],[-149.54518498428632,61.08834306032351],[-149.5451475767801,61.088610681069405],[-149.5445907538371,61.088592700977586],[-149.54455334105597,61.088860321567566],[-149.54399651409273,61.08884233908075],[-149.54395909603647,61.089109959514616],[-149.54340226505303,61.089091974632865],[-149.54336484172157,61.08935959491072],[-149.54113750547307,61.089287632340294],[-149.5411000629228,61.089555252008466],[-149.53998638927004,61.08951925695746],[-149.5399489367962,61.089786876318165],[-149.53939209626404,61.08976887527565],[-149.53935463851425,61.09003649448027],[-149.5343430601702,61.089874382759426],[-149.5343055599613,61.0901420005967],[-149.5326350312198,61.09008792251188],[-149.53259751643844,61.090355539889764],[-149.5309269794154,61.09030144115531],[-149.53088945006124,61.090569058073584],[-149.5297757525634,61.09053298072787],[-149.52973821328402,61.090800597338024],[-149.52918136083147,61.09078255514773],[-149.52914381627454,61.091050171601324],[-149.52803010396238,61.0910140801855],[-149.52799254947973,61.09128169633087],[-149.5268788303907,61.09124559563594],[-149.52684126598206,61.091513211472964],[-149.52628440273438,61.09149515760786],[-149.52624683304765,61.09176277328821],[-149.52513309914625,61.09172665852256],[-149.52509551953307,61.09199427389451],[-149.52453864887948,61.09197621299391],[-149.52446347846586,61.09251144341943],[-149.52390659914602,61.092493379971216],[-149.52386900834532,61.09276099502483],[-149.52331212500752,61.092742929180766],[-149.52319933487718,61.09354577385661],[-149.52264243822438,61.093527705312916],[-149.522567232354,61.09406293476868],[-149.52201032703445,61.09404486367707],[-149.52197271850446,61.09431247824574],[-149.52141580916685,61.0942944047581],[-149.52137819535724,61.09456201917002],[-149.52082128200163,61.094543943286254],[-149.52078366291227,61.094811557541405],[-149.52022674553868,61.094793479261554],[-149.52015149616898,61.09532870745325],[-149.51959457012842,61.09531062662532],[-149.5195193089361,61.09584585449366],[-149.51896237422838,61.095827771117406],[-149.51888710121287,61.096362998662386],[-149.51833015783782,61.0963449127379],[-149.51821722963152,61.097147753562965],[-149.5176602729394,61.09712966493806],[-149.51750967455905,61.09820011869583],[-149.51695269989955,61.09818202721817],[-149.5168773876203,61.09871725376415],[-149.51632040429254,61.09869915973786],[-149.51579308247835,61.102445742896585],[-149.5152360346748,61.10242764449557],[-149.5150853299462,61.103498096047936],[-149.51341413451357,61.103443785550304],[-149.51337644279707,61.10371139796999],[-149.512819374266,61.10369328982901],[-149.51278167726574,61.10396090209169],[-149.51222460471567,61.103942791553656],[-149.51218690243144,61.10421040365942],[-149.5116298258624,61.10419229072425],[-149.51159211829412,61.104459902673035],[-149.5110350377061,61.10444178734078],[-149.51099732485358,61.104709399132574],[-149.51044024024668,61.1046912814031],[-149.51036480334,61.10522650466788],[-149.50980771006246,61.10520838438892],[-149.50969453600052,61.10601121879391],[-149.50913742940025,61.105993095812856],[-149.5089110362731,61.1075987635831],[-149.50835390239254,61.107580637442524],[-149.50831616333636,61.10784824856894],[-149.50775902543654,61.10783012003089],[-149.5077212810946,61.10809773100025],[-149.5071641391755,61.108079600064656],[-149.50708863928642,61.108614821684476],[-149.50653148869543,61.10859668819884],[-149.50649373314803,61.10886429884933],[-149.5059365785378,61.10884616296613],[-149.5058988177041,61.109113773459484],[-149.50534165907465,61.109095635178655],[-149.5052661262006,61.10963085584648],[-149.50470895889904,61.1096127150153],[-149.5045578669338,61.110683155685756],[-149.5040006816536,61.110665011999046],[-149.50392512256124,61.11120023200163],[-149.50336792860827,61.111182085764476],[-149.5032545712545,61.11198491527621],[-149.50269736397507,61.11196676633585],[-149.50247060422367,61.1135724243211],[-149.50191336965537,61.11355427221926],[-149.50187556948956,61.113821881714955],[-149.50131833090148,61.11380372721492],[-149.50128052544716,61.11407133655344],[-149.50072328283937,61.11405317965522],[-149.50068547209636,61.11432078883645],[-149.49957097947598,61.114284467998274],[-149.4995331587899,61.11455207686953],[-149.49897590877742,61.11453391292948],[-149.49890025619231,61.1150691303527],[-149.49834299750594,61.115050963861535],[-149.49807816087755,61.116924223632196],[-149.4975208702432,61.116906053825396],[-149.49740734534106,61.117708878916005],[-149.49685004137658,61.11769070640495],[-149.49673649679238,61.11849353099696],[-149.49729381472272,61.118511703966725],[-149.49695318856638,61.1209201788812],[-149.49751054903393,61.12093835098139],[-149.4973970095153,61.12174117633297],[-149.49795438458685,61.121759346645945],[-149.49791654146654,61.122026955240756],[-149.4984739218297,61.12204512346063],[-149.4983982429964,61.12258034094302],[-149.49895563330784,61.12259850722263],[-149.4988799612472,61.12313372499348],[-149.49943736150726,61.12315188933294],[-149.49936169621984,61.12368710739236],[-149.49991910642876,61.12370526979131],[-149.49972995538164,61.12504331562936],[-149.50028738951153,61.12506147654646],[-149.50017390523473,61.12586430445685],[-149.50073135397216,61.12588246358633],[-149.50065570392772,61.126417682477744],[-149.5012131626156,61.126435839666556],[-149.50113751934688,61.1269710588468],[-149.50280992716733,61.12702551785223],[-149.5027721185546,61.12729312789447],[-149.50500202316692,61.127365709063625],[-149.50496423255208,61.12763331971263],[-149.50552171494968,61.12765145954163],[-149.50555950090634,61.12738384873998],[-149.50723193793047,61.12743825429059],[-149.5072697092783,61.127170643026766],[-149.50894213803508,61.12722502790201],[-149.50897989477437,61.12695741617623],[-149.51065231526167,61.12701178037626],[-149.51061457249688,61.12727939255961],[-149.5122870126616,61.127333736999596],[-149.51224928323808,61.12760134963621],[-149.51280676921826,61.127619460109116],[-149.51276904381967,61.127887072894055],[-149.51444151953547,61.12794139129141],[-149.51440380747906,61.128209004529495],[-149.51551880377258,61.128245205866676],[-149.51544339639494,61.12878043293994],[-149.5165584138553,61.1288166259006],[-149.51652071853457,61.12908423973571],[-149.52098085095656,61.12922892293405],[-149.52094319227476,61.12949653798314],[-149.522615766345,61.12955075757024],[-149.52257812100834,61.12981837307166],[-149.5231356516218,61.12983644192623],[-149.5230980103123,61.13010405757574],[-149.5242130827538,61.13014018884912],[-149.524175450131,61.13040780479882],[-149.52529053441867,61.13044392738958],[-149.52525291048292,61.130711543639414],[-149.52581045823388,61.130729601716745],[-149.52577283832596,61.13099721811455],[-149.52633039136813,61.13101527409722],[-149.5262927754882,61.131282890643014],[-149.52685033382167,61.131300944530906],[-149.52681272196986,61.13156856122478],[-149.52737028559466,61.13158661301783],[-149.52733267777114,61.13185422985967],[-149.52789024668726,61.131872279557946],[-149.5278150384657,61.132407513533636],[-149.52837261733322,61.13242556128901],[-149.52833501693536,61.13269317842293],[-149.52889260109438,61.132711224083366],[-149.52885500472536,61.132978841365194],[-149.5294125941759,61.13299688493072],[-149.52922462616277,61.13433497204098],[-149.53368555090665,61.13447924574991],[-149.53372310848644,61.13421162712083],[-149.5348383366595,61.134247672774485],[-149.53480078840124,61.13451529170695],[-149.5353584080944,61.13453331131498],[-149.53532086386645,61.13480093039531],[-149.53810899509233,61.134890995488135],[-149.53807147353882,61.13515861532302],[-149.53918673976253,61.13519462593386],[-149.53914922690112,61.135462246068116],[-149.54249506865594,61.13557022487956],[-149.54253255355027,61.13530260383602],[-149.5442054689434,61.13535656245098],[-149.5441679980328,61.135624183948856],[-149.54584093307324,61.13567812279385],[-149.54580347551754,61.135945744742116],[-149.5469187780127,61.13598169303902],[-149.5468813291509,61.136249315286264],[-149.5479966434847,61.13628525489705],[-149.5479592033172,61.13655287744311],[-149.5490745294894,61.13658880836766],[-149.5490370980165,61.13685643121254],[-149.5501524360267,61.13689235345051],[-149.5501150132488,61.137159976594205],[-149.55067268785857,61.13717793449349],[-149.55063526911408,61.13744555778464],[-149.55119294901417,61.137463513587896],[-149.55115553430326,61.13773113702658],[-149.55227090531255,61.13776704219351],[-149.5522334992975,61.13803466593081],[-149.55279119040668,61.13805261529439],[-149.55275378842563,61.13832023917914],[-149.55331148482517,61.13833818644655],[-149.55327408687822,61.1386058104788],[-149.55383178856823,61.138623755649945],[-149.55371960494608,61.13942662817779],[-149.55427732125162,61.13944457155489],[-149.55416514596484,61.14024744450306],[-149.55472287688667,61.14026538608605],[-149.55464809954776,61.140800635002144],[-149.55520584042347,61.140818574639816],[-149.5548693532804,61.14322719594344],[-149.55542713675462,61.14324513469325],[-149.55535236425314,61.14378038413463],[-149.55591015768303,61.14379832093889],[-149.55587277515423,61.144065945805266],[-149.55754617320338,61.1441197431846],[-149.55750880403878,61.14438736850075],[-149.55806660930818,61.144405296615886],[-149.55802924418003,61.144672922079415],[-149.56193393128606,61.144798357002735],[-149.56189659818045,61.14506598351945],[-149.56245441779777,61.14508389395362],[-149.562491746239,61.144816267286146],[-149.5641651948599,61.144869984648565],[-149.56412788041192,61.14513761176867],[-149.5646857025371,61.14515551321118],[-149.5646483921268,61.14542314047857],[-149.56520621954328,61.14544103982403],[-149.5651689131708,61.145708667238694],[-149.56572674587866,61.1457265644869],[-149.56565214058293,61.14626181960744],[-149.56620998324695,61.146279714909234],[-149.56613538477436,61.1468149703175],[-149.56669323739487,61.146832863672735],[-149.56665594188368,61.147100491522494],[-149.5672137997958,61.147118382780434],[-149.56710192349837,61.14792126676129],[-149.56765979603273,61.147939156223366],[-149.5675852180326,61.14847441249493],[-149.56814310052434,61.14849230001029],[-149.5680312428223,61.14929518484436],[-149.5685891399374,61.14931307056368],[-149.5685145743354,61.14984832740425],[-149.56907248140865,61.14986621117665],[-149.56899792263306,61.15040146830526],[-149.56955583966473,61.150419350130676],[-149.569481287716,61.150954607547206],[-149.57003921470638,61.150972487425626],[-149.57000194245887,61.15124011627958],[-149.57055987474186,61.151257994060316],[-149.5705226065345,61.1515256230616],[-149.57163848231184,61.151561372179096],[-149.5716012228113,61.151829001478355],[-149.57215916630562,61.15184687281516],[-149.57212191084568,61.15211450226165],[-149.57267985963261,61.15213237150053],[-149.57264260821339,61.15240000109439],[-149.573200562293,61.15241786823539],[-149.5731633149146,61.152685497976435],[-149.5737212742869,61.152703363019604],[-149.57368403094955,61.15297099290797],[-149.5753579268218,61.15302457499776],[-149.57532069685965,61.15329220533445],[-149.5764366399033,61.153327915785965],[-149.5763621967709,61.153863177051484],[-149.57747816098512,61.153898879110585],[-149.57744094781535,61.15416651003937],[-149.57799893552783,61.154184357846404],[-149.57796172640013,61.15445198892243],[-149.57963570729117,61.154505519303044],[-149.57959851154078,61.154773150826905],[-149.58015651108886,61.154790989940125],[-149.58011931938105,61.15505862161118],[-149.58123532968742,61.15509429339232],[-149.5811981466901,61.15536192536081],[-149.58175615744835,61.155379758028666],[-149.581718978494,61.15564739014427],[-149.58227699454486,61.15566522071367],[-149.58223981963366,61.15593285297636],[-149.5827978409772,61.15595068144723],[-149.58276067010928,61.15621831385708],[-149.58387672400636,61.15625396435309],[-149.58383956185006,61.15652159706022],[-149.58439759440355,61.156539419085306],[-149.5843604362909,61.156807051939495],[-149.5849184741371,61.15682487186582],[-149.58484416537516,61.15736013786541],[-149.5854022131825,61.1573779558433],[-149.58536506253338,61.157645588988615],[-149.58648116935808,61.15768121849809],[-149.5864440274218,61.157948851940596],[-149.5870020864391,61.15796666347212],[-149.5869649485473,61.15823429706167],[-149.58752301285747,61.158252106494366],[-149.5874858790103,61.15851974023094],[-149.5886020188404,61.15855535264975],[-149.58856489370692,61.15882298668347],[-149.58912296922685,61.158840789669455],[-149.58908584813838,61.159108423850114],[-149.5896439289512,61.159126224737186],[-149.58960681190794,61.159393859064856],[-149.59016489801365,61.15941165785293],[-149.58997932678628,61.16074983019615],[-149.58942121733386,61.16073203065795],[-149.58934697513698,61.16126729927404],[-149.5899050939286,61.1612850991124],[-149.58983085857545,61.16182036801667],[-149.5903889873305,61.16183816590597],[-149.59031475882165,61.16237343509841],[-149.5908728975404,61.16239123103852],[-149.59072445171716,61.16346176998796],[-149.59128260974046,61.16347956427882],[-149.5911712828342,61.16428246891013],[-149.59172945549278,61.16430026140169],[-149.59169234994707,61.164567896422945],[-149.5922505279,61.16458568681511],[-149.59217632427894,61.16512095714894],[-149.59273451219713,61.16513874559172],[-149.59269741412197,61.165406380904194],[-149.59325560733467,61.165424167247416],[-149.59321851330688,61.16569180270714],[-149.59377671181417,61.16570958695075],[-149.59370253123012,61.16624485816129],[-149.5942607397032,61.16626264045534],[-149.59422365314717,61.16653027620631],[-149.59478186691499,61.16654805640075],[-149.59474478440686,61.166815692298705],[-149.5953030034694,61.16683347039353],[-149.59526592500933,61.16710110643856],[-149.5958241493667,61.16711888243359],[-149.5957870749548,61.16738651862578],[-149.59634530460698,61.16740429252113],[-149.59630823424348,61.16767192886026],[-149.59686646919053,61.167689700655814],[-149.59682940287553,61.16795733714201],[-149.5973876431175,61.16797510683775],[-149.59690578504993,61.17145438285378],[-149.59746408665495,61.17147215224775],[-149.59731582013623,61.172542699220536],[-149.59787414105642,61.17256046696393],[-149.59776294864295,61.17336337761471],[-149.59832128420615,61.173381143557776],[-149.59824716216133,61.173916417611245],[-149.59880550769464,61.173934181603805],[-149.59869433397452,61.17473709311369],[-149.59925269415203,61.1747548553056],[-149.59921563967288,61.17502249262013],[-149.60033237124483,61.175058010553],[-149.6002953254905,61.17532564816444],[-149.60141206890216,61.175361157396075],[-149.60133799422104,61.17589643321023],[-149.60189637620934,61.17591418475013],[-149.60145193189675,61.179125841215416],[-149.60201037060406,61.17914359230195],[-149.60182518237724,61.18048178313679],[-149.60238364508425,61.180499532721576],[-149.60219846466276,61.181837724242975],[-149.60275695137145,61.181855472325886],[-149.60268288419448,61.1823907492167],[-149.60324138087816,61.18240849534838],[-149.60309325775455,61.18347904969979],[-149.60365177376627,61.183496794179625],[-149.6035036593831,61.184567349091324],[-149.60406219472418,61.18458509191916],[-149.60402516924813,61.18485273079087],[-149.60458370988883,61.184870471517506],[-149.60454668846688,61.18513811053658],[-149.60510523440726,61.185155849161944],[-149.60503119904922,61.18569112749229],[-149.6055897549664,61.18570886416616],[-149.60555274103055,61.18597650347744],[-149.60611130224754,61.185994238050064],[-149.6060372818626,61.18652951696492],[-149.60659585305683,61.18654724958573],[-149.60652183953653,61.18708252879058],[-149.6070804207083,61.18710025945968],[-149.60704341769195,61.18736789920832],[-149.60760200416382,61.18738562777591],[-149.60756500520276,61.18765326767185],[-149.60812359697474,61.18767099413792],[-149.60808660206908,61.18793863418118],[-149.61311399811353,61.188098072420935],[-149.61307704468726,61.188365713807414],[-149.61531147780772,61.18843651731449],[-149.6152745424724,61.188704159296336],[-149.61583315698425,61.1887218546945],[-149.61579622570582,61.18898949682349],[-149.61691346594995,61.18902488116454],[-149.61687654340696,61.18929252358994],[-149.61743516913916,61.18931021253291],[-149.61739825065348,61.18957785510541],[-149.61795688168527,61.1895955419464],[-149.61791996725702,61.18986318466593],[-149.61847860358844,61.189880869404874],[-149.61844169321782,61.190148512271485],[-149.61900033484883,61.19016619490838],[-149.618963428536,61.19043383792202],[-149.6195220754667,61.190451518456825],[-149.61944827033605,61.19098680477603],[-149.62000692724536,61.191004483357936],[-149.61997002842776,61.191272126663534],[-149.62052869063692,61.19128980314315],[-149.6204549004976,61.1918250900463],[-149.62101357268577,61.19184276457283],[-149.62093978942207,61.19237805176588],[-149.62149847158963,61.192395724339285],[-149.62138780607728,61.19319865556046],[-149.6219465029041,61.19321632632989],[-149.621835845845,61.19401925797965],[-149.6223945573318,61.19403692694489],[-149.62232079221585,61.19457221499927],[-149.62287951368327,61.19458988201125],[-149.62284263487447,61.19485752618444],[-149.62340136164258,61.19487519109389],[-149.62336448689348,61.19514283541425],[-149.6239232189623,61.19516049822096],[-149.62388634827303,61.195428142688385],[-149.62444508564255,61.19544580339249],[-149.62440821901328,61.19571344800701],[-149.62496696168353,61.19573110660846],[-149.62493009911444,61.195998751369935],[-149.6243713517637,61.19598109261939],[-149.6240763914323,61.198122249446364],[-149.62351760725522,61.19810458725108],[-149.62348072974055,61.19837223169636],[-149.62292194150288,61.19835456710012],[-149.62281129119134,61.19915749997663],[-149.62225248953038,61.199139832680856],[-149.62206803652188,61.20047805335691],[-149.62262686159096,61.20049572139859],[-149.62258997380857,61.20076336567721],[-149.62314880418032,61.20078103161605],[-149.62307503611711,61.20131632046584],[-149.6236338764736,61.20133398445077],[-149.6235601152917,61.201869273591285],[-149.6241189656332,61.20188693562245],[-149.6240820887935,61.202154580338956],[-149.62464094443797,61.202172240267075],[-149.62460407165997,61.202439885130886],[-149.62516293260742,61.20245754295581],[-149.62512606389134,61.20272518796693],[-149.6256849301418,61.20274284368872],[-149.62564806548778,61.203010488847],[-149.62676580921513,61.20304579383201],[-149.62672895330599,61.20331343928655],[-149.62728783078288,61.203331088549646],[-149.62717727338207,61.2041340253496],[-149.62773616552784,61.204151672807434],[-149.62766246685868,61.20468696429642],[-149.6282213689908,61.20470460979991],[-149.62792658697097,61.20684577687627],[-149.62848552719123,61.206863421319575],[-149.62844868133146,61.20713106734512],[-149.62900762685578,61.20714870968493],[-149.6289707850597,61.20741635585777],[-149.62889709960706,61.20795164819839],[-149.62833814003068,61.207934005411595],[-149.62830129168992,61.20820165143022],[-149.6271833650298,61.20816635880058],[-149.62714650670026,61.2084340045195],[-149.62658753961665,61.20841635467656],[-149.62655067598237,61.20868400024461],[-149.62599170483503,61.20866634799996],[-149.62595483589587,61.20893399341716],[-149.6253958606848,61.20891633877057],[-149.62535898644057,61.209183984037026],[-149.62480000716587,61.20916632698864],[-149.62476312761643,61.209433972104094],[-149.62532211157563,61.20945162930171],[-149.6252852360899,61.209719274564605],[-149.6258442253544,61.20973692965851],[-149.62573360922664,61.21053986588463],[-149.62629261316607,61.21055751917312],[-149.62621887534706,61.211092810280455],[-149.626777889277,61.21111046161438],[-149.62670415834543,61.211645753013265],[-149.62726318226626,61.21166340239244],[-149.62722632055474,61.21193104823857],[-149.62778534978136,61.211948695513996],[-149.62767477497945,61.212751633489646],[-149.62823381888288,61.21276927895939],[-149.62816010861673,61.213304571233344],[-149.62871916251189,61.21332221474815],[-149.62857175327684,61.21439279987293],[-149.629130826536,61.21441044173098],[-149.62898342611786,61.21548102742692],[-149.62954251874223,61.215498667628026],[-149.62946882418325,61.216033960764804],[-149.63002792680098,61.21605159901076],[-149.6299173943692,61.21685453915161],[-149.6304765116673,61.216872175591334],[-149.6304028296512,61.21740746930915],[-149.6309619569434,61.217425103793666],[-149.63088828181998,61.21796039780343],[-149.63144741910656,61.217978030332574],[-149.63137375087632,61.218513324634465],[-149.6319328981576,61.21853095520827],[-149.63189606779946,61.218798602505984],[-149.6324552203883,61.2188162309753],[-149.63241839409739,61.21908387842053],[-149.63297755199375,61.21910150478534],[-149.6329407297703,61.21936915237817],[-149.63349989297427,61.219386776638515],[-149.63342625604238,61.21992207211758],[-149.6339854292417,61.21993969442223],[-149.63394861453355,61.22020734230855],[-149.63450779304065,61.22022496250866],[-149.63447098240044,61.220492610542465],[-149.63503016621536,61.22051022863783],[-149.6349565524512,61.221045524999155],[-149.63551574626203,61.22106314113873],[-149.63547894313837,61.22133078946612],[-149.63603814225712,61.221348403500976],[-149.63596454352697,61.22188370044954],[-149.63652375264206,61.22190131252841],[-149.63648695703583,61.2221689611495],[-149.63704617145902,61.222186571123565],[-149.63693579498792,61.22298951742507],[-149.63749502409658,61.22300712559196],[-149.637458235389,61.223274774505285],[-149.63801746980602,61.223292380567145],[-149.63783354041936,61.22463062585826]]]},"id":"globalwatershed","properties":{}}],"bbox":[-149.63801746980602,61.05034882445838,-149.17717739564296,61.26186127705123]}